lat_t,lon_t,speed_t,heading_t,lat_t5,lon_t5,speed_t5,heading_t5,lat_t10,lon_t10,speed_t10,heading_t10,label_lat_t30,label_lon_t30,label_anomaly_score,category
32.15201032902817,8.754347460947214,16.837654569968148,81.91404461114792,32.15122087567781,8.748790708477511,16.837654569968148,86.04465628485376,32.150833727755625,8.743191525404214,16.837654569968148,82.12286060780531,32.16165988115079,8.786481550245913,0.162,normal
36.82931598428654,10.649739477962976,9.865753997741379,121.35572055347262,36.831027198769476,10.64693118059655,9.865753997741379,125.42826211967115,36.83293353597819,10.644251503834035,9.865753997741379,127.06231666854488,36.81851280980772,10.666202837338087,0.124,normal
35.46651082000225,10.669185778047906,1.297643964780414,304.65444426697957,35.46594219434339,10.670008374461762,1.297643964780414,326.03117335809713,35.46511285264915,10.670567116221601,1.297643964780414,359.64781520420695,35.46478916418308,10.663693066206966,0.751,degassing
32.99608191666513,9.207322878062055,15.679997118249114,2.072565378717627,32.990858670112445,9.207133854642914,15.679997118249114,358.64404617681953,32.98563346799488,9.207257536629179,15.679997118249114,356.7979036669208,33.02728976838632,9.205837727626383,0.079,normal
34.75337293447334,8.694820824097443,2.464788469571028,108.39794135775026,34.753688549416886,8.693871936745113,2.464788469571028,76.5721106695521,34.75345632803185,8.6928992737879,2.464788469571028,69.80523145166886,34.75318539527084,8.700304535100862,0.719,degassing
37.99456455315968,9.876824600602413,18.329356426813977,348.72734804419844,37.98857263720992,9.878018929622801,18.329356426813977,346.9102443539327,37.98262160548914,9.879402656480309,18.329356426813977,344.70302616033075,38.030083853736535,9.86787425753,0.036,normal
37.22076788086466,8.84121357533962,2.631395740033603,226.40014605131483,37.22145749856243,8.841937748958948,2.631395740033603,223.24982364174477,37.22218587164132,8.842622929707321,2.631395740033603,202.24895963573266,37.216363521436975,8.838663599690669,0.963,degassing
32.51654035834077,9.688211892243094,3.1621075784003105,14.477168401056645,32.51557211100419,9.687961898052746,3.1621075784003105,16.45457815315814,32.51461306641441,9.68767864291189,3.1621075784003105,46.183260993177115,32.52227616864095,9.689474039373156,0.895,degassing
35.10774513983138,8.0563470038155,12.057026745769464,76.27744968641436,35.106791748497606,8.052442714171328,12.057026745769464,79.07527584189876,35.10603006931121,8.048496541661423,12.057026745769464,81.77412851593299,35.11447372982288,8.07948144486636,0.187,normal
34.83885294654107,11.020899160444971,10.284918972342533,285.21452539254284,34.83795324302569,11.024207304612986,10.284918972342533,285.97873916234363,34.83700949666696,11.027503154588691,10.284918972342533,286.66822733827985,34.845498033210546,11.001456139411962,0.09,normal
33.683316201609124,8.618467804333568,13.317568940641483,331.9982432067302,33.6793966936995,8.620551997814845,13.317568940641483,336.4923599114814,33.6753259261844,8.622322663384333,13.317568940641483,335.9891067869829,33.709002089467326,8.611900867464259,0.076,normal
33.589350565026244,11.026200643890158,1.9805262009655702,244.483704542732,33.58978133280936,11.027103106696611,1.9805262009655702,240.02223867028255,33.59028099663432,11.027969326104165,1.9805262009655702,200.38842351086544,33.58736835220815,11.02082614902023,0.956,degassing
37.77091724496638,7.874276868505401,15.140421277400332,62.20001657858182,37.76856348285383,7.869812558284761,15.140421277400332,66.00115043911057,37.76651085405295,7.865202029374278,15.140421277400332,68.64911148910126,37.783672160557934,7.901736500127195,0.048,normal
36.02406458475643,8.86587347541743,17.022373908972824,114.1166214375293,36.026383005160845,8.860694612876587,17.022373908972824,109.13207702898488,36.02824268179069,8.855333895273416,17.022373908972824,109.54922180279902,36.00996118771929,8.896800297461587,0.141,normal
37.94115547988248,10.443936593457972,17.805249621385542,6.833293285708452,37.935262556309844,10.443230431689964,17.805249621385542,2.4439932464374134,37.92933287175931,10.442977343154677,17.805249621385542,0.8101060967766402,37.97666073584571,10.442095784188634,0.098,normal
37.07471138584908,7.9175463174410154,1.4683807839028808,145.42954127564462,37.07553481488418,7.916978898174379,1.4683807839028808,134.46047109153426,37.076235231903375,7.916265164330976,1.4683807839028808,112.77093324996407,37.071691267294554,7.921916471032986,0.875,degassing
32.779702354121326,8.878108278055867,17.5534676586565,328.3303735160037,32.7747224964808,8.88118025512038,17.5534676586565,331.2296081326062,32.76959363352682,8.883996420954302,17.5534676586565,327.2403617673414,32.80884735527011,8.858592400723415,0.162,normal
32.14596686180638,10.814950100697617,3.7578556011691395,197.7506471716589,32.146919254162434,10.815254975754199,3.7578556011691395,172.89070184570778,32.14791156602878,10.815131213240079,3.7578556011691395,143.76557957568542,32.140572170729534,10.813189916295569,0.768,degassing
33.17126459784476,8.962068306560857,19.602669248580334,309.36991028779863,33.167119779313765,8.96711969752194,19.602669248580334,310.373126444198,33.1628871536936,8.972097744494008,19.602669248580334,308.95830905812176,33.199692470284475,8.93511032849548,0.146,normal
35.626537378218295,9.811770456099302,14.919056521959195,133.32234668601563,35.62994937713214,9.808152558947448,14.919056521959195,138.30543390382934,35.63366273661147,9.804844708018706,14.919056521959195,136.21758106548762,35.6033997827315,9.830564674179474,0.17,normal
33.79179904878145,8.899634269311647,12.828804644692696,140.45534045649816,33.79509660130653,8.896911657111929,12.828804644692696,141.25087711876907,33.79843163750777,8.894235091517325,12.828804644692696,144.97799912817754,33.76982238739665,8.912830596926856,0.131,normal
34.63447278205978,8.465008649828173,18.81416990993905,165.85214385785704,34.64055394947237,8.463475765274268,18.81416990993905,170.00418849060583,34.64673014253071,8.462387201329577,18.81416990993905,173.30727452862527,34.5976117188182,8.472352434501984,0.095,normal
32.43528753810519,9.362552892036366,1.1805233285889827,221.4928057919274,32.43603657702039,9.363215418038518,1.1805233285889827,241.9740506256523,32.43650644842376,9.36409815291621,1.1805233285889827,242.42387710481734,32.43049251216305,9.359362281109961,0.775,degassing
34.7393477064397,11.103773699598637,3.957623585732568,315.28141194892817,34.738637135200435,11.104477324863907,3.957623585732568,283.9673378840932,34.738395766472316,11.105447758342867,3.957623585732568,247.9641692086407,34.744743089075236,11.103637907340154,0.891,degassing
35.12904567232642,10.323007096807233,0.7711917385265754,49.027306999441734,35.12838997306429,10.322252074636939,0.7711917385265754,63.45054152594075,35.12794300289834,10.321357525772562,0.7711917385265754,81.71333295936599,35.13436097950606,10.325061814293186,0.826,degassing
35.504390613883096,10.627071236140328,3.179581016413243,247.46640484409872,35.50477383896279,10.627994891129104,3.179581016413243,259.32570063035274,35.50495906479811,10.628977587109523,3.179581016413243,298.8540139436333,35.508453836213384,10.623712683271245,0.709,degassing
36.08266558962036,9.330556345579147,13.608681790787722,52.1846153348668,36.07988434159631,9.326972769541767,13.608681790787722,56.91495081581542,36.07740809067356,9.323172040775523,13.608681790787722,55.69238120607478,36.1008751085486,9.350740515205324,0.152,normal
36.51238150993819,11.252628116567548,8.982874793139711,91.40485307647454,36.51245492055095,11.249634725003775,8.982874793139711,86.40577479138244,36.51226720862337,11.24664632302205,8.982874793139711,86.01158431215711,36.51070035926656,11.270464548303414,0.134,normal
33.30909785856792,10.637668954624283,10.013469720413628,275.7803755804978,33.308761687918086,10.640989805912222,10.013469720413628,279.6350468667088,33.30820303032513,10.644280545293613,10.013469720413628,277.15579034715597,33.311716988134776,10.617853737710266,0.138,normal
32.620434952981604,10.96395756249011,15.20493937780213,309.98091370139673,32.61717839763423,10.967841200631334,15.20493937780213,307.15456023778654,32.61411730265534,10.971880692613343,15.20493937780213,302.31611672263983,32.63876405093647,10.939701466092199,0.166,normal
34.624020843349435,10.80029172613334,11.240988756648811,350.86923953709,34.6203213262088,10.800886330068984,11.240988756648811,351.03426449825804,34.616620111820154,10.80147027609677,11.240988756648811,350.6525354337755,34.64630619880478,10.797467697194987,0.076,normal
37.109375753402446,8.335452362128049,17.573988281937158,80.58157179725315,37.108417131779056,8.329673334284177,17.573988281937158,78.56973429393113,37.10725622265612,8.323931522005344,17.573988281937158,74.76653449634888,37.117938677932266,8.369522369035183,0.159,normal
33.32447399647376,10.627124070839344,14.978667023988406,109.5310331729369,33.3261432060163,10.622418469905426,14.978667023988406,110.27599504588476,33.32787345514429,10.617734969227383,14.978667023988406,109.96677573442707,33.314572118727305,10.655355980827702,0.037,normal
34.91902820442764,10.757112149765343,14.295642429303294,342.35495213246867,34.9144871810306,10.758556577796488,14.295642429303294,345.41377635155794,34.90987555092709,10.759756633469367,14.295642429303294,349.40851527065,34.94466638940821,10.744567369019906,0.098,normal
35.44200360390077,9.613906978519138,1.1452728463652861,156.1823274263532,35.442918439053734,9.61350315102762,1.1452728463652861,157.9639924450982,35.44384538730356,9.613127961819165,1.1452728463652861,122.67890470364992,35.438020625445354,9.617024112296603,0.929,degassing
36.731336308136896,8.512904279371869,13.40617357866505,196.05530195000148,36.73563073096894,8.51414017234088,13.40617357866505,191.1549893453335,36.740015029849204,8.515004708181548,13.40617357866505,187.5533226870717,36.70588220981004,8.504607537237087,0.015,normal
34.699670129555386,10.182392245703534,10.77771481467231,108.49309119496787,34.70080965843456,10.178985187636844,10.77771481467231,108.95277793089744,34.70197648533258,10.175587381620263,10.77771481467231,106.92290234996027,34.689679384190455,10.201418353760427,0.165,normal
32.99440852235875,8.869470975587092,14.830484591829109,265.6412023219908,32.99478423791268,8.874400172204428,14.830484591829109,263.7544224098699,32.995322041448986,8.879314326132235,14.830484591829109,267.5108858281228,32.99396167706615,8.83986194284057,0.192,normal
35.45353109358324,11.776824762689309,2.8529855450613373,325.1269924378207,35.45271067225651,11.777396522120059,2.8529855450613373,304.62548600481614,35.45214246242449,11.778219405821925,2.8529855450613373,341.40695215324683,35.45916062121948,11.775463354462639,0.901,degassing
33.9768821478584,10.623818043463379,3.808177388471237,129.2374905150429,33.97751468409742,10.623043512698125,3.808177388471237,132.85141782690454,33.9781947835848,10.622310392866668,3.808177388471237,128.8436891091619,33.97325657061978,10.628063855649312,0.809,degassing
35.751458956498105,10.922766900536363,2.422268736798661,118.40407660921846,35.75193464329319,10.921887285806505,2.422268736798661,102.54407427944469,35.75215183385022,10.92091115658251,2.422268736798661,107.49478667365442,35.7498487434604,10.928199610828868,0.838,degassing
36.990303198382506,9.728841207060894,14.106464180834141,263.86113210597824,36.990806040125236,9.73351639788672,14.106464180834141,259.0586857799445,36.991698525333284,9.73813307734598,14.106464180834141,255.71144632417756,36.98721971396189,9.700831125935713,0.187,normal
36.917852104482364,8.786791824901847,15.043252668969933,108.85148690051446,36.91947234422449,8.782046384289302,15.043252668969933,112.36553271668657,36.92138040096096,8.777409175762662,15.043252668969933,112.46912925012957,36.90852396985112,8.815392028698117,0.155,normal
36.47405153094256,10.66233686264173,12.632945029891788,301.75975012189434,36.47183504443023,10.665917303148369,12.632945029891788,296.9515687352965,36.469926470956764,10.669670929924873,12.632945029891788,293.744093218201,36.486733646619186,10.640526068308528,0.082,normal
32.93813237223668,9.611241039530048,12.06273480861718,355.8563724418866,32.93412197108588,9.611531578215507,12.06273480861718,352.3387195183797,32.930136952073944,9.612067631937265,12.06273480861718,350.840352992587,32.962233852871655,9.61200647024734,0.184,normal
36.48174320924166,9.455623533121626,2.7181174007327695,76.26024126291375,36.48150569697446,9.454652148582461,2.7181174007327695,60.74014823945499,36.481016925718286,9.453779736604588,2.7181174007327695,65.24586410651852,36.48291941995916,9.461093393102212,0.724,degassing
35.71995171223408,8.581397009222005,1.0009120204497837,286.25476264269525,35.719671803418024,8.582357035812624,1.0009120204497837,305.8286259899629,35.71908644059416,8.583167807275144,1.0009120204497837,325.51043883687953,35.721493301377585,8.576068731397188,0.775,degassing
33.19260118118241,9.230317043183554,1.3302199567465112,225.1090352738203,33.193306941042465,9.231025494325083,1.3302199567465112,185.6936717836685,33.19430200757605,9.231124704172114,1.3302199567465112,179.7087173693769,33.19013974152611,9.225143946737363,0.971,degassing
36.783119085462545,10.243774095259363,15.639414536070703,132.0313840849577,36.78660947731883,10.239901889898112,15.639414536070703,129.8221003182506,36.78994800227024,10.235898009178248,15.639414536070703,128.04445573201698,36.75938459924655,10.264056080152077,0.059,normal
33.03520883857478,8.088537916390068,19.657874974536078,201.93491291191037,33.04128711120177,8.090985669676542,19.657874974536078,198.6301867162364,33.047496380166194,8.093078962108773,19.657874974536078,194.49531697141944,32.99938603182758,8.072457198496107,0.172,normal
37.88377365956146,11.841039514679773,12.389300592866796,288.06328116699126,37.882493154255165,11.84496574448888,12.389300592866796,287.6975580843007,37.88123773627214,11.848900067815865,12.389300592866796,292.5583715332917,37.893205686657474,11.818189304841805,0.112,normal
33.328020929535285,7.781592663224635,3.682856734497622,244.60896992711187,33.32844972324199,7.782496065658266,3.682856734497622,273.4268089265342,33.32838994979448,7.7834942776272245,3.682856734497622,280.76314046290116,33.326668472982114,7.776034294618032,0.826,degassing
32.938326396534215,9.375163808220982,13.872164453475374,34.571325475128326,32.934518855229356,9.372539972827894,13.872164453475374,39.24416260657786,32.93093772313945,9.369614673541859,13.872164453475374,34.728947352767264,32.96058445089568,9.391669896255202,0.038,normal
37.07972979178962,9.533018912067192,15.700453606798611,237.64972574941743,37.082530197019594,9.537440121283263,15.700453606798611,234.78177984487127,37.085548306418616,9.541715676924332,15.700453606798611,239.56820529750755,37.05983539317282,9.508766980440186,0.18,normal
37.15847801799059,8.158603766293574,11.007850360737486,40.41051645248633,37.15568415462554,8.156225117820142,11.007850360737486,45.152714954624344,37.15309650414717,8.153623636306751,11.007850360737486,43.54213852865118,37.1767895418973,8.170732006697472,0.156,normal
32.66257645223673,9.765170618049224,8.52038044279006,347.06622265377126,32.65980838110665,9.76580630865,8.52038044279006,346.8517105066404,32.6570427093607,9.766452358272527,8.52038044279006,343.18190142904206,32.67920269593943,9.76147322427121,0.122,normal
33.63909222259428,10.344308926554199,11.902225319824016,202.19731636608702,33.64276559957553,10.34580780322788,11.902225319824016,202.6601621903323,33.64642674863135,10.347336304886499,11.902225319824016,202.35459381601905,33.61737492974971,10.334652579460148,0.068,normal
34.481904187213004,7.93551469878684,15.981294356723707,153.13429209333134,34.486656321811594,7.9331073784663735,15.981294356723707,148.9044417359875,34.49121795388744,7.930356108364574,15.981294356723707,152.37805248830026,34.454778351613164,7.952361555809762,0.024,normal
36.004294930161656,10.865001971083956,16.65272814495379,316.7177226151564,36.0002539521793,10.868807636848235,16.65272814495379,318.2012607582249,35.996115801046706,10.872507407133956,16.65272814495379,317.19715984597815,36.0274243950836,10.84108351286097,0.169,normal
36.91092184985252,10.258157570972783,0.5918884100875419,273.45112346743605,36.91086165280039,10.259155757485873,0.5918884100875419,292.0553054551072,36.910486151406026,10.260082579314936,0.5918884100875419,265.6984422583342,36.90786967943198,10.253470663532921,0.709,degassing
33.28331120358494,9.399177156041846,12.440637109724047,128.3828048801979,33.28588605285079,9.395926501184423,12.440637109724047,127.70686931405395,33.288422374874926,9.39264569696383,12.440637109724047,124.93851311438654,33.27125799024927,9.420914129843952,0.151,normal
34.57310702769209,8.762339112881298,13.83959304037101,240.33318488793196,34.57539035519432,8.766347604911159,13.83959304037101,241.38055092705568,34.57760003011447,8.770397164094968,13.83959304037101,245.9263773010114,34.55645808142951,8.740374470637555,0.076,normal
35.00448209575336,11.24174054283695,8.864905959105894,284.4601487657452,35.00374422068802,11.244601902675972,8.864905959105894,289.27273339988875,35.00276888834483,11.247391269371255,8.864905959105894,293.8497107842608,35.011439024130716,11.22544844069413,0.124,normal
37.52052803887379,7.894278194050207,1.3516076618795678,304.702411786321,37.51995872474385,7.895100314127478,1.3516076618795678,313.0410760375744,37.51927620224278,7.895831178708319,1.3516076618795678,311.1240725975239,37.51888612971096,7.889218177097481,0.946,degassing
33.41753474752813,8.161947330949285,2.60839644845608,78.4474838176628,33.41733448149791,8.160967589392985,2.60839644845608,104.27579350188446,33.41758107109584,8.159998469395155,2.60839644845608,91.83507266038534,33.414190211123056,8.166255008658505,0.888,degassing
32.40698624089832,9.500895829612569,11.29608400983391,102.75452521113633,32.40781753653937,9.497223378993102,11.29608400983391,104.65044670507322,32.408769876588615,9.49358044138372,11.29608400983391,104.57707785217544,32.40287976215488,9.523090353134073,0.158,normal
34.69590449829641,11.143135162093321,1.6253436700814992,169.73058805268425,34.696888478649875,11.142956885162722,1.6253436700814992,204.7806920445962,34.69779639742693,11.14337603131179,1.6253436700814992,232.7118059089451,34.69040697656727,11.145065173213139,0.748,degassing
33.68882760993071,9.352000821135489,15.174630348595873,121.83661429103793,33.6914958097135,9.347703589526796,15.174630348595873,126.17749574824076,33.69448161383363,9.343620641653526,15.174630348595873,124.7044421785477,33.6736019163974,9.378217909657948,0.07,normal
36.18810291005425,9.262790694978312,3.783007698480163,212.44869424143127,36.18894678228917,9.263327239152755,3.783007698480163,189.1157376123478,36.1899341526169,9.263485668430102,3.783007698480163,198.9813931278438,36.18916685185985,9.25763863901004,0.754,degassing
37.6879667835598,9.697664705811833,9.650784238124952,76.78283911874593,37.687231257209255,9.694532992661571,9.650784238124952,80.77143148206699,37.6867153476171,9.691357703137669,9.650784238124952,77.32714759520816,37.69050741544015,9.716782791314424,0.154,normal
32.99183499764426,9.472138596972226,2.867270227659865,105.24164764399677,32.99209788821298,9.47117377131498,2.867270227659865,122.4474130389281,32.992634413517294,9.470329887082496,2.867270227659865,126.91151625450605,32.9885336146816,9.477079619435022,0.839,degassing
34.30860697631716,9.869757415166784,17.802694874974883,344.7531448575808,34.30288161920311,9.871317989066247,17.802694874974883,347.25311274169076,34.2970936408169,9.872627344319714,17.802694874974883,350.86912739565645,34.34357156535075,9.863212266563522,0.029,normal
37.66746160843548,8.50437900192796,12.195020937663788,153.2254184061277,37.671090788762996,8.502547791428999,12.195020937663788,153.20534725919532,37.67471932738089,8.500715309712977,12.195020937663788,157.67277838748458,37.64565551270384,8.515245008338825,0.166,normal
32.8253486143173,10.678090995281096,8.063014379667415,158.19765862351028,32.82784403838535,10.677092778572705,8.063014379667415,154.84802763068646,32.83027687462025,10.675950462622337,8.063014379667415,157.288788346316,32.81043881590505,10.684180742011176,0.022,normal
35.57769304813621,7.575161830421792,1.3467834704734767,160.54528816542972,35.57863595318296,7.574828768756609,1.3467834704734767,151.36052154335368,35.5795136061174,7.5743494720565705,1.3467834704734767,157.021410095087,35.57370011773913,7.579390859498008,0.817,degassing
35.81346158105762,11.922851761325877,8.194906773307371,94.97672929385206,35.813698553533676,11.920130423961975,8.194906773307371,92.64731907934565,35.81382472230776,11.91740170366795,8.194906773307371,94.19929414771174,35.81123620440933,11.939076369324335,0.139,normal
36.86976619512674,7.770502748071059,13.492154929368239,269.79573069872527,36.869782229043174,7.775000104465651,13.492154929368239,272.8010323615734,36.8695624518848,7.779492116222882,13.492154929368239,277.36296960498214,36.87028688073243,7.743570516155958,0.173,normal
32.76069864502424,9.146383870594919,16.919692466235453,327.7652045997319,32.75592802833414,9.149392135889018,16.919692466235453,323.0279687565788,32.75142214960733,9.152784111800315,16.919692466235453,324.16152107397187,32.79052320480729,9.130535054777981,0.064,normal
35.95496120153331,8.871470991552517,13.113392874596546,212.780455533692,35.95863623574172,8.873837615608158,13.113392874596546,217.3569039051907,35.96211072204807,8.876489922294944,13.113392874596546,218.84143406747077,35.934858790822254,8.854727952050682,0.136,normal
32.856058005099584,10.23118112644971,0.6217963802948971,258.2384858817378,32.85626184359488,10.232160130978727,0.6217963802948971,268.9322080331659,32.85628047900165,10.233159957324457,0.6217963802948971,246.6509781526167,32.85663958422618,10.225726816923064,0.895,degassing
32.668063762780875,10.811003142175052,12.643848560471161,175.4932172771985,32.672265347537525,10.81067196981072,12.643848560471161,177.89031956579947,32.676477107008445,10.810516819040933,12.643848560471161,180.2725527999245,32.64280255562387,10.811405619474353,0.018,normal
37.06757744461802,8.944931629693034,8.779268939792853,132.921757049209,37.069570335711546,8.942788655930523,8.779268939792853,129.40813654167772,37.071428146785095,8.94052757444759,8.779268939792853,125.49481971813884,37.05406877073913,8.9561124603968,0.111,normal
36.81531375919031,9.976321139253809,9.034585779823193,225.57896475692317,36.81742160515012,9.978472020440163,9.034585779823193,223.39026815801597,36.81961005697174,9.98054083244046,9.034585779823193,218.3943177186721,36.80369255314572,9.962513051476606,0.156,normal
33.075812033530504,11.858310135340734,18.928547251362648,144.06847750818085,33.08092096776326,11.854607598371224,18.928547251362648,147.53832284007885,33.08624462568555,11.851221058052301,18.928547251362648,151.29671163368872,33.04602699708558,11.881589627178275,0.025,normal
35.21079153731869,9.778123480395246,19.29928385442315,61.044523716180365,35.20767708438114,9.772494547168984,19.29928385442315,58.838196031807634,35.2043482366706,9.766989687562601,19.29928385442315,57.25086729797009,35.227282629001984,9.81296495835873,0.083,normal
34.98261482788409,10.340878861870058,19.47980203945286,109.00803458444636,34.984729689872175,10.334739653484258,19.47980203945286,107.1581261724896,34.98664526749784,10.328535374058493,19.47980203945286,104.11124463033227,34.976107239009764,10.379192192382796,0.172,normal
32.78171041375015,9.167410799474109,1.6169056024110504,160.74348759104208,32.78265446529082,9.167081001523005,1.6169056024110504,180.90997698899844,32.783654339173005,9.167096882949904,1.6169056024110504,199.51224303266383,32.7795955943797,9.172887521553212,0.929,degassing
35.08457842555335,9.751781264272973,8.278115578596212,120.24821251604939,35.08596845092483,9.749397577522197,8.278115578596212,115.58134621052464,35.08715992593959,9.746908698186353,8.278115578596212,115.52690158028693,35.07767051435562,9.766811364590193,0.176,normal
36.57176126099761,9.156236246744033,14.843379726572351,137.4234833478295,36.575404689529236,9.152888697416175,14.843379726572351,141.68816585040108,36.57928696729136,9.149821356981013,14.843379726572351,141.15593658418956,36.54883955045702,9.175056212528506,0.188,normal
33.19202022519603,9.792910621111643,0.6585617336347616,135.53374363067002,33.192733888313185,9.792210132028778,0.6585617336347616,137.63421159905482,33.1934727461515,9.791536270696785,0.6585617336347616,150.99095517083344,33.188097678462235,9.79731217752868,0.948,degassing
36.25843314722737,8.838192809000784,12.420293718389235,301.04364562278636,36.256298136490635,8.841739940211545,12.420293718389235,300.2066242042985,36.254215170988175,8.845317881713008,12.420293718389235,295.4076438925069,36.27283819081472,8.817974877417255,0.117,normal
35.779470432639805,10.2806202758678,9.773308499603981,304.4251907767459,35.77762871872109,10.283307495984554,9.773308499603981,299.9431390689029,35.77600263467153,10.286130422263794,9.773308499603981,304.6274339354819,35.78741135567235,10.262796614217882,0.012,normal
33.23599952758326,8.950905824872779,14.305725816800425,237.39223973235724,33.23856924071421,8.9549227745304,14.305725816800425,233.27099812311712,33.24142099613219,8.958744659034583,14.305725816800425,236.53917388454386,33.220991718605624,8.92658820195574,0.045,normal
33.78698731311281,8.803117961580828,2.9674589090906887,82.58354966691492,33.786858232800384,8.80212632743814,2.9674589090906887,47.887519685250865,33.786187644578234,8.801384497648824,2.9674589090906887,59.98326574914634,33.78786045997145,8.808743315552146,0.786,degassing
34.0779315248063,9.504429617104922,13.748951156197798,94.05652981737911,34.078255728134565,9.499858114948287,13.748951156197798,89.72629047954604,34.07823383469817,9.495275183523574,13.748951156197798,89.34051124245951,34.07619325075797,9.531864777773995,0.143,normal
36.6067922156074,7.516354303057303,19.149196162039733,205.3303153972346,36.612561589513085,7.519085209221118,19.149196162039733,201.54631918209233,36.61849861252256,7.521429410902749,19.149196162039733,197.19599819613083,36.572392716128434,7.499602697488163,0.187,normal
33.05000118975842,11.473069978175092,3.718721841478269,94.44795668907591,33.05007874329485,11.472072989986101,3.718721841478269,94.8172449033353,33.050162721059145,11.471076522357373,3.718721841478269,103.05767896107132,33.04488463806411,11.472473239205657,0.863,degassing
37.62154582877663,11.33291571372936,10.313736779285717,160.828031788187,37.62479306463895,11.331786687617925,10.313736779285717,161.23888707786338,37.62804831294083,11.330680975540135,10.313736779285717,164.613944452466,37.602250307088994,11.340140891986717,0.103,normal
36.023840399697335,8.34000370858553,11.883220041020994,43.063811363688664,36.02094646448821,8.337299038353175,11.883220041020994,45.70859883567333,36.01818041580492,8.334463711786087,11.883220041020994,48.10074606501889,36.039793463259194,8.35760155236968,0.081,normal
37.366715041486444,10.674524208200815,9.408988950137315,115.20999575998502,37.368050920768425,10.671686605300879,9.408988950137315,114.06374127854653,37.369329767670415,10.668822846533972,9.408988950137315,116.11336527698407,37.36075232966433,10.692359097587898,0.044,normal
36.540126868278556,11.435563949724818,13.3609757299578,27.933686026146827,36.53619210383077,11.433477636359617,13.3609757299578,27.291998803412078,36.53223422085679,11.431435520525069,13.3609757299578,31.510971581937675,36.56473099471397,11.445954636908464,0.018,normal
36.838677322179706,9.540182204037318,13.481581708542512,183.03952794484934,36.84316486074532,9.540420490504383,13.481581708542512,179.97037441930541,36.8476587207141,9.540418166891298,13.481581708542512,180.34659136191618,36.81195171079885,9.536783716438011,0.014,normal
32.19272444265941,9.338009776176033,3.180396890232991,320.3960258823412,32.191953973631136,9.338647253608155,3.180396890232991,326.76707077175496,32.191117524153285,9.339195297649265,3.180396890232991,315.09660532398186,32.19753644623906,9.340493246471128,0.754,degassing
35.17518644467346,10.78311475635564,8.041679539338894,75.11445948587108,35.174497838590106,10.78052415357784,8.041679539338894,73.37946090810541,35.17373111300835,10.777955587251528,8.041679539338894,75.3958310210756,35.17912111139472,10.798700481339786,0.084,normal
37.304535895277006,7.572583826017495,0.8531384958237747,60.96117901413807,37.30405049316599,7.571709534995799,0.8531384958237747,44.698277664943774,37.3033396725481,7.571006161660235,0.8531384958237747,36.87548592641956,37.309854960776235,7.574785554423277,0.919,degassing
35.58315161522664,10.537165597228478,11.621173221730439,110.684597525675,35.584519905182546,10.53354157689467,11.621173221730439,113.47417012121467,35.58606294752889,10.529988442911735,11.621173221730439,111.87204588310723,35.57466226687532,10.558715316401656,0.134,normal
33.91281903810369,9.376358367449567,1.8176106597749622,99.90040680988979,33.912990974198415,9.375373259344164,1.8176106597749622,71.95313222908655,33.912681179346215,9.374422455920973,1.8176106597749622,74.07162659610896,33.909345172364716,9.379462885074085,0.894,degassing
37.08200109426554,7.913235825467077,1.166685664507584,264.4549407088835,37.082097722800754,7.9142311459813754,1.166685664507584,256.22117710975743,37.08233589730082,7.9152023683593695,1.166685664507584,242.32742345899118,37.08471206923182,7.908119738027885,0.981,degassing
32.70099215624042,11.998270031055497,1.3490761364600954,190.3348064152702,32.70197593247687,11.998449430934508,1.3490761364600954,157.1246896477857,32.7028972854765,11.998060703973687,1.3490761364600954,180.7636382095542,32.695512151059695,11.996170216894733,0.841,degassing
37.48542569305226,9.170945501849317,2.46883654612524,79.25253511458833,37.48523921248603,9.169963043199592,2.46883654612524,98.39060632180676,37.485385133320825,9.168973746929524,2.46883654612524,126.71678927360287,37.484941410384444,9.176476202972072,0.777,degassing
37.79613677788023,10.387191050758059,1.0888177608303935,191.37879020715445,37.79711712215662,10.387388345207416,1.0888177608303935,173.75370774618696,37.7981111855378,10.387279542660542,1.0888177608303935,200.21245087737242,37.79134034482545,10.384580828715006,0.824,degassing
33.39155387267553,10.682462817308934,2.270065218925728,15.91417885799462,33.3905921991915,10.68218862009867,2.270065218925728,2.573800493727447,33.389593207983125,10.682143713912188,2.270065218925728,353.1469816235832,33.39685187012917,10.68240141113749,0.944,degassing
36.844678309862,11.59897184818976,9.155766683016902,32.198769611338236,36.842095759206344,11.5973456066964,9.155766683016902,31.934209757336077,36.83950572703492,11.595731307271029,9.155766683016902,35.014889187419946,36.86021850419531,11.608639011165385,0.131,normal
36.558610938454464,7.9231955356067,2.4344550383539336,35.49094296666526,36.55779673115163,7.922614961349597,2.4344550383539336,61.780256948981446,36.55732387673419,7.921733820781981,2.4344550383539336,101.024243136651,36.56205503113859,7.927739246349551,0.966,degassing
32.29597735587802,7.8257967885096225,18.791739810380104,333.4623116836935,32.29037340434021,7.8285954197138885,18.791739810380104,329.1746480711469,32.2849943737596,7.8318051922087255,18.791739810380104,333.8456302696122,32.330722809886076,7.811642259106363,0.078,normal
33.990835927425444,10.903060246091334,3.9596728526993608,106.32459385811394,33.99111700609897,10.902100561362221,3.9596728526993608,68.37872766323423,33.99074853637139,10.901170921614867,3.9596728526993608,68.31529953221622,33.99076940291414,10.90854900688613,0.998,degassing
34.12026664762658,11.742042823988793,16.156338297057907,154.1150798003511,34.12511178651631,11.739691726622741,16.156338297057907,152.92892089775222,34.12990721732743,11.737240834331919,16.156338297057907,157.07197972138485,34.09094001210589,11.75554094777672,0.062,normal
33.624077236938184,8.108481455468107,13.386124124257417,62.351502867088826,33.62200664456457,8.104528929636142,13.386124124257417,67.08888382695585,33.620269559963745,8.100418899183753,13.386124124257417,68.00844207612448,33.63882205335628,8.130797008122244,0.196,normal
33.025443929440755,9.221751413707317,11.613575184500824,44.89309484289487,33.022701480817716,9.219019180015588,11.613575184500824,45.54633215026742,33.01999036034168,9.216255857529763,11.613575184500824,49.91366064749788,33.04338758170394,9.236424401195423,0.19,normal
35.71414188381993,11.128077250812408,12.016834684963484,130.12711099661811,35.71672344239087,11.125014493994176,12.016834684963484,125.38485723157206,35.719042954738015,11.121748795530706,12.016834684963484,121.7897725605637,35.69980839960417,11.1473528049255,0.115,normal
34.248865234363215,11.179880017256659,9.366653883343977,143.4737129895055,34.25137419836904,11.178021699572794,9.366653883343977,143.01742213499728,34.253868283741234,11.17614346019696,9.366653883343977,142.09515179249343,34.23280292020597,11.189482103962863,0.082,normal
35.791433370500336,8.574920342303482,16.582836695593116,240.6560938040277,35.79414218008819,8.579738728714164,16.582836695593116,235.74908765965802,35.7972532202451,8.584307746784592,16.582836695593116,240.00943630383514,35.77612673006667,8.545542256469293,0.128,normal
36.60423487793547,10.471771814074298,15.76399817580085,129.85694295489645,36.607602451198595,10.467738085562749,15.76399817580085,128.08222399625458,36.61084348560466,10.463601999083227,15.76399817580085,123.24614193673474,36.583298404179125,10.49528546307609,0.089,normal
36.62202574646015,10.150239000580514,12.13960865119422,170.61855577867985,36.62601816027361,10.149579389105376,12.13960865119422,171.45880149342273,36.63001981767423,10.148978395424798,12.13960865119422,175.4133079133621,36.59797433487267,10.153413583867895,0.139,normal
33.814890083879014,11.158232438485378,18.190160096562916,41.32532944175595,33.81033664851409,11.154228579766933,18.190160096562916,44.68178851324892,33.806025441039004,11.149964995785515,18.190160096562916,42.910395184340075,33.84225085241293,11.182120972265945,0.086,normal
35.674158590483756,8.380857018514323,12.666029364268486,214.82159291660807,35.67762458215184,8.383267883174037,12.666029364268486,212.29833796300315,35.681193351326975,8.38552382050148,12.666029364268486,215.24049316932994,35.652740532303824,8.367403781038938,0.128,normal
35.65638837759261,10.15557277782983,18.14621363203471,131.62376242266498,35.660406168809885,10.151051209114968,18.14621363203471,129.56387881320518,35.664258840455005,10.14638814669809,18.14621363203471,126.42649627059583,35.63598744679283,10.18541629377322,0.028,normal
33.110438696300015,10.344553225008314,15.743121140959405,255.0803950964459,33.11178978902477,10.349624021563107,15.743121140959405,255.1839748345238,33.11313171252284,10.354697252345982,15.743121140959405,254.63484907619883,33.097718599657654,10.315856066807022,0.099,normal
34.48487362385194,11.280719594311336,8.992047509437603,171.7718966357582,34.48784011876767,11.280290630489166,8.992047509437603,173.85099754017114,34.49082022328157,11.279969571098958,8.992047509437603,171.2404313547169,34.46724935616724,11.284254024428014,0.165,normal
36.933686057858765,7.672833088109988,14.556239296663575,263.05551563978287,36.934272711071046,7.677649571895887,14.556239296663575,259.75480847435745,36.935135706638576,7.682424288296023,14.556239296663575,263.73064408558247,36.93215523731996,7.643779294268736,0.162,normal
34.09628019590556,10.691809606463165,9.99177941228311,218.325400562423,34.0988930513205,10.693874996796174,9.99177941228311,221.25597335490534,34.101396894865466,10.696071270492556,9.99177941228311,224.1897767930376,34.07918699230034,10.681472932434811,0.136,normal
37.79438875945837,11.026624650541207,19.909834707736092,334.3568817991246,37.78840580698912,11.029496739131714,19.909834707736092,330.696093849213,37.782618443402164,11.03274497493495,19.909834707736092,334.4272121630749,37.83114829670751,11.011536043148947,0.127,normal
32.55761769142796,9.823000517635549,3.7771763993100134,111.89041027478095,32.55799052391124,9.82207261896683,3.7771763993100134,125.70726786190652,32.55857416812918,9.821260609467577,3.7771763993100134,89.6869415526759,32.55542374552447,9.82804668951375,0.829,degassing
33.603388209778586,11.240261094368304,14.935203683131418,120.5440522162661,33.60591823667688,11.235973502657565,14.935203683131418,122.1066560107399,33.60856424192199,11.231756497200264,14.935203683131418,122.25327697065485,33.59003614938074,11.266931097128621,0.04,normal
32.802438376897,10.440739314557419,19.19270675271109,54.02185365672683,32.79867995463273,10.435562138672973,19.19270675271109,56.51796087123574,32.79515057225126,10.430226190016887,19.19270675271109,54.9720812270478,32.82550466529811,10.471394904767367,0.095,normal
33.37325640415018,10.562621285327994,16.347165287456583,10.61907984057196,33.36790066936629,10.561617140735887,16.347165287456583,11.395940502821361,33.36255904142994,10.560540473458207,16.347165287456583,6.514391408178642,33.40588772650844,10.563819002743374,0.027,normal
32.85997543135986,9.887976462513157,2.7750707460523243,26.29982594188956,32.85907894358348,9.887533394045759,2.7750707460523243,16.053422874617354,32.858117939311015,9.887256860524621,2.7750707460523243,358.2588607654716,32.86564191196373,9.888017648030296,0.794,degassing
33.64780079954484,7.873233866489322,15.200094406710235,204.99317570693722,33.652393042527116,7.875374598697875,15.200094406710235,203.08841495679067,33.65705390223574,7.877361510063167,15.200094406710235,200.29871843165807,33.621217483428865,7.858496481735966,0.099,normal
34.97860740383027,10.16701091967109,19.732363374120027,195.71103848952737,34.984939121927354,10.16879200166993,19.732363374120027,199.39120968220035,34.99114346111889,10.170975824543687,19.732363374120027,195.0519656654582,34.94195106428159,10.152543502752748,0.008,normal
36.72590419892645,9.769775963193863,14.012587586084901,223.282155031043,36.72930452296328,9.77297826755268,14.012587586084901,227.45787691179655,36.732462642873294,9.776419667761314,14.012587586084901,225.43977052556139,36.70500386598846,9.751138694489367,0.167,normal
32.39211261194853,10.626483277971937,18.157617381689313,253.5710391855613,32.393824429298974,10.632288698821915,18.157617381689313,254.2262032995011,32.395469752526246,10.638113313947779,18.157617381689313,258.3640753155862,32.3821774139183,10.591567262276913,0.105,normal
36.326187531305116,8.253623659469719,3.2339339297794565,79.82378162436706,36.326010855087794,8.252639390444385,3.2339339297794565,58.10935838519708,36.3254825554266,8.251790332455798,3.2339339297794565,27.196177605944598,36.330620381873,8.257304965594807,0.87,degassing
33.51529537902189,7.956714243563771,16.673340479910397,199.4211020224074,33.52053692293084,7.958562252697175,16.673340479910397,203.9807229497793,33.52561496802165,7.960821097172178,16.673340479910397,203.89247410067284,33.48392439971683,7.945481304816034,0.084,normal
34.49633786186083,10.750144149952323,8.934644839602944,100.42076606909116,34.496876548321985,10.747215057744091,8.934644839602944,96.40135597650844,34.4972085968058,10.744255411131375,8.934644839602944,96.38094655091261,34.49210503255455,10.76746060579235,0.002,normal
35.373411366876546,8.857841556738391,13.567120286965991,227.7549573390599,35.37645177101392,8.861189362603833,13.567120286965991,225.02882470955467,35.37964796275885,8.86438877188694,13.567120286965991,225.09521795100582,35.35483307313434,8.838117921646521,0.19,normal
35.94226910416329,11.311413309061725,9.247388232218716,259.3975236590578,35.94283625829928,11.314443146145567,9.247388232218716,259.47723489055886,35.9433991967074,11.317473769335155,9.247388232218716,262.0955589453502,35.93924791831215,11.293202474817784,0.017,normal
32.81409384875431,11.196899068735046,14.8138487394705,28.29870323785212,32.80974604299377,11.194558143464667,14.8138487394705,30.930985890433156,32.80551033377008,11.192020011587633,14.8138487394705,26.28880314310575,32.84026405007094,11.21073060409049,0.117,normal
32.973965591161395,9.604804555379156,14.431094589080283,146.15030534804782,32.97796060717472,9.602125104471094,14.431094589080283,148.06722816592278,32.982043016129374,9.599580787815798,14.431094589080283,150.99086590981926,32.951655658949065,9.623066972426818,0.05,normal
35.08139168810723,10.5672021422528,19.888119444894887,87.53680027171058,35.08110677287156,10.560578894435613,19.888119444894887,88.01478857769995,35.080877121153904,10.553953500226363,19.888119444894887,88.9708663132282,35.083341852442246,10.606882437760945,0.074,normal
35.86909065442746,10.138172357440016,17.752965099363372,88.06311785193735,35.86889064637156,10.13225808336211,17.752965099363372,84.03815703260453,35.868276002488884,10.126372435225456,17.752965099363372,88.39343667213544,35.870682631621456,10.173608536144876,0.079,normal
36.10173710441898,8.28757204777423,10.24581336453394,74.27707611826816,36.10081161514342,8.284284564476286,10.24581336453394,78.9305816809531,36.10015588932723,8.280932833507455,10.24581336453394,75.09634369201683,36.108406410795986,8.30692114653874,0.105,normal
36.83032583249864,11.075299771436661,17.382989202145097,355.06839568727344,36.824552953206954,11.075797889646067,17.382989202145097,355.2216008328684,36.818778762619345,11.076280569793619,17.382989202145097,354.77642277252784,36.864939326504455,11.072757214156665,0.106,normal
37.999565110787984,11.884856268858645,2.79902547481682,76.05409304937339,37.99932410505802,11.883885745165928,2.79902547481682,42.673334443738156,37.99858887492577,11.883207927600033,2.79902547481682,17.37052151503937,38.00064171102345,11.890269435006454,0.942,degassing
37.477966410695615,7.6084892169113365,19.37070482084018,250.35137963203528,37.4801375494473,7.614570148984854,19.37070482084018,253.4690429829827,37.48197475332651,7.62076016193056,19.37070482084018,252.83795407434252,37.4690540521147,7.570814868580434,0.184,normal
32.797976324111424,10.716112815880258,18.131409037251807,325.08219225699037,32.79302056271254,10.719572293270012,18.131409037251807,324.21610050607825,32.78811765949076,10.723106284618433,18.131409037251807,328.99697154364253,32.83121130907609,10.701991404649968,0.027,normal
37.70748737291919,11.059569702829316,15.790163187737768,349.20341578855823,37.70231715546864,11.060555655111353,15.790163187737768,347.2678118056328,37.6971831897981,11.061715675318998,15.790163187737768,342.5803828423011,37.73881307518219,11.055767332874298,0.19,normal
37.98016947758727,11.848044799433803,15.228664009411654,17.752438978461743,37.975334971589525,11.846497034976705,15.228664009411654,20.543486474091623,37.970581566872035,11.844715696533694,15.228664009411654,15.868169617932269,38.00862183540519,11.858857683246068,0.128,normal
34.68189250792114,8.695011818904847,0.7372817302248182,359.1126067488631,34.68089262785679,8.69502730621965,0.7372817302248182,39.01011414928788,34.680115592998355,8.694397848652555,0.7372817302248182,70.36734605211754,34.68541898579309,8.698571790992002,0.895,degassing
32.9824294961422,7.822160893662652,11.538903357393561,302.9202886604161,32.98033914022435,7.825389584486458,11.538903357393561,307.1782846427495,32.97801483129295,7.828454159545163,11.538903357393561,302.6616633284083,32.994312326819795,7.8023953203031535,0.188,normal
37.34704664957886,8.213028500165331,10.466605720615245,37.545002610115006,37.34428041309079,8.210902438168223,10.466605720615245,35.32462156435825,37.34143388292411,8.208885145444398,10.466605720615245,33.35265452628468,37.364406127946296,8.22462258525831,0.059,normal
35.6112911261386,8.399506687320374,10.049986300306678,6.4400157344672335,35.6079622697586,8.399130941920731,10.049986300306678,3.0023249909978675,35.60461687249471,8.398955480954136,10.049986300306678,7.182964043867944,35.63135446029111,8.40059761415146,0.053,normal
33.37337963106744,8.714509387772768,17.026821705383444,18.159844652841073,33.36798672176524,8.712740476597583,17.026821705383444,19.721930787380607,33.36264403743356,8.710825211180083,17.026821705383444,23.864857668981436,33.40416127914988,8.728882546973368,0.176,normal
32.47220420169658,11.548563825511676,14.025217643787258,265.9344545246126,32.47253565323935,11.553227133693985,14.025217643787258,264.1591056688523,32.47301141834715,11.55787793479601,14.025217643787258,261.15460230164547,32.47047113678358,11.520609149851003,0.087,normal
35.7628791591125,11.256286730567775,3.68781570006058,82.38189303255552,35.76274658947877,11.255295556873504,3.68781570006058,91.33396079137547,35.76276986938339,11.254295827887209,3.68781570006058,125.97300454748648,35.765492635798,11.261352650270863,0.744,degassing
36.56272894057387,11.720538049359664,14.75220511372787,327.20130781354084,36.55859547612321,11.723201751887963,14.75220511372787,326.84497300208164,36.55447865764448,11.725891109643515,14.75220511372787,328.98404446159293,36.58647646756019,11.70305435577193,0.008,normal
33.9896226244922,8.566297868214114,3.7229224401715784,287.2419492259268,33.989326217112406,8.567252929816947,3.7229224401715784,261.8510752015046,33.98946796367291,8.568242832798347,3.7229224401715784,300.23244411404283,33.98845262523297,8.5605453430845,0.781,degassing
35.87598134323369,8.363382282122778,17.88763321106169,84.77685140508804,35.875438543426014,8.357444495992011,17.88763321106169,81.10496169958579,35.87451658600898,8.35155366156155,17.88763321106169,78.51002874732322,35.87952185656048,8.398929072738945,0.167,normal
33.49947674979895,9.552547495204584,2.9662188082701277,338.69999817085295,33.49854505858296,9.5529107464648,2.9662188082701277,338.28988817587987,33.49761599128052,9.553280657193927,2.9662188082701277,312.4093848407506,33.50132985542949,9.547791981169198,0.968,degassing
36.12504549860025,8.78862866726418,9.954888867183445,148.10651004336307,36.12786283741998,8.786875472398556,9.954888867183445,144.53539816898004,36.13056550390218,8.78495019731484,9.954888867183445,139.8862220769575,36.10818977339172,8.799187071935892,0.12,normal
33.507486377342566,11.141249172778839,19.60429332042052,109.39571706064828,33.50965651134154,11.135085272656786,19.60429332042052,110.63096253793827,33.5119590188756,11.128969587466742,19.60429332042052,111.39289453134208,33.49577406611633,11.178646783716044,0.075,normal
35.66039212175233,8.849437110933941,8.76604464676532,48.82210412778618,35.65846826967525,8.847237801006345,8.76604464676532,45.207188125267876,35.65640957816182,8.84516416646172,8.76604464676532,43.80124066912132,35.67186878419738,8.862675815065867,0.132,normal
36.338774459614854,10.448524463963196,11.113115272543867,352.5104719673187,36.33510169095994,10.44900731023828,11.113115272543867,357.15728191905447,36.331401877658735,10.449191026470782,11.113115272543867,358.2745327089999,36.36084598247987,10.445966520965465,0.169,normal
37.26116792280048,8.316912605267806,0.9478044889361867,61.53021801433381,37.26069122759809,8.316033536622015,0.9478044889361867,40.49676054878961,37.2599307849145,8.315384131567384,0.9478044889361867,15.829251017391996,37.26637048705876,8.319055944049696,0.788,degassing
34.82043942278028,11.397937025484115,3.8050534440002695,206.97639697670243,34.821330616250464,11.398390648894786,3.8050534440002695,206.9382070172861,34.82222211188104,11.398843678188165,3.8050534440002695,175.78412209965506,34.815434289730355,11.395646909145567,0.837,degassing
36.27861791568944,11.007523884788585,15.572393267152343,168.6894718407199,36.283707901076035,11.0065058326755,15.572393267152343,173.64233682647998,36.28886677549898,11.005931031815205,15.572393267152343,172.29734713495327,36.24815369110974,11.013933157580457,0.193,normal
32.22070717510957,8.403265103394654,8.168925424695585,132.77669105740395,32.222556463945416,8.401266422724014,8.168925424695585,135.8709239579999,32.224510942114,8.39937047738986,8.168925424695585,132.53863729233427,32.209414278874284,8.415059310399938,0.06,normal
36.35580402701536,10.198583978198625,18.6556885260445,129.016544687156,36.35971889074754,10.19375237745161,18.6556885260445,125.00270692571075,36.36328595252011,10.188658597506349,18.6556885260445,126.57537853313515,36.33219298257399,10.227414086444856,0.034,normal
35.91100099910197,7.6602519743379265,11.069470087103515,316.3358958301379,35.90833178146418,7.662799536633058,11.069470087103515,311.3890934935672,35.90589218439663,7.665567778420453,11.069470087103515,315.90322387774984,35.92705379097271,7.645021226331175,0.126,normal
35.968803226546996,10.49638797648129,15.26761204308805,92.91907863689603,35.96906239678497,10.491305375937518,15.26761204308805,96.86993626789506,35.96967114656202,10.486252711174371,15.26761204308805,93.56340906318616,35.97098850459497,10.526672349668527,0.059,normal
34.98882413458154,8.429279051338712,11.967243394360416,336.7372758325998,34.98515935169125,8.430854530516728,11.967243394360416,332.66847538990186,34.981615592647536,8.432686070883035,11.967243394360416,330.9521440652498,35.01091314947844,8.420138931731403,0.059,normal
32.60985044156649,8.289470470777498,11.486806126852153,17.728461243183567,32.606203341039176,8.28830453602191,11.486806126852153,15.343059285261806,32.60251087336746,8.287291407893811,11.486806126852153,17.215988215634162,32.63207599106681,8.295242465581866,0.019,normal
33.10000641510572,9.303695744958267,1.4514158176256655,29.33446803349929,33.09913464039409,9.303205837975085,1.4514158176256655,5.342540277583282,33.09813898455255,9.303112728119533,1.4514158176256655,337.2888140346566,33.10426968264345,9.307597218287203,0.904,degassing
34.29410475053176,9.118075433230464,16.213569600577674,14.800206508848722,34.288879536073495,9.116694851872273,16.213569600577674,18.493653213364563,34.283754108947804,9.114980539240156,16.213569600577674,13.759207411110872,34.32573767689941,9.124690978778997,0.113,normal
36.016316851299806,9.023472239109354,2.95203064504144,148.75973477275187,36.01717185129971,9.022953611111488,2.95203064504144,168.87357518469526,36.018153055068204,9.022760636593246,2.95203064504144,155.93651415701822,36.011121970491665,9.025067474571191,0.956,degassing
32.45146813849341,9.714311575350454,3.8955076707419005,40.0310182124908,32.45070244214842,9.713668373121552,3.8955076707419005,28.565633026630657,32.44982417220351,9.713190207978665,3.8955076707419005,50.749111173126735,32.45657397169777,9.717000903659432,0.731,degassing
35.35562677284908,7.508987742851451,15.25043931274157,32.04241540984656,35.351317732902984,7.506290718319817,15.25043931274157,31.959038006651916,35.34700477278314,7.503599967200542,15.25043931274157,33.91305842561543,35.381761266988875,7.524635809518148,0.131,normal
32.68508223886788,10.9289926567229,12.096285374922065,85.69197014423864,32.68477935401485,10.92497195381636,12.096285374922065,87.77213450615582,32.684622611193014,10.92094290643706,12.096285374922065,83.12779767161243,32.688419404180586,10.952892753441732,0.186,normal
34.7408496595904,11.00722274306955,9.293188967449904,264.82928034048456,34.74112883824186,11.010307866778753,9.293188967449904,261.4546179656199,34.741589138349596,11.013371206921693,9.293188967449904,257.1883526602468,34.74064187513056,10.988656244148192,0.168,normal
35.056719883802096,11.658564580170633,14.94265262845012,61.25569809092262,35.05432456873751,11.654197467480348,14.94265262845012,62.38164229871596,35.05201553066965,11.649784129660802,14.94265262845012,66.09782447820018,35.06828069976557,11.686054475730785,0.091,normal
34.47739320786203,10.638523825035891,11.58695761946509,277.17443384536665,34.47691084078454,10.642355904322045,11.58695761946509,275.0556902814152,34.476570477838145,10.646203197229731,11.58695761946509,271.4486148201236,34.48153691767829,10.615734493249082,0.101,normal
33.925748411529916,8.030117233770085,13.764439068687523,128.35834254094425,33.92859571341246,8.026519462379927,13.764439068687523,129.18356320968903,33.931494536230346,8.022963071898456,13.764439068687523,127.51199082916686,33.90629052802288,8.049536546008204,0.15,normal
33.72789632862224,8.613464453707422,16.28713820436812,297.98786217995263,33.72534856142941,8.61825855670391,16.28713820436812,302.66479834752937,33.72241837927367,8.622828958627586,16.28713820436812,300.1288588670777,33.74563477061833,8.586239287738827,0.058,normal
37.57756069787816,9.23766943250893,19.709872664673515,338.190147365281,37.57146100505786,9.240110352370596,19.709872664673515,343.06049498853463,37.5651760987793,9.242024587294196,19.709872664673515,342.53924901320397,37.61493207865407,9.225681548305586,0.121,normal
37.78846428827773,8.82488648171145,2.889305980955373,13.842808748750954,37.78749333249,8.824647222734031,2.889305980955373,12.735060526785048,37.78651793265734,8.824426779620188,2.889305980955373,38.83144997836064,37.79406240199971,8.823544959696315,0.797,degassing
37.587142169835815,10.258337342362841,13.886611293844119,240.42841622026978,37.589426566339796,10.262363255188797,13.886611293844119,237.58810173456476,37.59190765070352,10.266271024610049,13.886611293844119,239.00724585292735,37.57004391725537,10.236545180565695,0.066,normal
33.29148032127204,10.8815249463177,19.959572991252067,194.11585536681224,33.29793261625931,10.883147549115954,19.959572991252067,199.02781840386186,33.3042222795178,10.885316670260211,19.959572991252067,194.2164864277089,33.25399597196002,10.86804068910985,0.077,normal
33.70266435560186,11.589893775882032,12.49949650594375,293.881516086293,33.70097756262005,11.593703558288047,12.49949650594375,298.442999477188,33.69899312490595,11.59736712478854,12.49949650594375,298.9874305014708,33.71411664528583,11.567693257032829,0.155,normal
34.54427655916849,7.964929322789168,2.9596000319363944,265.4308627383328,34.54435622115989,7.965926144722679,2.9596000319363944,253.70596999286516,34.54463678785938,7.966885979253801,2.9596000319363944,231.68943075582027,34.54592185071807,7.959679575653744,0.768,degassing
34.320573552655574,10.33900693256333,8.202691619649695,159.38457095884107,34.32313269607355,10.338044227202651,8.202691619649695,157.97034349402466,34.32566729998407,10.337018654356871,8.202691619649695,157.62199979341463,34.30484829024036,10.34364558422428,0.153,normal
34.35663548718773,10.476428417883426,14.401613165724193,168.88415023838257,34.36134596379281,10.475502905823806,14.401613165724193,165.9093041100479,34.36600206083548,10.474334178845972,14.401613165724193,166.999378455758,34.328064687660316,10.479652879919977,0.111,normal
32.011446070708715,10.180129575021175,19.36375267074646,197.94007863017444,32.01758682771512,10.182117730167931,19.36375267074646,193.904614870429,32.02385227409202,10.183668806954394,19.36375267074646,191.42164900310104,31.9740815052359,10.170053892109955,0.17,normal
37.59307106756448,11.97681925161072,2.4238261338770837,82.55289943267451,37.592941456798336,11.975827686661107,2.4238261338770837,114.69670732224475,37.593359271661235,11.974919154471067,2.4238261338770837,149.30768672986065,37.59450857446258,11.9821479780292,0.885,degassing
35.498037727884615,10.054470315273756,11.795997913955949,123.010780986004,35.50017986865209,10.051173066198528,11.795997913955949,125.54902960054915,35.502465930706,10.047973919622105,11.795997913955949,130.50071077390243,35.48530868685305,10.074321859449302,0.11,normal
35.645885948233165,11.280573361394318,9.680020024594398,311.01880113099276,35.64376826107689,11.28300786790717,9.680020024594398,307.1554428102038,35.641819416541715,11.28557952609415,9.680020024594398,309.52309630426794,35.6551341980401,11.263641065710516,0.109,normal
34.82982919709479,10.989387532376762,1.2815732666852426,155.40437331610246,34.83073846497538,10.988971320986584,1.2815732666852426,172.12444049895254,34.83172903297783,10.988834298971865,1.2815732666852426,153.46629432192046,34.82448052869339,10.99169711951823,0.834,degassing
37.708618361912265,10.463387305320609,16.831037706017895,343.9959822598274,37.70322545974832,10.464934104399429,16.831037706017895,346.8077910872371,37.69776317118294,10.466214489016934,16.831037706017895,348.21983569877904,37.73946550159486,10.450149842787951,0.196,normal
36.23017638412097,9.829922027399668,18.01846719460872,293.4881355145038,36.22778257573315,9.83543052883598,18.01846719460872,296.74963735003934,36.225079248348926,9.840793916545735,18.01846719460872,296.30613672915564,36.24621965103155,9.79767575229676,0.097,normal
35.63222788935237,9.765424214078962,9.987269869147905,44.34941387041989,35.629847289982635,9.76309707279006,9.987269869147905,47.23424282906234,35.62758682901622,9.760653068666294,9.987269869147905,45.79947280517924,35.647689523165376,9.778048188987237,0.032,normal
32.131880695685034,7.693451088709762,1.063951991286383,185.7351912354648,32.13287569006483,7.693551019606776,1.063951991286383,179.95364729702766,32.13387568973758,7.6935502105995806,1.063951991286383,216.81837807786897,32.12753681553347,7.697210388028935,0.726,degassing
37.96411325217449,11.419184771569476,17.96436289645137,68.56312188431215,37.961924737809994,11.413610904189134,17.96436289645137,65.35859008300717,37.95942806368338,11.408168091405031,17.96436289645137,62.412429380402656,37.978918526971796,11.451916075269255,0.04,normal
35.028169464428466,9.391150160057741,0.8370450185312155,24.214343192561977,35.02725744695934,9.390740008700304,0.8370450185312155,61.091418103111714,35.02677403345237,9.389864616570298,0.8370450185312155,51.911564544682356,35.033418379689984,9.392806022627996,0.857,degassing
32.26216118102478,9.901734598004888,17.627602352093767,85.21345397137023,32.26167087603164,9.895879222755438,17.627602352093767,84.32297310995816,32.26108963071155,9.890032174596234,17.627602352093767,85.5106081479676,32.263483258245856,9.936921523279176,0.082,normal
36.24635004801927,11.048453129582725,9.413943247773812,206.57044158847617,36.249156611584404,11.049856741434192,9.413943247773812,204.69277422069842,36.25200765840383,11.051167640861351,9.413943247773812,203.14731301266644,36.22888002321349,11.041462602374876,0.151,normal
36.69350687872614,9.682492436194375,14.658936275579943,127.32453915981436,36.69646959163287,9.67860677304745,14.658936275579943,128.88097611766582,36.69953675232453,9.674803015543276,14.658936275579943,130.81444525091987,36.672729159022545,9.7030928508798,0.068,normal
36.19516506120277,10.69530839747916,19.57484301649421,45.2827598234285,36.190574052238894,10.690671849321523,19.57484301649421,48.82947546507096,36.186278664193914,10.685760171027137,19.57484301649421,52.918589622683925,36.223856963978506,10.721635359663654,0.142,normal
37.665697507576596,11.180933989169915,13.267664582494831,232.12988697713172,37.668412396850634,11.184425173457058,13.267664582494831,229.09078788597787,37.67130856144318,11.187767511284077,13.267664582494831,227.52194565890946,37.647089421876146,11.162063744995042,0.199,normal
34.1162040060645,9.277410806210916,2.3120994534625323,162.64554504977983,34.11715848380234,9.277112524049267,2.3120994534625323,195.4322764421678,34.118122429457834,9.277378623228634,2.3120994534625323,229.94290268720306,34.11101762269974,9.276181812533197,0.778,degassing
32.63115662577523,7.8434959355662395,19.364185582131952,117.28830319253022,32.634115913129456,7.837759548313161,19.364185582131952,113.52717273009955,32.63669253711475,7.831841395797337,19.364185582131952,108.96007923424679,32.608815169233935,7.875016071661847,0.117,normal
32.6841451596145,7.789314184563566,19.930376400385704,225.3439852077797,32.68881450682141,7.794039937571325,19.930376400385704,227.1866782674904,32.69332948037302,7.798913392060417,19.930376400385704,229.88737688159887,32.6569500465998,7.7602411705633925,0.095,normal
37.3814667889385,8.706392513613183,16.197287702285223,342.0484526473109,37.37633053452955,8.70805658308052,16.197287702285223,345.05178725636785,37.37111414744957,8.7094492576216,16.197287702285223,345.061793852731,37.4124786363025,8.69716569884505,0.133,normal
36.598568588552354,9.940887232491821,13.787504974412608,21.19841744176346,36.59428373630004,9.939225383989498,13.787504974412608,16.344804148518975,36.58987363957699,9.937932037105575,13.787504974412608,16.421400371476857,36.62198087179003,9.95530337307032,0.096,normal
35.011905337456234,9.262069014639543,10.09760434542859,253.43013628473634,35.01286523010396,9.265295107365018,10.09760434542859,253.82943038427203,35.01380261699464,9.268527811184692,10.09760434542859,251.84698470331062,35.004787737182774,9.24319766000172,0.123,normal
34.9890325092874,8.435465532288028,12.467715534425793,250.39499413235325,34.99042695625582,8.439380511917857,12.467715534425793,253.5961018450833,34.9916006118213,8.443367249990935,12.467715534425793,255.79980652627646,34.977482836722,8.413445794757289,0.03,normal
33.06236126190777,9.749131159476478,3.4728647038883116,40.23425659897734,33.06159785192861,9.748485245237802,3.4728647038883116,17.40762166346707,33.06064365138788,9.748186077512164,3.4728647038883116,359.7627953014966,33.06760315992877,9.751824320288689,0.8,degassing
35.36167236195165,11.701512996956325,8.238024003365119,97.29456350395844,35.3620210239396,11.698789213785735,8.238024003365119,92.66339789477931,35.362148626326544,11.696046172121257,8.238024003365119,88.98971205503794,35.36024340530636,11.717923968147526,0.076,normal
35.79916790733505,8.167109485869942,17.69260572748482,60.730185694977806,35.79628446704735,8.16196490677698,17.69260572748482,60.013809956239875,35.79333693054801,8.156856780846512,17.69260572748482,58.701075872981505,35.81884644987295,8.19636583965615,0.173,normal
35.51302795980573,11.850524233266842,10.206634389240609,148.1650224800979,35.51591837946449,11.848729653361746,10.206634389240609,146.54479700201148,35.51875690267254,11.846854065763996,10.206634389240609,144.26707283768744,35.49584680790483,11.861373221122907,0.153,normal
33.56310752201761,8.18418034292368,18.625655805156786,229.1491877248387,33.56716848419299,8.188876586458719,18.625655805156786,231.30743492425782,33.57104970691358,8.193722432857797,18.625655805156786,233.8334697311059,33.53838510134058,8.1563477288774,0.054,normal
37.823384180263005,10.653178345713036,15.171010386038727,67.04202185057818,37.82141166619035,10.648521901549515,15.171010386038727,66.40217698336531,37.81938727582131,10.643887775132534,15.171010386038727,65.04366561910695,37.83521394144105,10.681110313168384,0.0,normal
37.085682303555295,9.045409673390806,0.5291098870873066,236.60030213294016,37.08623277989304,9.04624452415686,0.5291098870873066,238.43493649682358,37.08675624635526,9.047096570436667,0.5291098870873066,202.67833554737365,37.081199928576446,9.047315860581207,0.921,degassing
34.260049880246434,8.687407459711713,10.874741779262727,161.82685417076414,34.26349397743647,8.6862768866183,10.874741779262727,158.75110476648837,34.26687245107331,8.684963145068712,10.874741779262727,154.6515607320955,34.23903072291547,8.692905637113224,0.054,normal
33.14086197961621,7.590103289191856,14.419649036717196,8.441608197187612,33.136107504160854,7.589397680971822,14.419649036717196,10.749656868296157,33.13138530214805,7.588501172206639,14.419649036717196,14.72692198173076,33.16933913911454,7.59444728942254,0.158,normal
37.07801601949918,11.786777742605752,17.30783492855028,12.511041627423708,37.07238373686671,11.785527956799845,17.30783492855028,15.58911869815918,37.06682668941442,11.783977538847937,17.30783492855028,15.887650932171981,37.11065634106447,11.798236248003244,0.092,normal
35.124271876225514,11.921049147145526,2.8850481202024865,151.36414085275953,35.12514955943483,11.920569905886785,2.8850481202024865,141.03100052230357,35.12592704578336,11.919941006071344,2.8850481202024865,155.18594544367107,35.12017128903718,11.925169759462086,0.89,degassing
33.01827795622753,8.752726576529934,17.469725362338664,36.41783777548089,33.01359194109092,8.749269495817174,17.469725362338664,33.58308537297029,33.008740688184716,8.746048395049572,17.469725362338664,38.163151682759334,33.04773036532666,8.771304869336864,0.012,normal
36.214474688440035,11.070198527729989,10.792095570272762,55.56723535900246,36.21244059875326,11.067231455864153,10.792095570272762,53.00026012698857,36.21027566338168,11.064358462451745,10.792095570272762,50.114641869119836,36.22655675443829,11.088063797144972,0.139,normal
33.119745305111614,9.05319472166864,11.303893554299638,271.6683066995288,33.11963560711493,9.056961089011212,11.303893554299638,271.12310359786824,33.119561752748204,9.060728329664817,11.303893554299638,266.9783635780878,33.1160884412319,9.030954600750592,0.171,normal
33.43075938411275,10.742245242724234,2.386347825576917,229.712971741594,33.431406001207876,10.74300805746733,2.386347825576917,229.90903897603022,33.432050004155705,10.743773080475604,2.386347825576917,227.98345747119404,33.426815603149834,10.737939929550832,0.761,degassing
32.60090892476855,10.056056035742168,15.89505509941962,300.8985687235679,32.598188116173155,10.060602433362494,15.89505509941962,303.33918342022815,32.59527617237889,10.065028844332328,15.89505509941962,301.32604320448104,32.616193499946974,10.028196047046256,0.112,normal
34.49325530872083,9.15989797508243,3.3827503819709017,165.18471590288146,34.49422206393289,9.159642271425888,3.3827503819709017,199.55366553406193,34.495164392353594,9.159976961054545,3.3827503819709017,236.3014133521145,34.48791823171818,9.158512872701447,0.754,degassing
34.48352172118462,7.9651498282582125,12.295560390456846,234.97261762544656,34.485874139987935,7.968506015534136,12.295560390456846,231.1443774317143,34.48844538796573,7.971697653216259,12.295560390456846,229.49195388397888,34.4668330875577,7.947127662495755,0.065,normal
36.58269277877838,9.422540909256172,15.300960443084469,261.74017668628403,36.58342550247495,9.427588322612879,15.300960443084469,259.0830944899412,36.58439142746482,9.4325963416347,15.300960443084469,261.94381312950395,36.5809863419669,9.39200068744487,0.06,normal
33.348989644609574,11.353349507393315,17.863279069365372,8.005888464119366,33.34309325151989,11.352520205417951,17.863279069365372,7.46925693126616,33.33718934993111,11.35174616455053,17.863279069365372,9.709685563830103,33.38439107806876,11.357334052312224,0.018,normal
37.50425796940323,10.786958786726437,17.51485033177136,262.37101799093654,37.50503304684332,10.792745392686191,17.51485033177136,260.47506698043753,37.505999147220464,10.798503187718396,17.51485033177136,257.21801453658867,37.50246492540041,10.75199654117927,0.163,normal
37.209650237947365,11.429637210370055,15.833350197924211,80.5299080246065,37.208781869737514,11.424431354603504,15.833350197924211,77.75572184316603,37.20766255701243,11.419273628686641,15.833350197924211,82.64137803354,37.218518295091684,11.459971252892995,0.089,normal
35.02658333644277,8.511983839625346,12.731868846536791,97.18363798160824,35.02711404279041,8.50777319647998,12.731868846536791,96.46923207650195,35.02759220785011,8.50355626357789,12.731868846536791,100.64378095011612,35.026860323547744,8.537425643082008,0.039,normal
36.429633140853944,8.615554856960697,17.321262785500203,24.163276624570848,36.424365267545205,8.613191438022152,17.321262785500203,28.267330143303496,36.41928004771815,8.6104570683349,17.321262785500203,24.025949334352667,36.46152343768002,8.628997380497356,0.088,normal
32.2723850983132,11.193857422905108,12.485849483846833,74.11537358364575,32.27124596783932,11.189854398032109,12.485849483846833,77.9916561757947,32.27038005697414,11.185783522850539,12.485849483846833,74.4640147240027,32.277407235182984,11.218215479828071,0.042,normal
33.22192107036695,9.868459704751356,13.796315964136301,93.81714359763531,33.22222722189358,9.86387113470822,13.796315964136301,91.82959127755278,33.22237404672701,9.85927470715344,13.796315964136301,95.41611706831335,33.223342141450416,9.895963592615761,0.002,normal
33.61753670827806,11.319194121554341,18.37138728271944,237.99513351398036,33.62078226670721,11.324387119243948,18.37138728271944,236.5010220664581,33.62416212498487,11.329493725998363,18.37138728271944,232.82691763791328,33.5967281938437,11.288935607603856,0.185,normal
33.47894988229318,9.893882268203056,12.720797813927296,113.64205082473484,33.480650319958,9.889997893482098,12.720797813927296,115.12292000206303,33.48245057423151,9.88615876079678,12.720797813927296,116.65512097298758,33.46736087909894,9.91649014002802,0.111,normal
32.905558568299526,11.52955507718757,9.053540205647618,241.04804530835142,32.90701943559208,11.53219577135214,9.053540205647618,239.92356137485035,32.90853184434365,11.534807287901087,9.053540205647618,235.31750444040463,32.89619662955334,11.514086553871595,0.108,normal
37.17525151823351,8.887950215754834,2.333319192256551,302.3863158541981,37.17471589310752,8.88879467162959,2.333319192256551,264.32416312871015,37.17481479320748,8.889789768996799,2.333319192256551,224.66929911014947,37.179612805128855,8.884991754664993,0.93,degassing
34.48167418091278,9.349263647712428,3.768189835369175,207.57571839236485,34.48256058075451,9.349726568138195,3.768189835369175,225.67202522184297,34.483259345395076,9.350441919783954,3.768189835369175,191.01202278857895,34.47620297247641,9.347581961639838,0.808,degassing
34.846716921857244,9.750108338866225,16.54422953571992,219.87157776361474,34.85094939490764,9.753643669714009,16.54422953571992,219.9571217929514,34.855176584905415,9.75718531580704,16.54422953571992,216.43582746829554,34.81810548495064,9.733659859161152,0.013,normal
37.911064201758904,11.403232855170469,1.6371346938141595,145.115086547577,37.91188450425803,11.402660925270986,1.6371346938141595,152.72574508817473,37.912773327488985,11.402202675050995,1.6371346938141595,172.98303781924784,37.90842971554204,11.408520857069606,0.856,degassing
36.97628023923162,7.69067738593049,14.22443183105014,0.3859160286530141,36.971538869507576,7.690645449926464,14.22443183105014,359.8089065305189,36.96679741860175,7.690661263720625,14.22443183105014,357.45720571501624,37.004638218980034,7.689152064599781,0.011,normal
32.837597513271184,11.239649118135663,16.671761497913998,165.90876347686466,32.84298754525268,11.23829611207551,16.671761497913998,161.53033889987228,32.8482585534953,11.23653556038169,16.671761497913998,158.74302748111188,32.80573026466949,11.249338045738577,0.138,normal
36.781403065724376,10.73434713582376,0.8995772858842721,31.36864712060607,36.78054922995272,10.733826593342267,0.8995772858842721,29.463262635314166,36.77967855869965,10.733334727944952,0.8995772858842721,40.427791502733804,36.7846094285611,10.73899467743817,0.745,degassing
33.07023045221006,10.70457601279164,1.5833140690294363,178.35672933859973,33.07123004095318,10.704547336239886,1.5833140690294363,168.2405013656774,33.072209052651985,10.704343532182994,1.5833140690294363,172.53984263375162,33.068831292996215,10.709939777272988,0.771,degassing
34.86784556211493,9.35252213903642,15.20122525154707,27.703978451543463,34.86335936969665,9.35016643797483,15.20122525154707,26.506318062847612,34.858824919432536,9.347905020121445,15.20122525154707,26.032901967016148,34.895127534975245,9.365806512249275,0.184,normal
34.4953754568961,8.288175485180197,15.333077072583848,247.6904801332955,34.497315652748746,8.292903933516175,15.333077072583848,244.81740433795963,34.499490416765546,8.29752918865334,15.333077072583848,243.86771447491245,34.48246390646247,8.260378859293015,0.11,normal
32.80461180216255,10.639858817395112,14.324632800855449,102.11596990589706,32.805614006425614,10.635190301280456,14.324632800855449,100.99543245661282,32.806524722367335,10.630503079014423,14.324632800855449,99.0371374831611,32.797850693348686,10.667637026602366,0.063,normal
37.98006436290831,9.10325848193975,14.751612051999293,48.13740813354739,37.976782884234865,9.09959640697277,14.751612051999293,48.21236359636223,37.973506199166394,9.095930042245943,14.751612051999293,46.89378752139387,38.00008900536816,9.124867513314534,0.2,normal
33.997105934721574,10.016016457531187,8.135567215736357,227.23136914196877,33.998947391856966,10.018007235561349,8.135567215736357,224.32941411350666,34.00088727471873,10.01990223319446,8.135567215736357,226.51314708100128,33.985043249319695,10.005125886578606,0.066,normal
36.039956015054834,11.607853261000221,15.747826647974899,292.01912155459263,36.037987977634614,11.612719648007575,15.747826647974899,288.09853828669344,36.036357278740496,11.617709208600399,15.747826647974899,286.82653340961656,36.05267643851001,11.579072465524437,0.042,normal
36.786358311590114,11.51247742225053,19.63535950922712,125.24691417357333,36.79013550814542,11.507132201969238,19.63535950922712,120.4107264849216,36.79344861657706,11.501487566800057,19.63535950922712,125.09899483802974,36.76102403659782,11.542444470278843,0.083,normal
33.43571608457204,9.529723218544381,10.593678551176227,339.25656545767606,33.43241376729593,9.53097392193388,10.593678551176227,336.407125625302,33.429177707437994,9.532387242476606,10.593678551176227,340.2848129026328,33.455925071728004,9.52341753166711,0.155,normal
37.24544658210229,11.192907848700232,16.120607464854746,335.85514681120264,37.24054315413599,11.19510586630834,16.120607464854746,336.2614627050622,37.23562426224463,11.197269056033555,16.120607464854746,334.01575638252984,37.27527800487822,11.180743073095648,0.132,normal
35.47388038575864,8.896414732484498,11.850564438154295,314.05226008192267,35.47113376385279,8.899253755995412,11.850564438154295,315.86076217690766,35.46829891311528,8.9020046845087,11.850564438154295,318.094266790227,35.487554997066255,8.877169037386814,0.028,normal
33.71379600624799,8.607569074004408,15.359154602191726,19.77203896864414,33.708978116092744,8.605837182291024,15.359154602191726,23.471298947997038,33.70428200489223,8.603798051582302,15.359154602191726,24.034822564584694,33.74333925459469,8.615653275756182,0.123,normal
36.8992208313159,10.694708601712186,14.401819146741534,248.46449743135236,36.90098302675592,10.69917407916353,14.401819146741534,248.80754380092066,36.902718454668104,10.703650027286427,14.401819146741534,246.2501144452078,36.88947155095589,10.667644704669007,0.172,normal
37.473614867731996,9.24877155583162,15.982167422502751,258.1059202324285,37.47471285902822,9.253984567453637,15.982167422502751,258.5730895554328,37.475768309262406,9.259206358320862,15.982167422502751,254.74905065315295,37.46340778226533,9.218497276157093,0.159,normal
35.88417440768737,11.06330051409699,12.809797697413202,192.61106135222172,35.88834132654873,11.064232775497729,12.809797697413202,192.13157117943172,35.89251590120457,11.065130133040409,12.809797697413202,190.92282279086632,35.859779932085054,11.05553103229406,0.133,normal
37.570112177622676,10.084833158844742,15.105957620985105,178.5871022182607,37.57514596591415,10.084709001875856,15.105957620985105,175.36687169512024,37.58016483141494,10.084302272726003,15.105957620985105,174.81599468298262,37.54000960935103,10.087032436746247,0.163,normal
37.42214774780722,10.361134343059687,1.013538739182687,325.7027556102869,37.42132162241119,10.361697829377212,1.013538739182687,334.50414279182394,37.42041900600094,10.362128275211143,1.013538739182687,332.0036771057988,37.4266909155804,10.357492865353981,0.803,degassing
32.04113002211124,11.944666810818351,9.530668364689216,142.63399671363146,32.04365493401448,11.942738742746542,9.530668364689216,142.14514534759587,32.046163303812094,11.940789202398916,9.530668364689216,143.4529164118568,32.025915849291835,11.956086936630236,0.077,normal
35.260529911774235,10.48230689073668,10.258722056933186,177.44410653615967,35.26394608398188,10.482154398379587,10.258722056933186,174.0444796688925,35.267347201680586,10.481799595799547,10.258722056933186,169.79965924097647,35.24014052470674,10.484017481782756,0.017,normal
34.49808609337607,9.537169669093455,15.253154152361542,280.1633974563946,34.49718892336064,9.542174272366292,15.253154152361542,280.0692483120934,34.496299978179685,9.547180343122918,15.253154152361542,283.27127454111775,34.502440430154614,9.506991535946545,0.109,normal
37.866767241559366,10.047696488728763,9.357972435379217,251.89889185434697,37.86773639939225,10.050661436657029,9.357972435379217,255.47801705529022,37.8685185744117,10.053681103089156,9.357972435379217,253.5730444066649,37.86418396705387,10.029214042704035,0.192,normal
35.79879673096295,11.099405407499866,8.63329126568901,113.40932086626137,35.7999400584035,11.096764512463217,8.63329126568901,113.72063276285115,35.80109771798238,11.094129868553628,8.63329126568901,110.93536143037983,35.7911122397201,11.114835424530034,0.145,normal
32.37169951917842,9.637223944316524,8.61943861749648,70.10430288906328,32.37072176185586,9.634522285615231,8.61943861749648,68.8611328342626,32.36968562027853,9.631842475966803,8.61943861749648,65.77217503746694,32.37899721184801,9.652827646985946,0.035,normal
32.91129301080386,9.499748429714293,11.135031054841969,295.67330280384203,32.909684966906774,9.503093686223602,11.135031054841969,292.67958273972437,32.908253828604394,9.506518359850022,11.135031054841969,292.8303976022134,32.92044476357073,9.47948729613304,0.088,normal
33.25657078036357,10.817763905542284,15.707133167779043,119.61804593293348,33.25915835096297,10.813212296084712,15.707133167779043,122.94204196540879,33.262005480331204,10.808818377034289,15.707133167779043,126.78209832126342,33.240985194688875,10.845020252975871,0.002,normal
34.695510384980956,10.552049588798022,2.8900670881982715,353.92689279832007,34.69451599726941,10.552155386147382,2.8900670881982715,342.9329606978881,34.69356003525941,10.552448876582359,2.8900670881982715,309.5159894129662,34.69870204054361,10.556610706007836,0.925,degassing
35.52441303337004,8.39138341457863,16.283339946855442,120.46968778447636,35.52716536533501,8.386705224299183,16.283339946855442,118.74166918707647,35.52977537460645,8.381946164818666,16.283339946855442,118.26554363303804,35.51101950404692,8.420902242978435,0.188,normal
37.00151995504383,11.7651304276085,16.496901269954027,225.77309053029677,37.005355494098794,11.769070894486243,16.496901269954027,229.47401799824212,37.00892868334308,11.773250721956519,16.496901269954027,225.90960975519053,36.98272154999665,11.73819205395536,0.185,normal
34.56228591659741,11.553392765790903,11.880849533438973,272.287673715108,34.56212783464443,11.557349892645657,11.880849533438973,269.5166142122689,34.562161245864424,11.561310034882856,11.880849533438973,273.776643611866,34.56153288016102,11.52965825348018,0.098,normal
36.60000438878825,8.468313252120419,18.951310674093516,225.51780947962843,36.604430704463894,8.472820305137908,18.951310674093516,229.78861444583882,36.60850908623665,8.477644473405965,18.951310674093516,233.75574328631055,36.573136187124206,8.44159655183684,0.181,normal
35.07909313798832,11.728928756121158,13.232692009560413,185.74828235977603,35.08348185522149,11.729370543808413,13.232692009560413,182.89446530886457,35.08788712531044,11.729593278531233,13.232692009560413,180.08509493923086,35.052839456638786,11.72585328604867,0.126,normal
32.54691615347436,9.90586431614276,0.781598746360358,15.848389139065006,32.54595416577819,9.905591223351907,0.781598746360358,4.024983394559797,32.544956632239554,9.905521031904492,0.781598746360358,342.7043362204645,32.55055412520142,9.901683391578601,0.921,degassing
33.146393167864474,10.732161079019633,13.870790605732875,207.5731098295223,33.15049162083894,10.734301249858415,13.870790605732875,209.49580103319965,33.15451596155319,10.736577722968025,13.870790605732875,209.09028056101528,33.12253397903586,10.718075766016002,0.133,normal
36.077326860230755,11.44616173537865,14.952148547737508,49.656146166789654,36.0741003194908,11.442363027120503,14.952148547737508,53.24024144450925,36.07111755993154,11.438370046405717,14.952148547737508,57.87146477027888,36.09592181055903,11.469560096386868,0.091,normal
35.55688363870289,11.189153917650478,13.9657219584266,41.521244868028745,35.55339821359243,11.186067969281677,13.9657219584266,38.47670955875566,35.5497538065824,11.183171495031692,13.9657219584266,41.27098431632643,35.57563326803788,11.209755567757826,0.153,normal
34.02084222437022,8.053716869010342,12.98185189080693,52.728896219311714,34.01822167685611,8.050273307303632,12.98185189080693,53.34228409876944,34.01563814433311,8.046801888832135,12.98185189080693,52.80820679975525,34.03642535191609,8.074445920632076,0.018,normal
37.32770661740894,9.35689070394971,17.27075250232331,291.051691700637,37.32563867466557,9.36226338595415,17.27075250232331,289.65343466331404,37.323702450621504,9.367684929605355,17.27075250232331,292.5918324774174,37.34060327980408,9.324886750225005,0.07,normal
33.404867619413054,8.026983115201077,9.148206259511793,192.49917123627267,33.40784474804074,8.02764308354835,9.148206259511793,192.1019429723923,33.41082638060488,8.02828239594274,9.148206259511793,189.4906605800408,33.38693806434723,8.023380105088208,0.134,normal
35.85790308190291,8.786948724068138,12.011535550667585,157.55058299730658,35.86160350376945,8.785419785134259,12.011535550667585,162.1174081707724,35.86541391415986,8.784190334480279,12.011535550667585,159.53332796244496,35.835058547669924,8.79433950013451,0.04,normal
33.94927082056851,11.01318216693365,9.176769605617375,122.23926646292732,33.95090262172327,11.010594844737584,9.176769605617375,123.48394258414991,33.95259023963549,11.008043578985585,9.176769605617375,119.78507955467323,33.93993829644765,11.028973925525268,0.126,normal
33.211706355880985,8.069973985525927,0.7087810187199305,244.9343338929794,33.212130012575024,8.070879808359374,0.7087810187199305,248.24801989533887,33.21250060211136,8.071808605105469,0.7087810187199305,220.11591057187647,33.20920450635391,8.065176022684708,0.726,degassing
34.93287653691564,11.978876294052025,3.429461591837333,232.59851303453036,34.93348393337216,11.979670692909405,3.429461591837333,213.7042043050019,34.93431584677814,11.980225598383292,3.429461591837333,195.30278393340367,34.92836041234929,11.9752964219549,0.841,degassing
32.19881122968448,9.889595616590784,3.2930613006523792,173.67649663692714,32.19980514554208,9.88948547455515,3.2930613006523792,194.435577235823,32.20077357409502,9.889734765826267,3.2930613006523792,198.2402677784702,32.19334245929915,9.891206722568905,0.911,degassing
36.48088211578979,7.609028439508238,3.2014225273220513,209.29613700303747,36.48175421805539,7.609517763162207,3.2014225273220513,186.1074399799129,36.482748542192525,7.609624156349562,3.2014225273220513,193.67861019972426,36.475978954843995,7.605994558662582,0.984,degassing
36.782940778269584,11.053897672508333,18.5701669754709,31.50420186619246,36.777663125401325,11.0506629902585,18.5701669754709,27.050979568315082,36.77215024803819,11.047847857537969,18.5701669754709,31.502862816201944,36.813935523602446,11.074327930477887,0.041,normal
33.42900383613868,8.010242630503726,3.7870177636516837,192.17901476941034,33.42998132936752,8.010453597296332,3.7870177636516837,215.39549672137812,33.43079650269052,8.011032814400254,3.7870177636516837,178.6671982344041,33.42332495697847,8.010445218880987,0.737,degassing
36.064016864829895,9.91213341304941,15.451415214074776,115.75581778703892,36.06625493388238,9.907494619451876,15.451415214074776,112.66785902066162,36.068239866301205,9.902741998867725,15.451415214074776,108.21420579735397,36.049417202404655,9.939349199624052,0.139,normal
37.24249149311065,9.834331132921132,11.518033303308783,227.24980033225413,37.24509765280001,9.837150440878732,11.518033303308783,230.9295266442727,37.24751749867781,9.840131197764817,11.518033303308783,230.51517706358828,37.22602508924419,9.818242910785017,0.069,normal
33.95100145821976,10.153361764161486,18.102894444626752,244.68381799828444,33.95358180367413,10.158816539269369,18.102894444626752,248.36427547866424,33.95580667478472,10.164425701656281,18.102894444626752,250.32345209598475,33.935822289541505,10.12053857251348,0.185,normal
33.71978586366419,11.865403935933713,16.314311227623627,297.73686457906894,33.71725490699676,11.870217170881459,16.314311227623627,300.3578113353039,33.714506497351934,11.874909634705386,16.314311227623627,303.8229633336111,33.72929160008995,11.834280374904093,0.108,normal
33.79845222790589,11.650716432098662,13.993002990053728,139.8788647763531,33.80201896854952,11.647710708238542,13.993002990053728,141.6766854669214,33.80567825127899,11.644818362365728,13.993002990053728,142.0962781061433,33.77707792894881,11.668728949264906,0.029,normal
37.4355096098262,9.473727262274767,16.77968625536393,248.99849086093363,37.43751418128206,9.478948938360869,16.77968625536393,248.48889095794047,37.43956511545006,9.484152579096772,16.77968625536393,252.0946580233755,37.42196573419069,9.443072775720662,0.056,normal
35.225848011569305,9.49679109131101,9.048523245081856,237.00075320620195,35.22749070463836,9.499320689615628,9.048523245081856,238.8231750845419,35.2290521207894,9.501901249187725,9.048523245081856,241.87867469108676,35.21769620688635,9.480659044126897,0.196,normal
32.5226399212862,10.775282593685324,3.9740900803702637,191.75871501634708,32.523618935772284,10.775486384352533,3.9740900803702637,167.304892208081,32.52459448908427,10.775266621445134,3.9740900803702637,184.21417074166467,32.51877075788411,10.771007534896045,0.72,degassing
36.53414222695738,7.899537023707061,3.700436737065397,161.85181920501958,36.53509248110096,7.899225548085851,3.700436737065397,145.03205866315358,36.535911953949785,7.898652430078771,3.700436737065397,140.56695106596942,36.53067359267796,7.903449363769046,0.839,degassing
32.032159141522726,8.677762730060705,18.010916856219843,349.3599812789088,32.026258725374355,8.678871229020073,18.010916856219843,345.4331160225032,32.020448075192704,8.680381204229576,18.010916856219843,343.8949863004807,32.06718242217406,8.669548531349058,0.113,normal
35.76767541628998,9.6392960847698,0.9185428940222242,284.5738054468054,35.76742378937651,9.640263909080517,0.9185428940222242,256.95140000150553,35.76764956683974,9.641238087984567,0.9185428940222242,250.9303050727968,35.76343433013227,9.63581058163454,0.787,degassing
37.61855910448494,9.80222408690227,10.19896996897662,274.8277725054013,37.6182729864735,9.805611682194572,10.19896996897662,274.3906491529179,37.6180127213215,9.809001361741602,10.19896996897662,271.8643640881658,37.62295234718456,9.782319528499714,0.104,normal
34.91661359906399,9.02567276077178,9.229014296937843,318.524524271422,34.91430868574334,9.027710217687527,9.229014296937843,321.64035642176907,34.911896434381504,9.029619379667695,9.229014296937843,324.42922140452504,34.93190033412561,9.015350288270158,0.164,normal
34.87419370745449,8.902392542881937,3.359635461470355,190.60184932135178,34.875176636865774,8.902576525958409,3.359635461470355,169.5146856524144,34.87615993845037,8.902394542459904,3.359635461470355,161.70279450007953,34.86837854443342,8.902717338029564,0.724,degassing
36.704976051985156,7.832746682966231,17.088008412532282,273.3231259377381,36.704645871923134,7.838433107947873,17.088008412532282,270.3925741212308,36.70460684486358,7.844128977050461,17.088008412532282,274.31440030258346,36.70191498792075,7.798847124916494,0.18,normal
34.12077110949829,7.893071583786161,19.302139754060715,304.0820029117332,34.117165605768314,7.8984004953360945,19.302139754060715,307.4764295514735,34.11325090659418,7.903506578554177,19.302139754060715,308.99806413373943,34.142018749871944,7.860868556760051,0.18,normal
37.84427308009437,7.957854868063528,14.050343261775089,78.68153598123432,37.84335389659264,7.9532625065191915,14.050343261775089,77.78773026988107,37.842363187675524,7.948685042297016,14.050343261775089,79.12310001342695,37.850031941904106,7.985328906035977,0.022,normal
36.56547372546504,10.669013802551968,8.487302757702583,192.84205878767045,36.568232060557364,10.669642610574858,8.487302757702583,195.0059443619408,36.57096468621832,10.670375119283541,8.487302757702583,198.848718292313,36.54908532978138,10.664621163848425,0.095,normal
33.06654777846434,11.994893070823576,9.262062614831605,173.80953971399634,33.06961713009704,11.994560149599252,9.262062614831605,177.9594806130691,33.072702526599265,11.994450220481786,9.262062614831605,176.37399798021463,33.048311256682595,11.998029624065769,0.198,normal
37.025626728860686,10.77968104089263,16.561925688323868,101.7104410890005,37.02674723001247,10.7742753065194,16.561925688323868,98.81551376606264,37.027593287206294,10.768819880397652,16.561925688323868,101.08578586034939,37.018554960957836,10.81203980109829,0.099,normal
32.81572870652774,7.951738604095403,8.818744078111788,24.355001203840757,32.81305072491392,7.950526352865507,8.818744078111788,25.528671376190573,32.81039813564893,7.949259502929796,8.818744078111788,20.807945871203952,32.83215677826679,7.958063159576149,0.098,normal
34.04277182571672,11.364150575005356,19.430965938922604,195.5526530464072,34.04901165594275,11.365887209876236,19.430965938922604,191.40326146088324,34.05536078832628,11.367167795640935,19.430965938922604,192.0991974045966,34.00459328545655,11.357174417344522,0.027,normal
34.918067650169355,7.977759077754289,15.92094307128643,245.3438034081012,34.920281576099164,7.982582207398399,15.92094307128643,245.58469285586062,34.92247520457031,7.987414602427486,15.92094307128643,244.8625905215238,34.90716310631767,7.947869805920537,0.009,normal
34.095750304899084,10.83788902715429,3.6197001165750287,312.38391145708573,34.0950762098949,10.838627671808593,3.6197001165750287,324.77246925359646,34.094259342067865,10.839204496698102,3.6197001165750287,356.98446531531005,34.09824182677191,10.83248627624114,0.706,degassing
34.74823848398347,11.377577405714616,18.816918142542775,205.0034517082342,34.7539229640933,11.380228539252297,18.816918142542775,204.12355937223546,34.75964748581411,11.38279206694314,18.816918142542775,202.16397460935676,34.71528040808077,11.359432549935534,0.068,normal
34.16189368810158,9.460641803156983,18.168009129831844,185.53625732777465,34.167921441991744,9.461226059864076,18.168009129831844,185.17791709316123,34.173952732038174,9.461772606509838,18.168009129831844,181.77411220605018,34.12559680668462,9.459406721260663,0.013,normal
34.85237615454,8.440976936787255,2.7803788474432105,289.54536665259747,34.85204160140435,8.441919313675461,2.7803788474432105,294.9125278887306,34.85162036727324,8.442826265607366,2.7803788474432105,270.58239093400044,34.852863736202885,8.435119118819184,0.873,degassing
37.75374403765231,10.843206206684522,19.245955107026667,172.38892079995858,37.76010283672967,10.842356510227248,19.245955107026667,169.6977291485222,37.766414727018656,10.841209186926871,19.245955107026667,168.55350616981295,37.71562383396762,10.848431930032918,0.064,normal
32.38399579734134,8.417502645367003,3.3829874657441383,148.77554135607207,32.3848509403862,8.416984253263639,3.3829874657441383,140.67695978203153,32.38562452583339,8.416350561259675,3.3829874657441383,160.16122899162215,32.38335862873756,8.422971609153521,0.748,degassing
33.545902686841316,11.106863759979896,10.111822662737413,245.14295528623163,33.54731954085181,11.109922112477186,10.111822662737413,245.28453563080177,33.54872883322326,11.11298395674111,10.111822662737413,240.64666672555,33.536722715066595,11.088875493441726,0.189,normal
32.84280048202848,7.984538376110001,19.195225368795626,272.41908297156544,32.84253041531745,7.9909310824809205,19.195225368795626,267.9223379681695,32.84276238383621,7.997325284650035,19.195225368795626,264.63252214142415,32.84625957433868,7.946327704757672,0.047,normal
32.87861506898008,8.285271508177056,13.273704952750403,347.51390578866,32.8742951483018,8.286228111611228,13.273704952750403,347.61031998712787,32.86997362402064,8.287177444368632,13.273704952750403,346.71551054318275,32.904714394031465,8.280564439386408,0.164,normal
37.8109838541469,10.21388157280419,15.946681213284252,312.1336023706137,37.8074178485143,10.217823499521085,15.946681213284252,309.245575263524,37.804054983020826,10.221940090111115,15.946681213284252,307.3387507107006,37.83191630028151,10.189847135134205,0.182,normal
37.88354964965339,8.658621296409919,17.87249270886194,30.851054714968278,37.878435118398805,8.655566243654572,17.87249270886194,26.94858743730528,37.873124524403735,8.652866360562372,17.87249270886194,29.844722524660007,37.911340971221904,8.681029052881257,0.083,normal
36.30613649880475,11.443058164083608,3.3854030300766356,299.82071560620534,36.30563921113081,11.443925749796577,3.3854030300766356,311.672207879494,36.30497434302171,11.444672710570316,3.3854030300766356,311.1654467658699,36.31034534324917,11.439720791519553,0.82,degassing
33.88841597667702,7.8828561891293,14.196390692612285,67.45056491588123,33.886601297399515,7.878485834951235,14.196390692612285,64.81893788296848,33.8845878696954,7.874203409773577,14.196390692612285,61.51272406826432,33.896316585971356,7.91011412875349,0.04,normal
33.108977902590624,11.437939282057107,18.612097165321458,346.06966276844435,33.10295633607765,11.439432853149057,18.612097165321458,341.8385392496101,33.09706137664274,11.441366624370673,18.612097165321458,337.35744707801786,33.14584633039709,11.43341848535339,0.018,normal
37.68188648837281,8.014950612695003,13.221904823782383,264.163102148462,37.68233469758522,8.019335064310104,13.221904823782383,262.42700172109153,37.6829155325432,8.02370392436907,13.221904823782383,262.88992307025507,37.678419677398736,7.988753390331689,0.199,normal
36.05526664335091,9.388251262316011,9.751314225385169,143.76540334457732,36.05788845821622,9.386329951697633,9.751314225385169,142.58860094400498,36.06047026091849,9.384355200450823,9.751314225385169,144.97060630506388,36.03921443880682,9.399271406173417,0.142,normal
33.5483814827147,7.933410388549149,11.99435048679095,27.548907049571156,33.5448366868989,7.931561237175681,11.99435048679095,22.581512682235832,33.54114508902495,7.930025970646756,11.99435048679095,18.499247308595947,33.56781434912747,7.947428932126319,0.194,normal
35.46378527915401,8.670622534705108,19.163923293874568,179.62015658693176,35.470173113208446,8.670580185822566,19.163923293874568,181.44698271900162,35.47655905063746,8.670741494494283,19.163923293874568,185.12778738217935,35.42604685149115,8.676274212516248,0.175,normal
36.56148270324445,8.703841946811663,18.712061717955812,118.42154770091977,36.56445140297407,8.698356383425475,18.712061717955812,115.78479356438345,36.56716460288081,8.69274005633256,18.712061717955812,110.83914290553197,36.543737825427094,8.73674058981979,0.087,normal
37.56113685753258,7.685596541119662,2.981601997934213,154.26935508233194,37.562037702480424,7.685162400151835,2.981601997934213,126.60228700633891,37.56263395940001,7.684359606476071,2.981601997934213,127.16320300545887,37.557141125385215,7.689139211148875,0.875,degassing
35.15330468271233,10.068003916799356,0.7689241197820826,216.51320818837473,35.15410840242925,10.068598924880508,0.7689241197820826,185.52379234688007,35.15510375874139,10.068695183967792,0.7689241197820826,171.37111105917106,35.14813963182212,10.065683177972458,0.898,degassing
37.750725942048106,10.175995984505814,19.637246165619523,6.409771806169611,37.744221111497566,10.175265227474577,19.637246165619523,8.16061712315945,37.737741644800565,10.174336067826088,19.637246165619523,3.6516574384073746,37.789037400211335,10.184390320920459,0.19,normal
34.41086432585329,8.296147883280856,18.38618612875795,343.46249978012054,34.40498912033684,8.297892381986845,18.38618612875795,346.83309294136797,34.399021512034444,8.29928843597751,18.38618612875795,343.30963460893196,34.446475432215564,8.287030518357476,0.026,normal
36.9737337130179,9.80817623083217,18.624956463702574,175.88996633849808,36.979926065576414,9.807731267488595,18.624956463702574,176.65926053410374,36.986123834192036,9.807369484717656,18.624956463702574,176.02868976476836,36.93651108227307,9.807874805186287,0.031,normal
35.77339643070754,9.87368608643733,13.248266227172296,104.98734496101842,35.774538456395916,9.869420219924208,13.248266227172296,108.50127957447081,35.77593979544369,9.865232369801072,13.248266227172296,108.72516592274864,35.76628925316485,9.899175488132384,0.019,normal
35.41090860582806,8.649189210529457,8.98123473840774,89.53925738484467,35.41088453196074,8.646195562411885,8.98123473840774,87.92347415068957,35.410776055770576,8.643203783422871,8.98123473840774,91.78411924069466,35.413465441989516,8.666949377018351,0.053,normal
37.22836414689766,8.345253137976965,3.1146026174549135,73.19140685708383,37.228074971526496,8.344295861838795,3.1146026174549135,104.68495415730402,37.22832847545831,8.343328527482663,3.1146026174549135,74.95569056946634,37.23326083119924,8.346064150949449,0.886,degassing
34.16188412868434,10.531210562711138,1.882490331800599,163.83537289590325,34.16284459442871,10.530932164518102,1.882490331800599,202.72529945415815,34.16376696202804,10.53131847787758,1.882490331800599,232.71814025973998,34.157935749793225,10.53521788530061,0.757,degassing
34.790454411766014,9.634214803286413,9.993265918113172,11.04293032449569,34.78718500176574,9.633576751741899,9.993265918113172,6.404261617106539,34.783874700367186,9.63320519262942,9.993265918113172,4.37828056002398,34.80986881470542,9.638918406019146,0.196,normal
36.41965942733112,10.18024199898837,1.5177108617839234,204.72056903437908,36.42056778543692,10.180660192187286,1.5177108617839234,197.43742698946878,36.42152183022118,10.180959856248569,1.5177108617839234,198.54935013967693,36.417585120538305,10.175035814024515,0.825,degassing
34.96115281271461,11.739836858194467,16.370173284670415,114.84527084950332,34.96344556030388,11.734885176664172,16.370173284670415,117.92325787449302,34.96600088170811,11.730063748037026,16.370173284670415,120.04315005995684,34.94949832197863,11.770417643533012,0.142,normal
37.00034639354178,10.526776435894392,3.2859043229605027,325.7407653101242,36.999519894513895,10.527339374040995,3.2859043229605027,315.99337503559434,36.998800635039935,10.528034115582232,3.2859043229605027,288.4308723164151,37.00418742842799,10.522560573884165,0.763,degassing
32.10204849655604,11.471329191624932,9.903265581254493,131.0795566096275,32.10421766272032,11.468840838029607,9.903265581254493,135.75985653194363,32.10658263507586,11.46653777675791,9.903265581254493,131.81528182542803,32.09107656879019,11.487779120529046,0.053,normal
36.133778384841335,9.80434454124741,16.476859007813516,244.23086490161822,36.13616613457525,9.809290636717995,16.476859007813516,244.65950850355378,36.138516814896654,9.814254456942628,16.476859007813516,245.28124143893868,36.11936205539804,9.774765627994359,0.174,normal
32.93944985046995,8.815549197003957,2.2706381585029396,157.2615759476223,32.94037212955326,8.81516267237022,2.2706381585029396,145.49413827277988,32.94119619779057,8.814596181822845,2.2706381585029396,177.5505991574131,32.935124947790555,8.819520628014287,0.726,degassing
36.52423848827721,9.11435147679161,9.819334574330412,238.43240561270014,36.52595197557534,9.117140243603801,9.819334574330412,241.15058557339844,36.52753128219724,9.120007132099653,9.819334574330412,241.9333634798151,36.5148995052947,9.09709172898921,0.161,normal
32.51134201193923,8.915461263000278,1.0751363860015046,351.96712364468317,32.51035182389112,8.915601004294754,1.0751363860015046,339.15302986266425,32.50941728963966,8.91595687749246,1.0751363860015046,318.4176390581984,32.51678275477722,8.917400494422502,0.866,degassing
36.46745576056997,11.592841659556154,11.357368937153385,9.330177972713773,36.46372005517228,11.59222789378381,11.357368937153385,7.327227333887725,36.4599651804792,11.591745069508459,11.357368937153385,3.122721417436672,36.4898773254016,11.596356203821298,0.06,normal
34.006715536130706,10.753444756041688,9.512067751926455,265.1055140004842,34.00698606262557,10.75660388341166,9.512067751926455,269.17731832191697,34.00703158741547,10.759774245822749,9.512067751926455,271.3380397272343,34.00497180542474,10.73451890698227,0.197,normal
32.350422685944515,9.170376880508496,12.25368015084979,218.95068261151144,32.35359919667305,9.172944644203987,12.25368015084979,222.70318455754818,32.35660084550562,9.175714794938209,12.25368015084979,221.19356036383937,32.33252243978956,9.153780201726356,0.119,normal
33.704087192827004,11.015792698674105,16.069205624458625,257.1641181290128,33.70527716650407,11.021015246298823,16.069205624458625,259.6877848159331,33.706236026559004,11.02628512565604,16.069205624458625,259.4911183414781,33.69664281799561,10.984543935842735,0.095,normal
34.20334039595527,9.86122474444886,14.227339993014162,208.3392397474977,34.20751447206124,9.863475941691595,14.227339993014162,208.35096669041977,34.21168808731876,9.865727993211044,14.227339993014162,210.71402959487426,34.179281163679555,9.846184494859719,0.141,normal
32.705865127403285,8.455403218530728,3.1127370711336946,231.62587210310892,32.70648592124082,8.456187192389528,3.1127370711336946,195.48013188091352,32.707449644304766,8.456454096597104,3.1127370711336946,205.93356711015696,32.70115118388999,8.453655113015639,0.937,degassing
35.55228516742431,7.707229930291756,18.668686474873034,322.16605603029774,35.547370375799765,7.711046899192205,18.668686474873034,322.2781194678426,35.54244812806293,7.714854248075203,18.668686474873034,319.08686877555994,35.58068372183922,7.683008445129863,0.121,normal
35.02567181301605,9.573701214845505,2.071761585931771,201.28445771005323,35.026603602746384,9.574064213328203,2.071761585931771,177.29952801446464,35.027602492233264,9.574017098648937,2.071761585931771,191.28222509047833,35.02016966105002,9.572000134336509,0.912,degassing
36.76809443542701,10.679909585493933,9.485379336230235,200.68080394028894,36.77105249019371,10.681026208832737,9.485379336230235,199.49376339212571,36.774033042432414,10.682081312636129,9.485379336230235,202.56949605873976,36.7499898987957,10.674298650054885,0.157,normal
36.217232213375446,11.500834393387944,17.683052289504754,155.4589722639414,36.22259409259031,11.49838620585337,17.683052289504754,160.00913582419233,36.22813329188588,11.49637110236142,17.683052289504754,160.99115717170812,36.18516023129915,11.515684454666122,0.029,normal
32.52956200421653,8.886317134789726,10.03029257585827,141.28888951881157,32.53217091390477,8.884226173253737,10.03029257585827,146.01717759463858,32.534943304106584,8.882357381538416,10.03029257585827,147.7642706327909,32.515757789249335,8.900849651464704,0.117,normal
36.52098550762757,9.238375992482613,8.727583734840433,39.99000894589996,36.51875660923722,9.236506386893247,8.727583734840433,40.14829384631889,36.516532884304375,9.234630630907695,8.727583734840433,41.07752921040893,36.53432203499334,9.249607497646732,0.081,normal
35.82722792995206,8.414535266443858,12.479662645498491,356.49682465874963,35.823075815512986,8.414789451614558,12.479662645498491,356.121468360615,35.81892545538118,8.415070832481806,12.479662645498491,353.301231733963,35.852128272020906,8.413133432998539,0.096,normal
37.0277895295978,9.223305303802363,15.586483288951587,122.92017449522045,37.030613125246276,9.218944057422894,15.586483288951587,127.46532719208206,37.033773446916186,9.214820281324311,15.586483288951587,127.36204297605724,37.01124470957608,9.24964969394908,0.191,normal
36.09155693079888,9.058848530392826,17.03232801327891,95.90647515088175,36.09214116775412,9.053201228164003,17.03232801327891,91.07625567930506,36.092247807730736,9.047524787095963,17.03232801327891,93.61697282940635,36.08970701462756,9.092849089853605,0.083,normal
36.21720789192698,10.931517572141377,3.2555683223047924,134.33275636890974,36.21790671626443,10.930802278813164,3.2555683223047924,171.85695472662763,36.21889663378624,10.930660633834357,3.2555683223047924,205.65510542180297,36.21167962671399,10.930739800378824,0.703,degassing
37.618931788849736,9.508705254884154,8.237380035974471,80.3510172169256,37.618471561966935,9.505998305990735,8.237380035974471,81.77280702761948,37.61807864258493,9.503280771178726,8.237380035974471,77.55882013095574,37.62289523716082,9.524693040246232,0.042,normal
36.93703855724017,9.271719709943529,14.829226776986626,315.22619300243065,36.933529503522585,9.275201166293758,14.829226776986626,313.6278087905615,36.930118924995334,9.278779147626986,14.829226776986626,313.10995691679335,36.95747071913164,9.250340839677628,0.156,normal
36.06230583866685,11.950505740572424,14.3952982080987,247.1445252719654,36.06416958817512,11.954927436456659,14.3952982080987,247.6052640350329,36.06599772114548,11.959363976388286,14.3952982080987,247.0041042625249,36.0547450591539,11.922751244876554,0.072,normal
37.30411299543499,8.512823340452023,1.970217241819471,31.94620470736524,37.30326445016887,8.512294217657825,1.970217241819471,56.377553546942785,37.30271073235312,8.511461513280198,1.970217241819471,95.96481081783989,37.30977979778647,8.512759331852047,0.888,degassing
34.86620138087741,11.128826793295792,15.51556530014224,205.23660400965733,34.870879607513736,11.131031851280305,15.51556530014224,209.15819747653703,34.87539607367081,11.133551696241398,15.51556530014224,211.6541027680382,34.83693669852497,11.118629523798807,0.116,normal
32.35870694258871,7.667383198207995,18.172305735352367,108.89739429131521,32.360668790743425,7.661652258183302,18.172305735352367,104.70623641369214,32.362206550797616,7.6557932637504225,18.172305735352367,108.4308785070226,32.348679194469405,7.7023010755453525,0.047,normal
35.94447100376345,7.558463153943066,17.541976132521548,141.59906089931255,35.94905345487324,7.554831025655572,17.541976132521548,143.20289615042623,35.953735768784696,7.5513285764403815,17.541976132521548,142.01059060780238,35.91560735328993,7.578314318424819,0.115,normal
33.53513019737545,9.381456185095015,13.335491763286894,256.87098560184654,33.53613989189682,9.385785157173803,13.335491763286894,261.2660737732332,33.53681487272436,9.390178775633327,13.335491763286894,258.29581793310524,33.529959418645646,9.355335311013553,0.074,normal
35.531281965484496,10.558550036934324,14.085294409321289,26.7937353628738,35.52709095603639,10.55643358085949,14.085294409321289,27.573123958706976,35.52292912337845,10.554260312482576,14.085294409321289,23.986101903423243,35.556758284635876,10.570512556006324,0.116,normal
35.69839760318199,9.386206642988245,2.0900573288378803,22.483948646928553,35.69747361647737,9.385824218394784,2.0900573288378803,44.93147812979771,35.696765664550256,9.385117957770868,2.0900573288378803,81.55610613963518,35.70214995260137,9.381873409153808,0.755,degassing
34.17967682688915,7.830781229261609,0.9031625240922486,336.459616113045,34.17876004809355,7.83118062460453,0.9031625240922486,329.6047047185033,34.17789749287539,7.831686587543508,0.9031625240922486,354.0524291613819,34.18080839135772,7.826362633272471,0.706,degassing
37.46328766524489,7.5916468469030205,1.8262296527031223,270.64263197852847,37.46327644943615,7.592646784003859,1.8262296527031223,235.75350364505687,37.46383920381671,7.593473408167043,1.8262296527031223,266.87598288214645,37.4638599972414,7.586838329196133,0.743,degassing
36.7666291250021,8.363424050661019,1.809893556779851,161.8368179269369,36.76757929756204,8.363112326253336,1.809893556779851,182.27284681217412,36.768578510863904,8.363151984510637,1.809893556779851,144.1143235886888,36.7633638511312,8.368351124772168,0.991,degassing
33.25310247048039,7.868165375414715,2.822257694990207,155.423816440975,33.25401187954853,7.86774947260541,2.822257694990207,135.31917340459634,33.25472291436593,7.867046315803232,2.822257694990207,134.6300689738518,33.24756717574446,7.87020670017706,0.82,degassing
35.503516353015556,7.667651287552353,1.210501738505663,84.23484379350062,35.5034159017627,7.66665634557123,1.210501738505663,99.7549208879227,35.50358533591109,7.665670804060507,1.210501738505663,108.08292285285316,35.49945917534722,7.671745453478582,0.84,degassing
34.54242261829512,9.614464836131212,17.65405358352152,141.0125699616861,34.5469966894684,9.610762487566591,17.65405358352152,144.2169126516705,34.55177056006773,9.607321605195304,17.65405358352152,145.39320338543124,34.51632001139012,9.63821798148775,0.014,normal
33.19564960995518,8.394755371625516,11.632586992848932,121.26255197863462,33.197661894474855,8.391440866814955,11.632586992848932,123.5179064135836,33.19980305656203,8.388208119369855,11.632586992848932,121.6825131155054,33.17971790648295,8.411518181495962,0.081,normal
35.46580025286401,10.4513800158403,14.151763676638122,168.00090742050187,35.4704144396252,10.450399316545893,14.151763676638122,169.02585456998884,35.4750454306253,10.449501311573602,14.151763676638122,172.5330431385909,35.43807811786477,10.45695105785756,0.038,normal
36.185215061500855,8.444756618978733,2.454563860635193,128.43423733503872,36.185836677469545,8.443973296830782,2.454563860635193,158.16658607181844,36.186764946563116,8.443601387581205,2.454563860635193,151.9659101827137,36.1799469265331,8.447105254325876,0.798,degassing
36.723335179378836,11.665533009128154,19.431650548659924,55.9597724275178,36.7197093963801,11.660165697346432,19.431650548659924,54.92974456758024,36.71598771427393,11.654864431420567,19.431650548659924,53.631351496946095,36.74185460158351,11.69965764350314,0.179,normal
32.64196999987559,9.990314422331874,16.268294596972815,3.989260114004902,32.63656037378174,9.989937163385052,16.268294596972815,8.29434975824733,32.631194330928174,9.989154882820364,16.268294596972815,11.427428705985237,32.67436498473743,9.992390361357858,0.031,normal
35.23634132720821,9.660334253879013,19.461161187611893,21.767764493110032,35.23031683532772,9.65792855986948,19.461161187611893,24.710994443347516,35.224423814234356,9.655216702852833,19.461161187611893,28.411671609448177,35.27162767345582,9.676636231878009,0.029,normal
34.37698978990919,11.129760715193886,18.923630467286323,193.4641087675714,34.383124300821066,11.131229417300847,18.923630467286323,192.7027812446465,34.389277785236985,11.132616478781097,18.923630467286323,193.10073564432943,34.34090738337389,11.118445197708354,0.05,normal
36.40217562548492,9.559212587596194,1.1420551161827677,0.5282299540659778,36.40117566798285,9.55920336837489,1.1420551161827677,324.8732410431141,36.400357786900436,9.559778755666228,1.1420551161827677,333.3891356357302,36.40800375063386,9.558952211409158,0.998,degassing
37.98598459137802,7.854260974957895,17.198468963460087,33.17799932811566,37.98118636468194,7.8511237341347,17.198468963460087,35.650333146240484,37.97652793541338,7.84778243256802,17.198468963460087,36.14097331228181,38.01524233804515,7.872320359052436,0.023,normal
33.95976564318048,10.869210502348535,0.7388300991722954,193.77257131602425,33.960736891540044,10.869448570876576,0.7388300991722954,157.77109738988318,33.9616625714069,10.869070263086408,0.7388300991722954,178.387608667093,33.95464111806488,10.869778644188433,0.929,degassing
32.922653531851466,9.119634593582132,8.4133381449599,78.8816059187766,32.922112730922144,9.116882784723803,8.4133381449599,76.91418228247753,32.92147777569041,9.11415116441863,8.4133381449599,79.75251728677307,32.92323779022121,9.136416504308803,0.153,normal
34.24951667047086,8.57580474530773,1.9758895568386061,34.38384180499254,34.24869139767696,8.575240011020082,1.9758895568386061,59.011696223771246,34.248176534592865,8.574382738598596,1.9758895568386061,72.04236482783134,34.2517193534657,8.580736429552115,0.869,degassing
33.25113857065559,9.933390025872505,9.449647536791097,330.45214078187485,33.2483983490413,9.934943391684422,9.449647536791097,333.71592520422814,33.24557413431149,9.936338228951264,9.449647536791097,335.1501619450432,33.26680730523513,9.922851614402965,0.06,normal
37.879497425295334,7.952726196438955,19.88637545009469,197.8349393905134,37.885807655941,7.95475643537751,19.88637545009469,193.24459234673506,37.892260127770925,7.956275148066975,19.88637545009469,196.53000124205326,37.84418139498403,7.934777001491716,0.17,normal
33.99978977896865,10.232006939338776,12.588456795605373,210.21814898481065,34.00341573885503,10.23411883629059,12.588456795605373,209.34346351072566,34.00707351549074,10.236175134886622,12.588456795605373,212.01920873691367,33.979277902004334,10.21743388929676,0.059,normal
33.240372644303655,7.664873644851067,15.176902263333025,337.56551009166446,33.23569655736449,7.666804282648588,15.176902263333025,339.2786115729929,33.23096484435691,7.668594266833368,15.176902263333025,336.8860552128277,33.268873918226,7.6546250848783615,0.048,normal
37.43924739753043,10.50876543215622,16.248198064828934,91.49221125758339,37.43938843760602,10.503351202862266,16.248198064828934,92.67735205198933,37.43964143074045,10.497941048925052,16.248198064828934,91.59672007521307,37.441601276888775,10.541121793463331,0.119,normal
37.59369295921447,8.564313627166335,3.03746186669737,10.384160401696533,37.59270933787616,8.564133379939403,3.03746186669737,30.79016374336134,37.591850290086896,8.563621484544072,3.03746186669737,13.056262482546522,37.59774907911534,8.560209832766507,0.75,degassing
35.0327049819476,10.789384751966617,17.835245694556015,270.66469708703096,35.032636013691764,10.795329433804682,17.835245694556015,271.8505039703514,35.03244403646032,10.80127141525187,17.835245694556015,276.65239319902844,35.038198603828725,10.754180054142687,0.121,normal
32.826321724154624,9.619712947158417,10.275509775058676,53.089598636853026,32.82426468564754,9.616974264702263,10.275509775058676,50.83614487743178,32.822101552786926,9.614318583011514,10.275509775058676,50.82914679068361,32.83612379563439,9.637693267498056,0.184,normal
35.38309010376699,8.377314034935248,11.063101002985569,163.51665685063392,35.38662624796065,8.37626769942623,11.063101002985569,163.42057321635212,35.39016063250358,8.375215435363115,11.063101002985569,161.19812028162664,35.361439306498745,8.381580917617839,0.135,normal
35.85649226997196,8.680523617115838,16.172797812286085,167.05163333430207,35.861746124036884,8.679315655276044,16.172797812286085,162.53385087991538,35.866888504696306,8.67769760846105,16.172797812286085,161.51235761053582,35.82466072830203,8.686050094468653,0.085,normal
33.51969215125776,8.858348824897595,2.8047012098377797,316.5561526846178,33.51896610261384,8.859036468240227,2.8047012098377797,323.627433311593,33.51816092477883,8.859629501674377,2.8047012098377797,338.98912399142125,33.52548792951345,8.857397603063196,0.792,degassing
36.90052554268232,7.509045249683436,2.9371084754350676,58.144971500622326,36.89999777086882,7.508195863485714,2.9371084754350676,39.501592628377026,36.89922616396655,7.5075597638171345,2.9371084754350676,27.139897286110312,36.90595256343483,7.511013832826769,0.755,degassing
33.55325782528936,11.560847910494024,2.693930828537046,159.87803119941103,33.55419678770371,11.56050389074977,2.693930828537046,186.5879405909276,33.55519018463886,11.5606186188162,2.693930828537046,157.11898123769902,33.550455440396554,11.565935772628935,0.702,degassing
37.91785067149762,7.933945972024292,8.087143484562558,196.55289279314005,37.920434667864946,7.934713982057694,8.087143484562558,193.93925309080237,37.92305099808215,7.935363360862644,8.087143484562558,189.07028466644803,37.90260275835748,7.928566903580579,0.076,normal
34.146365663785794,8.994957489176663,13.48303111230208,44.178840612867056,34.14314246419905,8.991825379703064,13.48303111230208,40.29913509996811,34.13971472671294,8.988918535872221,13.48303111230208,38.04693322724522,34.16575626425258,9.013658694027278,0.083,normal
37.919775680661715,11.801220165703397,8.199563649336454,289.67803427409035,37.91885532255831,11.80379373461949,8.199563649336454,286.6024561555416,37.91807437029178,11.806412976792675,8.199563649336454,291.1449133211406,37.924667166799345,11.785572696442738,0.171,normal
36.405915499662385,8.825270781455293,1.0010650571026316,106.12767701238421,36.40619327839248,8.824310136371453,1.0010650571026316,77.58346817781617,36.405978261270384,8.823333526092373,1.0010650571026316,71.83205817936235,36.405413751053516,8.831147923880138,0.899,degassing
33.264926464227294,10.882015192436402,9.073181787622243,235.6171752622955,33.266634398872164,10.884511172782457,9.073181787622243,239.01482248450122,33.268191406187235,10.88710398724937,9.073181787622243,236.85717092380563,33.25663580381987,10.865888918165576,0.145,normal
36.166535071924585,11.4170134261227,17.196048640356736,336.65754668809876,36.16127220375679,11.41928459950218,17.196048640356736,337.8874434637194,36.15596179935833,11.421442286920723,17.196048640356736,336.4475780576215,36.199131614536334,11.406119230784299,0.018,normal
37.63146328927958,10.860085330147422,12.41284431166209,50.64139828478466,37.628839329764816,10.85688615955891,12.41284431166209,49.87222986785855,37.626172660644585,10.85372250158234,12.41284431166209,45.33154367920581,37.648905943259585,10.877698689694386,0.12,normal
34.362225045163065,9.923589691495515,9.736409439100143,173.61638952561114,34.36545039229837,9.923228845040542,9.736409439100143,173.6180628753507,34.36867574997099,9.922868092783478,9.736409439100143,170.24589632974323,34.34287863914098,9.925681762121146,0.199,normal
34.853257110236115,11.229199648300597,16.449685719593973,180.1191487547419,34.85874032695327,11.229211050874943,16.449685719593973,181.78770328781354,34.86422088672213,11.229382107023168,16.449685719593973,176.97627533619377,34.820466245938555,11.2268999605765,0.197,normal
37.0800483727742,11.95505125970765,12.048921771863473,206.51871914680092,37.08364211846597,11.956844501433645,12.048921771863473,203.9415772962577,37.0873128615191,11.95847433867177,12.048921771863473,199.03843429652616,37.05817408441866,11.94495579802114,0.161,normal
36.25919267718295,9.56119953427293,0.981463358153351,29.47880666651396,36.25832213940231,9.560707432685376,0.981463358153351,57.892976091425496,36.25779063697783,9.559860375914687,0.981463358153351,74.60645054557922,36.264543332983074,9.56351755171925,0.828,degassing
37.55860671897241,7.931482819328557,1.128715077845165,5.324887993162122,37.55761103449186,7.931390016229508,1.128715077845165,353.3170636088985,37.55661782913994,7.931506391179171,1.128715077845165,314.8949228225873,37.56327470793917,7.934320733232203,0.813,degassing
36.775299538159715,10.445266156866488,18.37874947352962,280.77031650780197,36.774154711205206,10.45128448787737,18.37874947352962,279.2383617689229,36.773171190326764,10.457331274097667,18.37874947352962,281.4862013663617,36.77787227474977,10.40864304345121,0.149,normal
33.08415818155788,9.67774152648715,2.01779767531359,170.80380608233807,33.08514532844147,9.677581710873959,2.01779767531359,205.723941989411,33.086046224172506,9.678015746450615,2.01779767531359,237.768641583653,33.07898739497632,9.675131846092958,0.875,degassing
36.74151743900281,8.03885067652862,19.588172524444673,272.84943954223695,36.74119285251008,8.045371994521906,19.588172524444673,271.85841347634977,36.74098110601702,8.051897951017585,19.588172524444673,275.05177174404423,36.74049190476584,7.9997549552012766,0.196,normal
34.16506035476632,9.960321888578024,19.342741816475332,149.76747940599986,34.17063099447214,9.957075464555778,19.342741816475332,145.30533324705172,34.175932176080906,9.95340548237391,19.342741816475332,147.2993334698713,34.13040469128026,9.9774599058701,0.042,normal
36.92169097381659,8.578112118030191,11.596510755069717,76.6284655780729,36.92079701974467,8.574351404788914,11.596510755069717,75.60702170800005,36.919836166943455,8.570607225324702,11.596510755069717,71.03279242778098,36.93001481942928,8.599709267774584,0.051,normal
36.181536080161436,9.920125773121189,16.792098784691067,29.2487928016179,36.17665234282403,9.91739088396707,16.792098784691067,32.32251859777763,36.17192227864232,9.914398058896504,16.792098784691067,30.354489259241127,36.21027325180247,9.937459418562794,0.016,normal
32.67462324276454,9.973151380403484,15.682129867879226,18.441267661043714,32.66966430020511,9.971497791867277,15.682129867879226,20.708737637414522,32.66477466378572,9.969649300038524,15.682129867879226,22.373564151385096,32.7045248750697,9.982477746100932,0.061,normal
34.937833309223485,9.877458947036962,3.528894223175857,296.6103464322059,34.93738538867719,9.878353020403196,3.528894223175857,264.8847269683072,34.937474548480274,9.87934903773714,3.528894223175857,256.2873714242967,34.94064569122059,9.872647727075964,0.738,degassing
35.090163051005725,8.20867237004435,12.54560797520525,45.62967225619629,35.08723869807028,8.205683023801287,12.54560797520525,43.375479528452196,35.084199028349325,8.202811014219229,12.54560797520525,47.84683327402881,35.10590356581343,8.228204808487003,0.086,normal
37.28620759425579,11.165172128166219,3.5027251601539398,123.20398287883049,37.28675521564509,11.164335401918283,3.5027251601539398,138.18502988612562,37.287500517469205,11.163668674694476,3.5027251601539398,145.66384712816483,37.28741673875532,11.170654499414558,0.989,degassing
35.03792858457061,10.78836493292127,14.180137844543623,183.5153102319585,35.04264640363822,10.78865475250064,14.180137844543623,181.53649070338685,35.04737141676632,10.788781492718087,14.180137844543623,177.65568536503324,35.009964400793116,10.784155756629525,0.165,normal
35.167856195549774,10.238587473089428,3.876265843137079,265.05200869836125,35.16794244698787,10.239583746490371,3.876265843137079,263.17069543172715,35.168061358804,10.240576651309569,3.876265843137079,232.61625018663375,35.16544774131884,10.233540310702319,0.775,degassing
36.59518263059535,8.041430766636712,11.522540473766695,107.9034135803223,36.59636335803686,8.037775908631422,11.522540473766695,107.21499413444839,36.5975000875097,8.034107128120743,11.522540473766695,104.83473691304941,36.5883130560475,8.063398506233256,0.123,normal
34.13075505493102,7.516132377425366,10.233892476743586,314.9498218033329,34.12834501676782,7.518546640590913,10.233892476743586,315.0293606107888,34.12593162941383,7.520957555782331,10.233892476743586,319.01598282281105,34.142788899707675,7.499636808440349,0.086,normal
36.85311850986584,7.997244165373378,18.072289535941785,152.38126713922935,36.85845617297295,7.994451480045486,18.072289535941785,153.0416655922705,36.86382566965952,7.991720501444581,18.072289535941785,154.50428782149712,36.822287448527064,8.015922535646599,0.096,normal
33.578253891673455,9.388939630689284,17.59784102574615,201.08053591097107,33.583727264732715,9.39104949363784,17.59784102574615,198.43660881511548,33.589292136941715,9.392904630184027,17.59784102574615,200.18773182987178,33.54734462071419,9.372204946112834,0.153,normal
36.0864214789207,9.036538641032532,16.849178672554693,348.6151135221241,36.0809155982274,9.037647310007262,16.849178672554693,348.755821083303,36.07540701145921,9.038742454254287,16.849178672554693,350.8611547928541,36.11914762483638,9.028663896772153,0.04,normal
36.84961390687178,10.653943906863033,10.17425899404308,188.02247029782245,36.852972136108065,10.654417218323417,10.17425899404308,186.67769838000797,36.85634054833709,10.654811586675764,10.17425899404308,185.76573639023954,36.82932331693878,10.65290350747292,0.061,normal
33.374595709511674,9.014794769997035,14.118364312685086,169.6843778888789,33.37922576237714,9.013952042610486,14.118364312685086,171.99191699700805,33.383885991718735,9.013296419648077,14.118364312685086,173.9490170970742,33.34774735799604,9.023243628051214,0.182,normal
33.10256461592659,11.777154035656945,11.652280340629392,122.51241767082585,33.10465224772943,11.77387867684304,11.652280340629392,121.9947354038109,33.10671020100403,11.770584589682134,11.652280340629392,126.85811956995016,33.088668284198185,11.795852779334355,0.177,normal
36.43934416088618,8.031747349203519,18.946121980313187,211.65661233037656,36.44471986269663,8.03506182936217,18.946121980313187,209.61001179145447,36.45021050319322,8.03818221645582,18.946121980313187,212.7056757865321,36.40776243754988,8.010874987741104,0.11,normal
37.27964490814196,11.33085703366085,19.701513887703975,332.0605563585283,37.27384318474082,11.333934003664988,19.701513887703975,329.88729761304955,37.26816231747013,11.337228770103218,19.701513887703975,330.4024754120759,37.314849170460704,11.313227552575203,0.113,normal
36.15996798655688,10.832774247033331,2.8964299772951336,183.68276670803704,36.16096592153989,10.83283847918792,2.8964299772951336,210.44130910401924,36.16182807014479,10.833345134675465,2.8964299772951336,172.71823569602023,36.15445798306517,10.831108267939337,0.937,degassing
36.2427869637447,9.872792203231148,10.644035932096571,108.5428089127429,36.24391527808189,9.86942838163243,10.644035932096571,111.83171794390088,36.24523471906373,9.866134832712651,10.644035932096571,111.31020873469244,36.23947194019099,9.893778002861351,0.165,normal
31.998248087204605,9.056410969441286,12.429321943929363,216.23726234542747,32.00158981829888,9.058860085917525,12.429321943929363,215.74451162146661,32.00495248825532,9.061280372880827,12.429321943929363,213.68989444868998,31.978307673161492,9.04159550552788,0.194,normal
37.87468768645308,10.992804199941963,9.277312790388065,283.80050203863686,37.873950010306324,10.995807365637122,9.277312790388065,282.26225485139906,37.87329321773711,10.998829251440904,9.277312790388065,283.44244507592316,37.88079511166682,10.975292281419781,0.046,normal
34.22047224078295,11.565141738297557,10.178162526433775,31.09118352949387,34.217566895971686,11.563389731950418,10.178162526433775,34.202584314816505,34.21476092848656,11.561482613394807,10.178162526433775,30.5790626011938,34.23808984506496,11.575247027609946,0.049,normal
37.81990890430821,7.949271400260448,3.043676187295874,212.7731878240822,37.820749724317835,7.949812715059254,3.043676187295874,222.54317744334293,37.821486492328305,7.950488860678743,3.043676187295874,214.27969612455325,37.81467461416084,7.947325278114551,0.99,degassing
32.637583399385676,10.815555774153772,2.976095142195956,101.46823473485291,32.63778222401093,10.814575739068486,2.976095142195956,96.4401359773533,32.63789438905508,10.813582049477683,2.976095142195956,98.00610153464734,32.6412091777043,10.818846309661463,0.789,degassing
37.0257544905754,8.133602755941604,8.288010438681406,325.67887180304507,37.02347282772828,8.135160434017752,8.288010438681406,324.12522582813733,37.02123423686496,8.136779401986411,8.288010438681406,327.65146072660696,37.03974210896601,8.124752826818716,0.071,normal
32.72636129178004,11.645611616818401,18.74703789144875,329.2850451892265,32.72098889698316,11.648803408321998,18.74703789144875,328.98023878281464,32.7156335580613,11.652023734996103,18.74703789144875,332.1995610150738,32.75887124979171,11.626954362712029,0.187,normal
36.270567710976266,7.842458904411069,3.765832319283284,330.7646012007392,36.26969509047776,7.842947303290669,3.765832319283284,345.1441209328687,36.26872851667845,7.843203691844398,3.765832319283284,332.67579117744975,36.276010584601714,7.840537703017331,0.755,degassing
33.91198834379635,9.394882516627188,12.967332148707786,253.9225771085482,33.91318538434181,9.399035902775163,12.967332148707786,250.90116782466953,33.91459968215025,9.403120420405276,12.967332148707786,252.56651637398923,33.904387653657245,9.370092205651465,0.116,normal
36.49017941402833,10.67193437155584,8.034393269116848,85.3638491562351,36.48996294651138,10.669265003100989,8.034393269116848,84.78010447580613,36.489719294461935,10.666597978576833,8.034393269116848,89.60855795980503,36.48975032277924,10.687981773340688,0.194,normal
33.45625858456666,11.22789144374991,0.9823045947426952,63.58968969191189,33.4558137882124,11.22699581201575,0.9823045947426952,73.3928270341971,33.45552797987304,11.226037525214656,0.9823045947426952,57.075798545634655,33.45940195615023,11.232670625921891,0.724,degassing
35.42039729509004,11.17039775606023,10.189094138422435,60.80049083913603,35.4187403711574,11.167432980125383,10.189094138422435,58.81485158373411,35.41698171559726,11.16452739517856,10.189094138422435,56.33378034048896,35.43098808645574,11.187800302800866,0.101,normal
37.00753048485284,10.550441156886498,14.649871055311568,322.856953925701,37.00363786509404,10.553389721973632,14.649871055311568,322.83822955077835,36.999746209140035,10.556339559019186,14.649871055311568,318.6467272499746,37.03157743165223,10.533765294381315,0.037,normal
35.361330862103685,11.27528471526767,13.621233148343824,296.78452256065816,35.35928478757751,11.279337974638999,13.621233148343824,293.5119857628016,35.357473431902825,11.283501425505497,13.621233148343824,292.0930774197025,35.372129487554886,11.250335916258436,0.108,normal
35.57796388052578,10.918170653895782,14.62029652610951,105.6824781755621,35.57928119862552,10.913478637890693,14.62029652610951,107.99079805078459,35.58078642758279,10.908843486657547,14.62029652610951,112.66713013410408,35.56747121280992,10.945445909767555,0.08,normal
36.5270454574536,10.761830042438282,16.43188172650514,348.04744484976044,36.52168691439576,10.762964399022852,16.43188172650514,345.63293143290554,36.51638091771286,10.764323497166764,16.43188172650514,346.5600658203606,36.55870256738924,10.753035600452064,0.177,normal
36.31688077502731,11.4651913744315,15.850641799646255,294.62677320436694,36.314679091213364,11.469994338110444,15.850641799646255,289.99009961221526,36.3128728695555,11.47495956066744,15.850641799646255,293.3796293475557,36.3326112310551,11.437728303452158,0.178,normal
34.322973597625534,8.438735130955621,0.7624940116186051,201.956514054333,34.32390106552929,8.439109033733763,0.7624940116186051,202.15468811527018,34.32482723463674,8.439486142185546,0.7624940116186051,191.93151640763733,34.32036445156618,8.434260131234073,0.748,degassing
34.188312057486115,7.916640845773781,17.263286125130158,59.37936449880556,34.185381031251474,7.911688822452789,17.263286125130158,61.819101463869785,34.18266346243509,7.906616518293141,17.263286125130158,62.086491925248794,34.2057536746026,7.946349883494424,0.026,normal
37.057722054578555,11.795791236312093,16.18641076205917,135.96897760960522,37.06160120117255,11.792041126851784,16.18641076205917,132.21361304321587,37.0652263991833,11.788044998895266,16.18641076205917,134.5853387158924,37.03270432024926,11.81630544786027,0.08,normal
34.34009497791083,9.588548498720835,13.590531152649703,38.7357632088878,34.33656125865942,9.585713832538621,13.590531152649703,39.087233239052594,34.33304499450421,9.582857542899394,13.590531152649703,35.08596808440106,34.360282353821106,9.606608070985093,0.14,normal
33.678121520121664,7.683390819868801,13.63961054195587,50.98406485592571,33.675259309195354,7.679858293022853,13.63961054195587,55.67083231574959,33.67269530556447,7.676103711463634,13.63961054195587,57.46896612351256,33.69455781080475,7.705152777829138,0.054,normal
32.49147350626777,7.817364317408043,11.580041635672082,151.90739058157618,32.49487876270321,7.815546644238415,11.580041635672082,151.6596111515664,32.498276126671676,7.81371426185244,11.580041635672082,147.94671985454474,32.47087459034803,7.827932241713871,0.095,normal
32.95495685732265,10.648581612959699,16.31481724116059,124.51067403936568,32.95803796363313,10.64410036416619,16.31481724116059,121.67995029966869,32.9608940023212,10.63947242187419,16.31481724116059,126.58063521061365,32.93677406342834,10.675651775631703,0.03,normal
32.900288857574346,11.401557895692893,19.639713496620534,35.206027663196046,32.89493975737266,11.397783677753003,19.639713496620534,40.169258750803294,32.88993724588353,11.393560826485604,19.639713496620534,39.96234176869747,32.93219865747987,11.424426392845923,0.033,normal
34.10294800948942,11.781949663360987,14.922037150422137,343.27143821884783,34.09818450165009,11.783381372917978,14.922037150422137,348.1095255315801,34.09331721538984,11.784406225908297,14.922037150422137,344.9717320380265,34.13239577597295,11.777352558939574,0.153,normal
33.06140519225723,9.441382616793527,15.13870172166739,66.37643592652962,33.05938303577546,9.436759267378912,15.13870172166739,62.925519840421714,33.05708625070551,9.43226602189387,15.13870172166739,64.1098866116259,33.07228558252997,9.469592938003514,0.123,normal
34.986561455022795,10.878487925658447,9.196424868720039,329.3821321120379,34.98392335865644,10.880049202145544,9.196424868720039,334.05577673909414,34.98116682113425,10.881390335097977,9.196424868720039,333.24344091965077,35.00135674061733,10.86759662785774,0.083,normal
36.22574945281218,10.834150848420695,1.8112533035701972,353.70970318444216,36.224755473287196,10.834260414400424,1.8112533035701972,323.3411303183112,36.2239532688387,10.83485746383122,1.8112533035701972,340.65277650108123,36.23136814953417,10.834980150740623,0.945,degassing
35.602415418223025,9.00699446426642,3.9749019369860656,337.9363606203874,35.6014886510221,9.007370100467147,3.9749019369860656,2.523528350559161,35.600489620796935,9.007326070827132,3.9749019369860656,324.6443025056023,35.60766929193222,9.009187464043174,0.831,degassing
36.796028635011105,9.755666091888212,17.41137552785982,229.62457696242555,36.79978829178731,9.760087514812744,17.41137552785982,232.02227573457748,36.80335968447711,9.764662354045733,17.41137552785982,230.74909191815456,36.773617704591025,9.7290618452884,0.016,normal
36.439270282641495,8.092405263906892,15.578021506451643,163.29177900414962,36.444243728296705,8.090912380831634,15.578021506451643,159.3126865982824,36.44910159033831,8.089077976855817,15.578021506451643,161.91546775603507,36.40956286367341,8.101679956791617,0.128,normal
32.61278774818412,9.560936702982307,9.284919840857569,212.22044877235885,32.615406104646105,9.562586875410767,9.284919840857569,216.2926773622079,32.61790066529617,9.564418821580514,9.284919840857569,212.34662947644517,32.59703001275199,9.551131804244756,0.075,normal
37.453586740599384,11.145662471216404,8.12168349954231,63.256574712758336,37.452368498988925,11.143244833956746,8.12168349954231,62.19002612278303,37.45110546724129,11.140850291548434,8.12168349954231,61.51708762458305,37.46012341464909,11.160489347505262,0.006,normal
35.07612978274471,8.17808770374111,9.377461483946952,304.7173191150701,35.074349540414126,8.18065704042772,9.377461483946952,307.51970800043085,35.072445808572446,8.183136265879295,9.377461483946952,309.24431071918906,35.08824594517202,8.163789192222637,0.103,normal
33.150361075439996,8.261457027629898,18.647778694396862,244.9162538584476,33.152996270814086,8.267086724269628,18.647778694396862,244.07977130428355,33.15571337248917,8.27267735012031,18.647778694396862,245.15151205801658,33.138146188496314,8.226307402806375,0.121,normal
35.39627484827319,9.177028941099994,8.771195034629407,219.8951070455396,35.39851799347978,9.178904176154141,8.771195034629407,219.78153894423306,35.40076485125076,9.180774961305659,8.771195034629407,224.44393883539368,35.3835179018205,9.165028375183685,0.072,normal
35.94254846931033,9.16441860873071,9.467643261817067,272.2088348075131,35.942426835684024,9.167572144951835,9.467643261817067,273.9201409165114,35.94221108072478,9.170720642249684,9.467643261817067,278.81113067333376,35.944879147507244,9.14565011599924,0.177,normal
32.44751810453714,11.519495504286061,3.1467042120040913,98.6322871630181,32.44766819703814,11.518506832327754,3.1467042120040913,122.86242698498873,32.44821082077145,11.517666856444738,3.1467042120040913,137.25271426617388,32.44382956061989,11.523698567885432,0.893,degassing
37.92611903971502,11.60454408319799,3.4457500233053224,159.70567863449457,37.92705696303012,11.604197240503108,3.4457500233053224,126.26291999830983,37.92764845451389,11.603390929257605,3.4457500233053224,94.59655799077115,37.92471775616144,11.609949209816278,0.794,degassing
34.342382269005,10.638643884900029,18.184067753651483,163.27414240325757,34.34818718538906,10.636899470574992,18.184067753651483,164.53508157384883,34.35402908324649,10.635283220289102,18.184067753651483,168.32095210780128,34.31009716463205,10.654773652393988,0.18,normal
37.43389588732132,11.94511138407487,18.416178469582587,332.8340814077171,37.428434335632396,11.94791413486187,18.416178469582587,336.72604543738663,37.42279514160737,11.950339717178116,18.416178469582587,333.8766050830486,37.46693745182734,11.928887333251728,0.172,normal
37.32519836709744,11.848798978138626,2.0637290912778923,127.01356715338251,37.325800371213816,11.848000485155648,2.0637290912778923,120.782789366456,37.32631215603931,11.847141371488899,2.0637290912778923,118.57567512263662,37.31975122361598,11.850678176995096,0.898,degassing
33.24373577480344,7.848691507525963,8.7232031416126,345.31322541307776,33.24092304686027,7.849428718991851,8.7232031416126,342.1281109708887,33.2381556249481,7.85032107272653,8.7232031416126,344.9667562899221,33.2599086149086,7.842188892087426,0.101,normal
33.31565101072881,9.13632842544546,3.537505754617402,349.53837198484445,33.31466763399544,9.136510002427139,3.537505754617402,14.502094172936154,33.31369949550715,9.13625958703725,3.537505754617402,352.1004094117667,33.31960740328954,9.132109864184066,0.756,degassing
35.971370479923046,9.555997415445635,19.12313263568022,87.26994560831514,35.97106686570719,9.54963027264081,19.12313263568022,90.7637451459643,35.97115183279862,9.543256461404,19.12313263568022,91.44900877879333,35.97658129792829,9.593785416947224,0.119,normal
34.95541032309262,9.43662005060069,15.756138287390254,242.53468147789695,34.95783262775828,9.441280139473136,15.756138287390254,247.00330376786312,34.95988448688566,9.446114791716445,15.756138287390254,249.80750612217597,34.9353751974641,9.412452972354075,0.176,normal
33.227450209702006,11.045001090666256,11.455910596774817,124.39230310950691,33.229607190242355,11.041849992054688,11.455910596774817,128.44987744237903,33.231981732326375,11.038859417293462,11.455910596774817,126.11105473461373,33.214023413838504,11.06355845364015,0.028,normal
34.85283433380096,9.01309957343466,11.165986259096043,64.99811552599598,34.85126123961944,9.00972635174015,11.165986259096043,61.467218846703815,34.84948338574994,9.006456415116457,11.165986259096043,59.675189424162795,34.8608820282756,9.033906647856984,0.105,normal
32.87309691758535,7.93814005854041,16.834237545938254,116.42906243557424,32.87559449814316,7.933115116573155,16.834237545938254,111.53113125127382,32.87765392417943,7.927895277991535,16.834237545938254,109.18298121026127,32.86137208929198,7.9696468484938014,0.119,normal
36.13408654349165,10.78069957904226,19.74364925119152,9.03447567641366,36.12758697342839,10.779666138903169,19.74364925119152,12.618144418206517,36.12116470897582,10.778228457147893,19.74364925119152,11.024475287248865,36.1728256074912,10.788085608150805,0.175,normal
37.40915971032577,9.518039587644774,14.322882548715373,348.31391111982686,37.40448437762929,9.519006618731204,14.322882548715373,344.4339620916928,37.39988519596379,9.52028779512526,14.322882548715373,342.6432984657339,37.43708994790199,9.511785171485206,0.194,normal
33.72760202686798,11.863074993607501,2.8993434497338444,186.27106229450678,33.72859604311888,11.863184225896449,2.8993434497338444,148.93734477559198,33.729452646692465,11.86266825078298,2.8993434497338444,176.91912463514308,33.72191323818273,11.862087308492077,0.792,degassing
35.9612446478576,7.51507831148417,12.202618826513477,93.59206745055742,35.961499488744415,7.511018762914209,12.202618826513477,91.93880746104811,35.96163710221761,7.506953551849398,12.202618826513477,88.3487020241573,35.96096976583196,7.53944219187692,0.071,normal
35.82427844031369,9.399407108554788,0.843485438269509,298.00800279335243,35.823808845429696,9.40028999056555,0.843485438269509,313.1491387402807,35.82312494569625,9.401019566575709,0.843485438269509,328.98732631738596,35.828057556041365,9.3948342462221,0.87,degassing
35.283619586930286,9.181809876045763,13.242713787797895,309.2694491701726,35.280825514864745,9.185227281170816,13.242713787797895,311.13684454853757,35.277921565645514,9.188551822556978,13.242713787797895,311.7178312350255,35.30214872628301,9.162890449624268,0.151,normal
33.80484405061313,8.591145523347265,9.527298327167905,183.41631980711628,33.80801417305215,8.591334769486004,9.527298327167905,185.48288793934276,33.8111754093308,8.591638209051583,9.527298327167905,184.82714193552087,33.78584457542096,8.58994741009398,0.13,normal
32.57256738357605,8.809443633192842,11.975691157369088,173.08595121489657,32.576530250973626,8.808963087600171,11.975691157369088,171.34182122106887,32.5804766564929,8.808362150369778,11.975691157369088,168.93709182611013,32.54911728289287,8.814086431546103,0.062,normal
32.03601337569961,9.681151012158539,0.9014810229465156,185.58775422328299,32.03700862393317,9.681248382346991,0.9014810229465156,215.9050008273545,32.03781861439142,9.681834825402658,0.9014810229465156,207.60174784432144,32.03169840918406,9.685014065504188,0.953,degassing
36.93971384751515,10.553893960101735,15.405902217912363,306.8865867706631,36.936631470553245,10.558001303032125,15.405902217912363,310.0385082410007,36.93332791967598,10.561932952213377,15.405902217912363,308.6765365928398,36.959726587323956,10.53047341880191,0.134,normal
36.1751491554394,7.990469429778675,13.097995473280536,145.57534888973439,36.1787505381376,7.988001234995974,13.097995473280536,144.93325804839415,36.182324035202264,7.985492836791332,13.097995473280536,145.36243524917896,36.154632628145535,8.006723406432718,0.055,normal
34.14364690073752,11.351259670086566,1.7209192861536653,153.92320076293245,34.14454510638409,11.350820094590807,1.7209192861536653,188.90193908608637,34.14553306101337,11.350974838412975,1.7209192861536653,197.6519930205144,34.137905135884445,11.35214738249959,0.975,degassing
34.25246687816161,9.609552238244389,14.912467453643696,244.51229318369883,34.25460590972477,9.614039288516524,14.912467453643696,244.25795411015812,34.25676483840711,9.61851679933365,14.912467453643696,241.50397412482377,34.23839969471,9.583265382032865,0.021,normal
34.86136561780685,10.920025814089094,3.3299441912057914,22.80290648617563,34.86044377431424,10.919638251739094,3.3299441912057914,350.81936173074337,34.85945658407753,10.919797799338703,3.3299441912057914,11.88998685386764,34.866600009396294,10.922269800854762,0.882,degassing
37.542148955069784,8.94238717668645,1.8217013103236126,272.5320577099175,37.542104776709216,8.943386200346058,1.8217013103236126,296.55330343047217,37.54165774651366,8.944280719213527,1.8217013103236126,290.6509305001432,37.53803763218995,8.938870563412529,0.901,degassing
36.85248260485307,11.53022752756322,12.896328440454157,122.4804638896471,36.85479109925675,11.52660118919668,12.896328440454157,125.62742032729733,36.85729518809018,11.523107049034245,12.896328440454157,129.90776916909033,36.835804654625946,11.549851643715613,0.028,normal
34.57311568396183,9.196406979100185,8.937725674557004,22.497760549661447,34.57036317879601,9.195266980170238,8.937725674557004,26.318485595855623,34.56769275488923,9.193946102277964,8.937725674557004,28.33621576478584,34.58986246259607,9.202606561265409,0.194,normal
35.46450753352048,11.332840433707911,14.000564096472203,331.98511563698196,35.46038751470591,11.335032459653808,14.000564096472203,330.00993655394694,35.45634549536574,11.337365186048745,14.000564096472203,334.44345456537224,35.48812356128515,11.31786093920459,0.109,normal
37.552851287523055,10.477537855228963,10.827406420727531,320.429598258685,37.55006921278267,10.479836967885081,10.827406420727531,316.38635960320715,37.54745617104189,10.48232652040061,10.827406420727531,311.90638363730073,37.57069186374484,10.465342411043775,0.054,normal
32.20625528468391,9.773305258729689,13.178186757349305,240.3684836994874,32.20842713801923,9.777123520172635,13.178186757349305,235.65382721031222,32.210905478738724,9.78075035000528,13.178186757349305,232.15549218586224,32.19152737604118,9.751492516954537,0.153,normal
34.58565330377239,9.431777833773605,13.255434255420496,57.07125440478241,34.58325143842369,9.428069196364046,13.255434255420496,58.39416769744453,34.580935835112335,9.42430609526345,13.255434255420496,53.56882212882104,34.60300146268795,9.451756893315222,0.198,normal
36.327849652189926,11.160182541291416,9.520590731968511,18.320006969474477,36.32483696985886,11.159185024684243,9.520590731968511,19.823332327327652,36.32185149429602,11.158108813797282,9.520590731968511,24.386138045948826,36.346121672907955,11.165486627708617,0.147,normal
37.48681133112642,8.4723746051972,19.297123852396037,258.99354611057515,37.48803939729829,8.478688660684517,19.297123852396037,257.4571074037446,37.48943631882796,8.484967518340122,19.297123852396037,259.5302732623582,37.478686192496596,8.434662241958105,0.027,normal
33.38296677485016,10.84145887860734,1.8033649477153095,110.77711886839816,33.38332150846062,10.84052391119314,1.8033649477153095,72.54434280167456,33.38302154085924,10.83956996180343,1.8033649477153095,101.18744423407689,33.380823764825266,10.84648861529047,0.784,degassing
34.966305994287374,11.38869502868425,8.532986601392786,131.6911887792092,34.968197801575606,11.386571053192727,8.532986601392786,132.38033913254463,34.970115018459815,11.384469985339635,8.532986601392786,135.5360711637167,34.95684652650291,11.402874760290082,0.118,normal
34.04277088264979,11.231813633216229,1.9964221621986056,158.00810091746098,34.04369811945985,11.231439157718933,1.9964221621986056,193.43861346054518,34.044670738934826,11.231671561154563,1.9964221621986056,174.60545439982815,34.03829547051528,11.23418087781996,0.749,degassing
36.47882682514141,11.667426989572572,8.182200963559758,50.835106867063864,36.47710432359895,11.665312349899192,8.182200963559758,54.979738193351395,36.47553916106393,11.663078747707448,8.182200963559758,50.470065873880095,36.489936087160906,11.6794388925408,0.025,normal
33.931640674277105,8.702612452156306,13.552691222780943,68.08472531897651,33.92995456081223,8.698421342096083,13.552691222780943,63.4258703904589,33.927933604681904,8.694381030415945,13.552691222780943,63.761475383191026,33.94189275680042,8.727682241520627,0.153,normal
37.207299872250644,8.065754292682978,9.762821424416229,219.74149963446575,37.20980220278226,8.067834831057752,9.762821424416229,223.59703400511157,37.21215897247503,8.07007891987809,9.762821424416229,228.1012372626222,37.191988426973275,8.05366108515035,0.136,normal
34.11701201864026,10.732452320873584,1.724053776875676,178.7945695243517,34.118011797334326,10.732431283694902,1.724053776875676,177.91172812953968,34.119011133207934,10.732394844543963,1.724053776875676,182.40671340410339,34.11180590580488,10.735235286573756,0.8,degassing
35.92682723072898,9.614203767480307,15.462996426030166,346.8127511736384,35.92180881988092,9.615379646891752,15.462996426030166,342.50966602902446,35.916892784536536,9.616928755126489,15.462996426030166,347.06356025893774,35.95723368459849,9.608704797265613,0.166,normal
36.36648304291191,9.214431698936114,8.941339667604508,356.58960974871974,36.36350787455805,9.214608997945104,8.941339667604508,359.3437996747031,36.36052762346953,9.214643131824785,8.941339667604508,354.988620976378,36.38434747531914,9.213967772170069,0.088,normal
37.01615664221909,8.829709282592901,10.916880112797553,88.70473380057689,37.01607438449411,8.826071252381107,10.916880112797553,89.14652206309194,37.01602018054967,8.822432696061954,10.916880112797553,90.52687248662983,37.01674418092,8.851517789178503,0.121,normal
34.517787835981125,10.053774859029234,9.503375106368983,299.8590264731,34.51621069489283,10.056522135909281,9.503375106368983,300.7828520742825,34.514589464190806,10.059243627279624,9.503375106368983,298.01836935935637,34.52540651263115,10.036426863181893,0.155,normal
37.25903733200522,7.572516679281936,1.4218164285964028,101.6886193549947,37.25923992479382,7.571537416211046,1.4218164285964028,82.26029995981294,37.25910525199191,7.570546526087759,1.4218164285964028,47.85028671932044,37.2624658299871,7.577019337452952,0.821,degassing
36.287529075050195,8.025255020832004,18.7802467051125,330.09589248362704,36.2821024538395,8.028375984116805,18.7802467051125,325.1545514469065,36.276964827852716,8.0319527744111,18.7802467051125,323.98825550813365,36.31863604264121,8.004216048863409,0.037,normal
37.50050701322469,11.716496921673624,3.634597100520455,39.1907733116366,37.49973196696651,11.715865017173185,3.634597100520455,27.238392503326594,37.498842857083034,11.715407323372586,3.634597100520455,37.648479806305176,37.505222116156155,11.71988012703929,0.874,degassing
34.55919855526072,8.95529566521276,1.1244553427196877,130.03294752670655,34.55984178327247,8.954529990526678,1.1244553427196877,111.26288765361191,34.56020443093996,8.953598064204881,1.1244553427196877,86.14391323911272,34.5540395439525,8.95807716810183,0.966,degassing
37.50600609030245,11.930552180892137,19.09419023081731,266.39156823955983,37.50640666980434,11.936904292746863,19.09419023081731,269.32313711903276,37.50648185770421,11.94326857870304,19.09419023081731,272.91310586772323,37.50757890263054,11.892457264075535,0.041,normal
35.424321894002375,10.795601580026782,3.408632353607363,156.39209486319652,35.42523820148679,10.79520110456686,3.408632353607363,139.88631886366022,35.4260029690615,10.794556798306862,3.408632353607363,171.11712872135598,35.418702747114835,10.79529682680895,0.938,degassing
33.95944264122986,9.796985357786323,15.567487305598414,104.36588561228017,33.96073014061864,9.79195845495229,15.567487305598414,102.29778759709565,33.96183539412243,9.78688836407823,15.567487305598414,99.52733188843632,33.94961033417333,9.826459502638867,0.127,normal
32.83592266303647,9.18638074915601,16.08017157277569,336.8443326703661,32.830994412711824,9.188488487713709,16.08017157277569,333.7056441517298,32.82618896024959,9.190862901267232,16.08017157277569,337.1913130877658,32.86594721451521,9.175056381026005,0.042,normal
34.497682946433265,8.6937359874999,15.006787470106701,139.6933693103827,34.50149763915996,8.69050013376091,15.006787470106701,138.12395964533943,34.50522227754822,8.687161017276587,15.006787470106701,138.2816290159265,34.477445749379626,8.715862923626126,0.022,normal
36.53249437699503,8.791750192374712,1.638889661922208,328.40823565104796,36.53164257475236,8.792274055848699,1.638889661922208,331.2293610652314,36.53076602131404,8.792755360398608,1.638889661922208,1.9638266784807001,36.53643560155878,8.787672663422093,0.787,degassing
37.35528357459474,11.02803763237376,17.261583893584493,16.59519405189988,37.3497693815598,11.026394283655923,17.261583893584493,17.68141011353441,37.34428733223194,11.024646698178193,17.261583893584493,19.505226531345546,37.388241538826804,11.038274367750509,0.033,normal
35.74248273411246,11.757868897138833,11.956210118164002,219.26052812473577,35.745568537773366,11.760391050149583,11.956210118164002,217.0382409153205,35.74874982090557,11.762791649590561,11.956210118164002,221.83904174915085,35.725103250350074,11.741506196371356,0.031,normal
37.16344488880706,8.513784083084154,18.92784536247372,286.2672577072382,37.161677544326054,8.519840776089369,18.92784536247372,283.93391421265125,37.16015825298302,8.525964401689366,18.92784536247372,286.7777632343728,37.172781771333625,8.477172368215546,0.154,normal
33.637342069832165,8.040745735135294,15.863311505384827,278.67647604344364,33.63654438341889,8.045972991898237,15.863311505384827,280.9764894319892,33.635537559228744,8.05116402473668,15.863311505384827,278.5712320671334,33.63882269017336,8.00907655398263,0.159,normal
35.62948153849567,8.91819922506496,14.148267574025692,106.54310726867885,35.63082438191181,8.91367835470402,14.148267574025692,109.51644033689476,35.63239992037407,8.909233225255441,14.148267574025692,111.77594293710972,35.622796891510696,8.945674875962512,0.049,normal
34.97285388386503,9.282547563880348,14.558976982347255,132.26111751141067,34.976117571795804,9.278955924196197,14.558976982347255,127.50921156163243,34.979072505296486,9.275106261543858,14.558976982347255,130.2686029605183,34.95467413053761,9.305282820869323,0.173,normal
33.48992759932897,8.126533426852513,13.682175891703872,222.1568631253912,33.49330851110809,8.12959441538216,13.682175891703872,224.83256554385764,33.49654284123629,8.132809897283623,13.682175891703872,224.16617348866046,33.468780644046795,8.109264920328537,0.151,normal
35.2731103272782,8.905689983984631,1.6264328518122588,281.2792806853745,35.272914735756885,8.906670669437155,1.6264328518122588,252.58704787411128,35.27321399225443,8.907624842140953,1.6264328518122588,251.43255862225493,35.274023784182646,8.900166250413044,0.992,degassing
34.55019124930617,8.25537607958038,13.846320522415523,291.0901484032592,34.54853044598415,8.259682356432446,13.846320522415523,292.09609182011855,34.54679429710118,8.263958812331579,13.846320522415523,291.62524132128226,34.55960328678972,8.229353646717087,0.105,normal
35.673204579583704,10.713050673786706,11.014872354755703,195.23834489659956,35.67674711237072,10.714015704935766,11.014872354755703,190.96754895921308,35.680351674626635,10.714714242414333,11.014872354755703,186.60552397171088,35.65230612384342,10.706119735668075,0.062,normal
36.16043543038454,9.927631343810994,8.733293469992825,113.92864612544287,36.16161616768788,9.924970451111637,8.733293469992825,115.42411819629005,36.16286594666033,9.922341279558275,8.733293469992825,118.85958798260829,36.153054392658504,9.943446720200187,0.081,normal
35.254780643831445,10.47175715342448,9.829061636594798,25.62721761267146,35.25182659416241,10.470340084162794,9.829061636594798,27.997841442359608,35.24893368744541,10.468802038173141,9.829061636594798,30.197986107427603,35.27244447840621,10.480343518526647,0.134,normal
33.01765503803818,11.024450008336187,9.096059226651231,352.2180399317805,33.014650941614306,11.024860554793095,9.096059226651231,355.56985605882267,33.01162798078448,11.025094758846334,9.096059226651231,359.10493950597106,33.035764971853666,11.022811712452746,0.112,normal
34.30688173770842,9.647928161834127,14.263828454939,119.79588308102333,34.309244358350675,9.6438021062049,14.263828454939,116.37397087178825,34.311356490044,9.639542386605592,14.263828454939,112.5411147825106,34.287649761154384,9.668858262098622,0.087,normal
32.13606618306921,9.148826973724367,16.04046917074843,167.8079718846201,32.14129241007001,9.147697784573657,16.04046917074843,167.21003165750682,32.146506568444465,9.146514116863493,16.04046917074843,170.07223205051494,32.10418263170793,9.152138622687565,0.019,normal
33.515644697178,11.64227894947753,8.402338294436166,211.4148258317044,33.51803492702417,11.643738801081724,8.402338294436166,215.97565195478273,33.52030150455982,11.645384094884877,8.402338294436166,216.18830326726106,33.50212407039685,11.632389307380516,0.095,normal
36.50597953982852,11.13504425517937,0.6009293954463428,36.441938137269034,36.505175080604786,11.134450247302865,0.6009293954463428,17.54624461046002,36.50422160667054,11.134148771836685,0.6009293954463428,45.2909045673685,36.510342723763536,11.138835935030317,0.758,degassing
32.10769563861202,11.258759476453031,11.797763427889628,312.381621246458,32.10504481692761,11.26166436737616,11.797763427889628,311.5131463515369,32.102438329673966,11.264609103539966,11.797763427889628,307.45589886286905,32.1259578550317,11.24387685906233,0.017,normal
33.64312250848584,8.393192079997215,10.075618562278125,182.84682421590634,33.646476903172456,8.39335888526962,10.075618562278125,187.81458038957928,33.64980425285042,8.393815538127987,10.075618562278125,184.435983417569,33.622977079561664,8.393407024939126,0.037,normal
37.796552964249045,10.939828549552326,10.610310224110986,280.7460169238282,37.79589351317543,10.943303296570862,10.610310224110986,278.50324926624745,37.79537054690571,10.94680118862781,10.610310224110986,282.69049993426665,37.80145609831033,10.919211660781732,0.028,normal
33.36311379891215,8.340143600285632,10.125345049435932,315.65504491056885,33.36070010388072,8.342502726748897,10.125345049435932,318.0095934771776,33.35819152651576,8.344760699507475,10.125345049435932,316.0340118729652,33.37767047884809,8.326067634348359,0.108,normal
36.219227456975034,9.044689066765248,17.555256809773056,291.0356565128954,36.21712697711492,9.050150842024797,17.555256809773056,290.9980039941751,36.21503008697065,9.05561399645712,17.555256809773056,289.0014657299832,36.23381880886289,9.012768040068881,0.028,normal
34.22689411769784,9.195666624295075,8.406197427723292,218.8215760745419,34.22907721262618,9.197423231631157,8.406197427723292,215.1282850585426,34.23136892629872,9.199035565728797,8.406197427723292,213.83356426287511,34.21267957593123,9.186701624282273,0.162,normal
35.44201851510214,9.468955758480314,18.00915693434376,138.39673108275727,35.44650735875952,9.464969918584682,18.00915693434376,140.01794847644183,35.451107172171334,9.461112671686895,18.00915693434376,141.28580069333066,35.41260591720502,9.489484553296938,0.08,normal
35.088890899791295,11.638858508612586,19.582827332404094,325.311650896833,35.083523509327044,11.642573451453018,19.582827332404094,320.5873733730778,35.078480319813686,11.646717835633536,19.582827332404094,323.602751941288,35.121755739717756,11.617664883703165,0.0,normal
37.307734799374444,8.859891743006083,10.834202992119984,19.31731134356503,37.304326716472424,8.858697093226104,10.834202992119984,21.869986117337245,37.30097522254112,8.857351840241625,10.834202992119984,25.968317172074336,37.327744926435756,8.868191309133346,0.166,normal
36.59029606397067,7.943485747888742,17.156531566553927,49.3089416974061,36.58656749169691,7.939149514057046,17.156531566553927,45.32872879414531,36.58254692594383,7.935082546382112,17.156531566553927,42.59612440025244,36.611427487393556,7.9704804263371045,0.154,normal
34.02680765901817,11.192813634317352,17.020213520364234,221.7863802147969,34.03103794469767,11.196594137163194,17.020213520364234,225.40558121185524,34.035021149473394,11.200634136966697,17.020213520364234,223.94980852659018,33.999077024971946,11.173094545649025,0.192,normal
32.987220710812664,10.558335569966262,13.579072428306544,294.0248100881521,32.98537788499741,10.562469805689597,13.579072428306544,298.0107591234488,32.98325213843873,10.566465943020784,13.579072428306544,296.1501029266258,32.99914804943633,10.533964419256723,0.154,normal
33.53761064305257,10.343196912246,17.629020742316023,215.2754024454647,33.5424080025757,10.346590541027918,17.629020742316023,215.53992959406733,33.54718964308365,10.350006282346634,17.629020742316023,216.81167643953594,33.50916614780697,10.322455643703828,0.187,normal
33.18213334859664,11.144786240088848,13.45987234427524,251.46444594650646,33.183559615281595,11.14904012763914,13.45987234427524,255.24893149018243,33.184701999435696,11.153378877965165,13.45987234427524,257.43179193617027,33.174124813136004,11.119100618524152,0.071,normal
33.93722154752574,10.35566890835238,12.286933785549191,209.71959979260828,33.940778459126584,10.357699347840228,12.286933785549191,212.23333261520278,33.94424289532421,10.35988383553363,12.286933785549191,209.84652955471478,33.914736791360056,10.345774016455453,0.167,normal
35.15238892258761,9.568672342367947,12.473543945397797,30.167094387324525,35.148794198778454,9.566582926043797,12.473543945397797,28.788949555929637,35.145150262562005,9.564580570258672,12.473543945397797,24.020516229162983,35.172564730434566,9.583298127664095,0.131,normal
37.02402412083186,9.45111095766137,1.1707527302066454,8.170494270955935,37.02303427128228,9.450968838453718,1.1707527302066454,7.047328461349849,37.022041826137894,9.450846149271662,1.1707527302066454,22.79121492285725,37.028970437455676,9.454335930194373,0.901,degassing
37.458130837395146,10.564810940466826,12.886193502587348,88.79269256412012,37.45804033366106,10.56051649619217,12.886193502587348,92.49502313294269,37.45822732352757,10.556225170366293,12.886193502587348,93.35177473454834,37.459109670648566,10.59052987967784,0.165,normal
35.795425974598224,8.993253469976892,19.158472349434238,132.04951968840703,35.79970324815052,8.98851132511063,19.158472349434238,133.58585654082128,35.804106125402285,8.983885562591901,19.158472349434238,135.17989676182378,35.76964816035083,9.021588943031619,0.126,normal
34.08409768682774,8.43221230725075,12.43029746151263,352.3693227570533,34.07999094615225,8.43276250158009,12.43029746151263,350.6243090530976,34.07590286425652,8.433437497276014,12.43029746151263,352.4709281933427,34.10823873006744,8.426345240378675,0.047,normal
32.79206228516277,10.229944714427132,0.8394293776536279,328.37505290926094,32.79121078645747,10.230469071132886,0.8394293776536279,322.71545164445695,32.790415149581335,10.231074844986182,0.8394293776536279,283.3449791473318,32.795021477008945,10.224891567557014,0.809,degassing
37.30958985556261,11.8093141900378,11.81330116113764,277.09969744572203,37.30910316237392,11.813221764619223,11.81330116113764,273.50913157025394,37.30886214103446,11.817152148580522,11.81330116113764,274.58739790589783,37.31350415901481,11.786033867354435,0.034,normal
34.303053581872035,10.43888610879137,1.9360283140917294,342.23825171300933,34.302101248603705,10.439191168369213,1.9360283140917294,11.152488371996121,34.301120132719845,10.438997747526383,1.9360283140917294,1.642411000284028,34.306295458957656,10.442741946372886,0.811,degassing
37.28378242742569,10.437381761158457,18.361259269091327,197.54817549154998,37.28961802594453,10.4392271142198,18.361259269091327,198.85753227614254,37.29540993331521,10.441205332358308,18.361259269091327,202.24373953948043,37.24993566730977,10.423241674861018,0.121,normal
36.77765730006568,11.877089334342578,0.8890505381889966,208.51112574639689,36.77853602450665,11.877566663743345,0.8890505381889966,174.89866053829644,36.77953206349362,11.877477746161038,0.8890505381889966,188.3979217553628,36.77220936122396,11.877721108526059,0.825,degassing
36.29769099645922,8.028773259071318,15.765072076547932,274.96173522116305,36.297236487232865,8.034008590853729,15.765072076547932,275.1536595824699,36.296764443735434,8.039242370792289,15.765072076547932,279.91645832105974,36.301585352950006,7.997503767198057,0.025,normal
33.574483481453264,11.204202742863519,9.341404800593335,265.5048398422613,33.57472752529454,11.207306966278308,9.341404800593335,267.1064936012975,33.5748847092214,11.210416798045227,9.341404800593335,267.9775630581924,33.57380453703729,11.18556057323217,0.059,normal
36.71044365494005,10.641847379550022,15.133137557126101,201.54099975515183,36.71513570980748,10.643699508727556,15.133137557126101,203.65669545326853,36.71975619027176,10.645723594113202,15.133137557126101,207.17645571014165,36.68145663931025,10.633189946637946,0.149,normal
32.868896901275384,8.827291311286896,15.641147961728397,128.74783589285016,32.872160134907084,8.823225091831363,15.641147961728397,130.7182702196506,32.87556125102574,8.819273479053892,15.641147961728397,133.60164978458928,32.848092071421874,8.85057407919973,0.171,normal
34.23620369441041,11.395369458690581,10.029450524221264,175.66606057341974,34.23953728499625,11.395116818834497,10.029450524221264,171.6947245081965,34.24284537386121,11.394633909782554,10.029450524221264,174.94085094508577,34.21640252784702,11.398420579337735,0.092,normal
37.43850009536787,11.277137455092081,3.240806033886216,260.8701075244587,37.438658768569205,11.27812478624989,3.240806033886216,284.6677087691704,37.43840555580568,11.279092196864049,3.240806033886216,306.39800315092134,37.43516263236641,11.273424105476208,0.717,degassing
33.486877242830445,8.636078848997357,16.27638846066595,267.0521974101581,33.48715625358477,8.641497132841213,16.27638846066595,265.1558229075752,33.48761441303174,8.646903216149372,16.27638846066595,267.7049523915477,33.48229250056452,8.603902301332974,0.012,normal
35.49987868979905,10.118425453860622,14.443203736690347,169.47943169265102,35.50461215818873,10.117546399620444,14.443203736690347,168.1403746738156,35.50932379145761,10.116556969838792,14.443203736690347,169.95179128563484,35.47306663685343,10.128922058944696,0.022,normal
36.66421090024666,8.37371952352686,2.650446486803894,266.98049605390474,36.66426357614142,8.374718135188173,2.650446486803894,246.61567604612225,36.6646604729208,8.37563599843862,2.650446486803894,286.5760662254298,36.663605198766014,8.36795976840173,0.868,degassing
34.6534043945761,11.893186208418816,13.850965291844362,343.09160928854294,34.64898699393024,11.89452902400644,13.850965291844362,343.38654599796274,34.64456273954092,11.895849082818414,13.850965291844362,338.64300209670193,34.67869266313222,11.88192471122924,0.153,normal
35.00158160982041,8.938481943879847,9.235005410141913,190.74979244152112,35.004605923479815,8.939056116417923,9.235005410141913,190.03970817665507,35.00763712059901,8.93959276456944,9.235005410141913,188.94444129728336,34.983373892568444,8.935599695344338,0.158,normal
33.6144311185261,11.699966069498881,3.4968313792387886,112.49954766524911,33.61481379466467,11.699042186945215,3.4968313792387886,125.80177449077867,33.615398777458594,11.698231141243168,3.4968313792387886,154.2028522940135,33.61264456048707,11.705617488005926,0.942,degassing
36.60160689564841,7.584793380740613,1.2301316471188601,244.357589496445,36.60203964881785,7.585694893188855,1.2301316471188601,254.4795745601892,36.60230723070269,7.5866584283127105,1.2301316471188601,270.89582333915723,36.598017952760536,7.580362241094355,0.798,degassing
36.33607809018319,9.613502662802308,8.55199940036785,357.1690074457061,36.333230902762985,9.613643457330141,8.55199940036785,353.0801339768832,36.330401001612586,9.613986908613246,8.55199940036785,351.20212431785126,36.35308212735805,9.611774895087509,0.027,normal
33.939421872852385,10.994482991907466,9.821271050627585,140.45255187160654,33.94194625891947,10.992398535146137,9.821271050627585,143.45260879688573,33.94457627937791,10.990449053832116,9.821271050627585,145.46405250318298,33.92547177201685,11.008305902819759,0.157,normal
33.895019002560396,11.333274107234056,13.350084461027967,326.20777484633544,33.891320762389576,11.33574913656872,13.350084461027967,326.52451085697015,33.8876088966213,11.338203683998866,13.350084461027967,329.68311056734024,33.91720690938321,11.318435326791272,0.097,normal
35.16219647001599,11.60832266406493,8.194415232454054,179.14922582161427,35.16492764063843,11.608282106448776,8.194415232454054,179.10711023215347,35.16765878071093,11.608239541281218,8.194415232454054,183.7862700552293,35.14590100069199,11.6066935129091,0.16,normal
32.525475290544044,11.648415336163607,3.975324039668635,255.6088829043957,32.52572383026303,11.649383957868963,3.975324039668635,261.1331446068404,32.52587796910596,11.650372007066675,3.975324039668635,239.76392179659993,32.524763369429756,11.64290277192363,0.946,degassing
32.14677599480899,10.084882554692518,17.938671713168695,353.9999367247707,32.140829194901734,10.085507595189013,17.938671713168695,354.7284402537162,32.134874928643455,10.086056974916264,17.938671713168695,357.4761408911175,32.18206952005115,10.078475453938935,0.173,normal
36.64084467253625,8.435435264397968,8.314693886049572,72.6320495265383,36.64001734117036,8.43279006245823,8.314693886049572,69.83741735042788,36.639062023759614,8.430188343961603,8.314693886049572,66.39043417399887,36.6455992128739,8.451346961162821,0.043,normal
32.80724143889143,11.551860511178292,18.00988691580418,158.90082628869322,32.81284226594467,11.549699424682064,18.00988691580418,156.46140250004228,32.81834603484308,11.547301907959016,18.00988691580418,157.0218778742393,32.77381318903936,11.56518710709381,0.145,normal
36.52442089841787,8.042589818033488,15.258180918549629,173.65446666508353,36.529475798645045,8.042027685369892,15.258180918549629,176.7446552271841,36.534553651970846,8.041738868750285,15.258180918549629,178.57585941690724,36.493976542079196,8.043928838360596,0.071,normal
37.021646105230516,9.452074718847966,1.5524305314030937,323.4301359032537,37.02084297426955,9.452670521381982,1.5524305314030937,311.94357948640277,37.02017457577983,9.453414324755832,1.5524305314030937,345.1874617548121,37.026671139395,9.449093344776033,0.747,degassing
36.57981480914672,7.757959216046206,18.396140730963577,288.3322242116639,36.577886118624996,7.7637800538022175,18.396140730963577,289.1834605086119,36.57587116467222,7.769571595900707,18.396140730963577,290.4664201175277,36.59158746025342,7.723249336113969,0.1,normal
35.75012952158242,11.60213286924218,11.852872821254568,100.50199813497943,35.750849661896304,11.598248095897272,11.852872821254568,96.61379362964745,35.75130471855892,11.594323431650896,11.852872821254568,98.29797315707195,35.7463475227005,11.625514676560604,0.018,normal
32.677220713788465,9.639607377311089,3.4964914928637585,335.96505878842015,32.676307416544624,9.640014670994315,3.4964914928637585,327.70337114642695,32.67546212327285,9.640548973609599,3.4964914928637585,356.9509394814143,32.68278149694636,9.637687203721688,0.925,degassing
33.180373109179286,8.486511799244296,3.798011954866978,318.93314167510084,33.179619165666615,8.48716873849545,3.798011954866978,351.3500064771824,33.178630540139245,8.487319136522801,3.798011954866978,24.774887730910514,33.182951088652715,8.481760127396171,0.873,degassing
36.55654652431241,8.093236467798473,2.814206399085175,155.78500540349648,36.55745853711841,8.092826306072205,2.814206399085175,193.0469803652923,36.55843272240433,8.09305205599732,2.814206399085175,158.27702756099606,36.55364719784699,8.096491611431013,0.872,degassing
34.069034909545366,10.315385243172818,14.926417774467783,291.99874458139897,34.06717116578789,10.319998461866433,14.926417774467783,290.7856189753088,34.06540550831858,10.324650104717051,14.926417774467783,293.6372570649363,34.07937576799947,10.287409032258719,0.11,normal
35.999413174709034,9.03946736705999,8.757413248594485,191.59093681412395,36.00227278261187,9.040053888877805,8.757413248594485,186.9434013154364,36.00517051156266,9.040406779977857,8.757413248594485,185.5204743809696,35.981948500544306,9.038497476728038,0.017,normal
35.03075075055295,9.287331586399223,3.9949067778003675,319.38973044365844,35.029991595900995,9.28798249669598,3.9949067778003675,341.6411631152582,35.029042493361914,9.288297463948737,3.9949067778003675,314.4401378196583,35.032580785846235,9.281732358434995,0.984,degassing
34.25368592321755,7.964632756979487,15.611751454377842,66.75405813229504,34.251632047547794,7.959851298158957,15.611751454377842,64.24301631849784,34.249370659128665,7.9551644147448854,15.611751454377842,60.81062839052987,34.26459405189554,7.993822259631127,0.179,normal
32.82772901236608,11.721806225363661,11.015950892121289,3.0314493407065015,32.824062167098496,11.72161203584853,11.015950892121289,358.80092781575115,32.82039098754968,11.721688876622514,11.015950892121289,0.6848743083668882,32.84968578495424,11.723323477259868,0.157,normal
34.3510458833292,8.362910293865854,8.846379657951449,306.68058671843966,34.34928441152484,8.365275161416633,8.846379657951449,302.75420171798424,34.347689007804604,8.367755094564874,8.846379657951449,304.99202300337805,34.36149645605404,8.348648220307552,0.021,normal
34.823680495395315,10.480909757145042,9.498373914473605,105.25281647179965,34.8245134351589,10.47785516116937,9.498373914473605,109.54878914090735,34.82557285030895,10.474871541762644,9.498373914473605,110.00511483927734,34.8163550459332,10.498425414353715,0.175,normal
36.76723908874484,10.922289700802047,9.236601986459458,87.86771277925325,36.76712453381243,10.919212965324965,9.236601986459458,86.87724296105718,36.76695681124388,10.916138669768504,9.236601986459458,85.84408227756428,36.7660291867755,10.940659258708857,0.055,normal
35.055385049243,9.37050776282649,19.797039332091327,295.9688073587817,35.05249546173136,9.376440490533687,19.797039332091327,292.9088924654564,35.049926684249066,9.38251900649415,19.797039332091327,296.89758263959675,35.07144638356797,9.334327834704748,0.104,normal
34.294186278757245,10.204883906897216,3.2775998879177286,224.2971217227848,34.29490200657523,10.205582286228644,3.2775998879177286,254.89925263250808,34.2951625236775,10.206547755461415,3.2775998879177286,248.84921066194897,34.29298943931536,10.199256852228157,0.872,degassing
37.628907969558654,11.147002981238478,17.331569263201715,223.73899505308023,37.63308197049251,11.150997181742023,17.331569263201715,223.0696950794778,37.63730234378844,11.154942352296175,17.331569263201715,227.81328936710875,37.603818587251524,11.123183038200263,0.195,normal
34.65696758779361,7.720719240278141,19.89170828176802,162.6156035553992,34.66329528429311,7.718738152713228,19.89170828176802,165.52179337270277,34.669715285443445,7.717080432544027,19.89170828176802,162.5853831273593,34.61872643448644,7.731642964816504,0.148,normal
33.36778547357937,11.230888653846176,3.026792334888232,32.4328424221938,33.36694145293298,11.230352343163391,3.026792334888232,32.65742697813264,33.366099540963525,11.22981272826766,3.026792334888232,47.62347937812575,33.373657968272695,11.230412520289907,0.733,degassing
37.43716050517208,10.644593541745841,17.08124693273794,203.0933214378094,37.442397998232686,10.646826800320165,17.08124693273794,201.13696057049273,37.447708678114324,10.648879958038039,17.08124693273794,202.1572482467622,37.40477768048406,10.633762842308196,0.021,normal
36.88705626618308,11.496360451036987,2.4953737363041073,107.74333693694192,36.88736101972366,11.495408019790386,2.4953737363041073,112.3404525572367,36.88774112901467,11.494483078210129,2.4953737363041073,72.38534127725744,36.88824926440308,11.502143096012217,0.765,degassing
33.44827358454224,7.581850295727815,18.055168638135484,220.73776216393503,33.45283374472445,7.585777884280671,18.055168638135484,220.05690514687697,33.457440254148345,7.589651007523675,18.055168638135484,219.54464360730057,33.42328103852126,7.555945208371162,0.053,normal
37.394439121413434,11.726930905838799,12.284890062544385,119.78098625656943,37.3964730322329,11.723376762953299,12.284890062544385,116.18153925747794,37.39827979858402,11.719701940478059,12.284890062544385,119.83661123711519,37.3810650635236,11.74751675691619,0.121,normal
36.28656077131319,10.396184282860705,19.820925017353638,195.39368771946258,36.292930718809394,10.397938103724602,19.820925017353638,199.86167316619589,36.299144681914235,10.400182826704999,19.820925017353638,199.11908163338336,36.24874596275531,10.384332073552006,0.03,normal
32.37550370875143,10.725585462763965,19.368213525104128,209.43313055698422,32.38112649357146,10.728758024171526,19.368213525104128,209.52503239346666,32.386744182404954,10.731939600382638,19.368213525104128,207.38891050964676,32.34455906038942,10.70236213716397,0.189,normal
35.2342297572055,10.573256518476551,8.081304100533293,115.00567000011438,35.23536843436345,10.570815248203042,8.081304100533293,116.42217486097391,35.23656711213367,10.568402872232852,8.081304100533293,114.30103772218504,35.22684328634906,10.587601518946684,0.036,normal
34.98561018433156,8.048965571488807,19.353765672763164,36.182900561467314,34.98040314052767,8.045156977418443,19.353765672763164,37.308389155275584,34.9752719105395,8.041246840237093,19.353765672763164,32.818090251888314,35.018323515208905,8.0694978042724,0.08,normal
37.905389471500776,10.363309949672004,17.021784641804803,118.80353603215212,37.908123214114454,10.358338017180603,17.021784641804803,117.7419417648955,37.910764371234734,10.353316289346195,17.021784641804803,122.53793414830842,37.888881373582144,10.393041736443136,0.113,normal
37.73156377925038,8.347040963325664,1.136253467747934,218.37157606949052,37.73234778075719,8.347661722246118,1.136253467747934,188.60380847134962,37.73333652719638,8.347811323312229,1.136253467747934,200.98397148709324,37.73306711576093,8.342205101833926,0.712,degassing
37.7515081536881,11.72191443939698,11.739984178695009,283.80275771124957,37.750574511100496,11.725714761491274,11.739984178695009,286.99859011350077,37.74943045679315,11.72945712387934,11.739984178695009,288.50804990088204,37.7595818088241,11.699947208579873,0.09,normal
35.31943847191044,9.030569916853414,10.873416271244322,130.75176763654812,35.32180446612392,9.027824216703003,10.873416271244322,131.70892070044215,35.32421599628747,9.025118422881496,10.873416271244322,134.82551884505878,35.30314963333879,9.044788266821847,0.064,normal
35.43978253224877,9.903490068115463,14.556573448467121,136.59810032179985,35.44330790089784,9.90015607128893,14.556573448467121,137.11905462051047,35.44686343733237,9.896854265780735,14.556573448467121,138.9158904203628,35.419495369616676,9.924292817989214,0.198,normal
36.62269725765492,10.643233775748145,0.6457138967385601,217.22761033164784,36.623493496129484,10.643838758633548,0.6457138967385601,210.2300216090306,36.624357507242465,10.644342231370294,0.6457138967385601,225.66043515792182,36.62209049300216,10.63747617499575,0.948,degassing
36.43118061680064,9.860823149875317,1.7978837369677931,80.8641183410899,36.43102184039349,9.859835835309166,1.7978837369677931,112.97205957685051,36.43141212258916,9.858915140024207,1.7978837369677931,80.11909147147882,36.42806193860126,9.865198751152137,0.907,degassing
32.03109692001715,8.582051384056534,3.4095641349079266,36.75436282989244,32.030295711766655,8.581452998445629,3.4095641349079266,10.628585926041524,32.02931286831657,8.581268556713272,3.4095641349079266,331.66174638012654,32.03632006791656,8.582551660624254,0.888,degassing
37.270388916355856,10.831041521616491,16.283375085314578,94.21751624156857,37.27078809292237,10.825628428161341,16.283375085314578,96.43664940685102,37.27139657320794,10.820234851015556,16.283375085314578,97.30025086960772,37.26387797922403,10.86293682933413,0.128,normal
37.41749447908311,9.709581381516646,11.928542777958517,69.81816103609371,37.416122693849935,9.705849328458312,11.928542777958517,68.0091050286024,37.41463377613298,9.702162441046374,11.928542777958517,70.44411339386716,37.42485325514435,9.732260198155783,0.111,normal
32.753609843752635,11.982062802543464,9.312126735872623,166.28669714534396,32.75662540249579,11.981326946764703,9.312126735872623,169.4419138627952,32.75967689222866,11.9807581861202,9.312126735872623,166.11096652414975,32.73530454160524,11.985449245147699,0.038,normal
33.91936760059211,10.057156145145093,12.096169906212767,348.7159034897346,33.91541348760643,10.05794511359032,12.096169906212767,350.2147313150696,33.91144009082899,10.05863038635365,12.096169906212767,345.99633356544234,33.94245720805334,10.050116810056496,0.174,normal
33.46569839013434,9.874744589284179,9.720361400883498,202.5236523370131,33.46869135900035,9.875985765342412,9.720361400883498,200.67602405163998,33.47172278934677,9.87712979798846,9.720361400883498,205.1088927773447,33.44771356665986,9.86737751698182,0.113,normal
36.61330420272782,8.041069876671834,2.6990030752359573,63.74053854892693,36.61286176593992,8.040173076979197,2.6990030752359573,51.83152824352322,36.61224379007294,8.039386879912405,2.6990030752359573,85.91760723315217,36.60977665360409,8.045683187898486,0.996,degassing
37.50440613294248,8.187109533742206,12.321621765837655,187.68222135609957,37.50847647689288,8.187658579790588,12.321621765837655,190.93868975921248,37.51250905947622,8.188437957200035,12.321621765837655,189.56775761744814,37.48091040933407,8.179784782514517,0.045,normal
37.05304711735133,9.08369179210903,13.053687860097448,340.0278716887379,37.0489575758402,9.085178010980576,13.053687860097448,340.58894280503824,37.044853676785706,9.08662411224119,13.053687860097448,338.25444989421266,37.076954486300465,9.073229018714759,0.132,normal
37.402882545035595,9.954062238636073,12.898497078551348,270.0200209531769,37.402881042655004,9.958361737399768,12.898497078551348,273.60670605410246,37.402610572647205,9.962652720719595,12.898497078551348,276.4715692268102,37.40235609028411,9.928299620223605,0.077,normal
33.077739674557236,9.481484212633422,12.631648054783902,251.69191138959837,33.07906231962906,9.48548162878091,12.631648054783902,249.23219439300087,33.08055530307945,9.48941859795263,12.631648054783902,251.49899457429788,33.06871475058519,9.45790281802986,0.063,normal
35.6753815741867,10.806744297880686,2.866662929503069,265.8404452597226,35.67545410835841,10.807741663808486,2.866662929503069,305.1469506297603,35.674878432872376,10.808559342067204,2.866662929503069,338.2869459534981,35.67669949610804,10.801093516491973,0.973,degassing
36.96580439280294,9.627044394150817,11.476892587832255,253.9391990863202,36.966862781387285,9.630720705495287,11.476892587832255,249.93102850541442,36.96817555074227,9.634314044905581,11.476892587832255,249.31215294526393,36.95777039927726,9.605547859064371,0.195,normal
32.87970133044983,9.492447238209365,9.627184886953097,266.35023326683427,32.87990561088971,9.495649791259746,9.627184886953097,269.64565369243275,32.879925457236155,9.498858791518574,9.627184886953097,270.8519561507131,32.87874436585582,9.473257306491789,0.177,normal
37.32131061770246,7.811639224768175,1.5503658940703127,51.45950840169466,37.32068755014297,7.810857056745103,1.5503658940703127,12.027764222547859,37.319709503406315,7.810648671090789,1.5503658940703127,40.06888432795044,37.31910106249027,7.816427860734128,0.967,degassing
33.017856883157016,11.34144269882505,11.362950084987556,73.38799005221665,33.01677403477614,11.33781313519823,11.362950084987556,73.49189955077652,33.015697770614246,11.334181613727699,11.362950084987556,69.33264899160714,33.02534592634073,11.362852949439626,0.016,normal
32.771107710653084,11.891214901165768,16.815695188074045,222.74525682306867,32.77522407344816,11.895019395886376,16.815695188074045,218.6999086206225,32.77959857231935,11.89852401888546,16.815695188074045,219.8931974684532,32.745269038138424,11.869712622519819,0.189,normal
35.31166621316438,9.71850544094971,18.960288207221705,97.70005087477304,35.312513024289366,9.712242332676581,18.960288207221705,96.03782493444557,35.313177803554,9.705957296252532,18.960288207221705,100.1898719125113,35.308163586286206,9.756243837879602,0.156,normal
32.058628671207416,7.5576703061479655,3.545558584341332,282.50151524179495,32.05841220577447,7.558646596430791,3.545558584341332,272.41140496030107,32.058370131242064,7.559645710905576,3.545558584341332,299.9119017156895,32.063233006252354,7.554464947301798,0.728,degassing
32.02528166236562,11.064141455038458,0.6749952100919717,38.23930004297312,32.02449622983296,11.06352250775747,0.6749952100919717,35.892621551953766,32.02368611268725,11.06293623972131,0.6749952100919717,50.26022543483175,32.02997705097823,11.067451249778015,0.702,degassing
33.167524295697895,8.14174949367856,19.672684597016477,194.9055854819344,33.17386120189552,8.143436275553286,19.672684597016477,199.14778788397487,33.18005597070006,8.14558719459145,19.672684597016477,197.11910693642773,33.12912432577467,8.133247251153579,0.165,normal
35.19400938998771,10.444261988384643,11.020018066297393,342.34738940923836,35.19050901855292,10.445375910212547,11.020018066297393,346.7195596419275,35.18693391402443,10.446219740545333,11.020018066297393,351.0730262673185,35.215197570997574,10.438249797847702,0.118,normal
34.167501420303374,10.562272295517383,0.7305758445874151,248.38635279009213,34.16786976630791,10.563201984293771,0.7305758445874151,252.3233967203172,34.16817341032437,10.564154769847434,0.7305758445874151,225.14538260935623,34.16833873840858,10.556583078312364,0.839,degassing
37.55411681530831,11.307397391965461,13.563486296118706,349.9528720134227,37.54966498709508,11.308186145591508,13.563486296118706,353.53204310937065,37.5451726021476,11.308695443349677,13.563486296118706,354.01027902819914,37.58048612443473,11.301319462783002,0.132,normal
35.56882342301613,8.333539943197126,12.695499730612774,24.233590629397757,35.5649645004624,8.331802954617583,12.695499730612774,29.016783912380284,35.56126385686336,8.329750237015478,12.695499730612774,30.643631731041282,35.59203253188185,8.343810219533202,0.194,normal
37.76306154170556,7.8136064889442745,13.720403010352044,116.05982278073874,37.765070708781,7.809497978971963,13.720403010352044,111.62644290008456,37.766756276846245,7.8052464537365855,13.720403010352044,114.27491870212147,37.75224917041793,7.838748098090865,0.056,normal
36.830639062047666,11.403909046863278,19.64516846598891,127.31635220241728,36.834608796624025,11.398701109431965,19.64516846598891,128.14634641554315,36.83865355491664,11.393551222515775,19.64516846598891,128.67556433152453,36.80918701613651,11.436800178548598,0.066,normal
32.74885324124839,8.934401995862817,19.653628192369418,223.35321700071634,32.75361685782588,8.938899361944419,19.653628192369418,225.98303824062572,32.758169105166196,8.94361056017013,19.653628192369418,225.0546904139223,32.72025716185248,8.907535813867229,0.121,normal
37.746914446262565,8.697825576205902,3.221016263038933,138.66059726400962,37.74766525633037,8.69716505804409,3.221016263038933,167.21392854150974,37.74864045951406,8.69694374661076,3.221016263038933,185.1170992988585,37.74340620317825,8.702272493147625,0.996,degassing
35.205791282643546,11.193316779317215,19.492708348367437,232.0166631591533,35.20979009658852,11.198438097095284,19.492708348367437,229.6824639794024,35.213994174587064,11.203392301060877,19.492708348367437,233.47883979827935,35.18264926770102,11.161956550297841,0.005,normal
36.55598077934645,7.859128293910748,18.917679488031247,165.66590286153337,36.56209036103062,7.857567108392144,18.917679488031247,165.1132592378104,36.568184600410724,7.855947066739262,18.917679488031247,163.854360533906,36.5195450944555,7.869159154172385,0.025,normal
35.31361503901969,9.162025015502454,3.0217543640181543,139.5244053165487,35.314375721550725,9.161375891410332,3.0217543640181543,127.8181399123933,35.31498887873768,9.160585930484661,3.0217543640181543,117.50691280876681,35.311319080861814,9.167204674739253,0.74,degassing
32.38834091309792,8.1791113797568,19.28147346203212,192.82093604587016,32.394607831171214,8.18053759696134,19.28147346203212,188.09774170323598,32.40097090515437,8.181442940618092,19.28147346203212,185.55114604336035,32.350670689690105,8.17089745672564,0.163,normal
32.69069683828036,11.612244982403126,10.871184503124432,91.42095145113102,32.69078669854625,11.60862236857247,10.871184503124432,95.89612043604316,32.69115894668928,11.605017810741966,10.871184503124432,95.31927465422325,32.69196657360909,11.633846473637618,0.134,normal
36.58474845165149,9.701032034644077,16.365496940756323,237.86944419404938,36.58764978299311,9.705651678427039,16.365496940756323,236.97275757780702,36.59062305412736,9.710225352114302,16.365496940756323,241.57145737101732,36.56525185506408,9.674757887107685,0.183,normal
33.678587062366745,10.002992145005459,9.918359860910982,180.35356627325223,33.681893119372134,10.003012546597025,9.918359860910982,182.00870886397075,33.6851972077508,10.003128430736766,9.918359860910982,180.9325237376454,33.65902938264056,10.005874620281855,0.008,normal
36.45569744136443,11.436671423848816,2.495724414102426,132.40407414532825,36.45637179625984,11.435933016457845,2.495724414102426,118.46756750778934,36.45684845748593,11.435053929388475,2.495724414102426,91.83319164367111,36.45015708282902,11.438314895998536,0.765,degassing
34.000382244301115,9.731842901153724,16.639631300630462,260.20413083880254,34.00132592468281,9.737308577241372,16.639631300630462,257.66554441859006,34.00251076575399,9.742727091742038,16.639631300630462,258.75800050592505,33.99902136618742,9.698655589642456,0.01,normal
33.62950155148053,7.50529391801227,16.744978746900937,159.48672921653736,33.6347292838866,7.503337968732965,16.744978746900937,160.80623156906498,33.640000670916436,7.501502920375464,16.744978746900937,164.83390486915707,33.597122479916926,7.513747018599553,0.091,normal
37.89897011475138,11.61823232487531,2.72848424766147,133.35525440011492,37.89965663462838,11.617505213839442,2.72848424766147,102.93200901122378,37.89988042927218,11.616530577518855,2.72848424766147,79.51100696275067,37.89472837984515,11.621991145830474,0.719,degassing
33.28700083318406,9.295009924980823,8.445934012301871,131.60512814612048,33.288870180599616,9.292904807842365,8.445934012301871,134.85489922159962,33.29085585847339,9.29090904700793,8.445934012301871,135.19788339039556,33.275114737270535,9.306897976493403,0.193,normal
36.146572495026334,11.146847109096097,8.5294772571493,3.2930295638325537,36.14373403052994,11.146683790727876,8.5294772571493,2.703585600651593,36.14089403609336,11.146549681865904,8.5294772571493,359.1336034418607,36.16340421435534,11.149515317188062,0.18,normal
35.23662442315854,8.933093975415888,12.884019748028761,234.51145147540117,35.239117653755095,8.93659083393619,12.884019748028761,229.67632355940506,35.241896757786144,8.939865097075163,12.884019748028761,230.95522440121604,35.22289958900015,8.91131722498394,0.185,normal
34.69755615830908,9.909202077204496,18.67689088369212,252.36622608490796,34.69944209915059,9.915135179235214,18.67689088369212,247.53908517062703,34.70182062053626,9.92088853552372,18.67689088369212,243.3560983404736,34.685349521700644,9.873954572493389,0.165,normal
37.9401664302139,9.947900094915552,2.5141260699491332,206.8412317222434,37.941058691336565,9.948351614670354,2.5141260699491332,171.4580428995556,37.942047598695474,9.948203081052942,2.5141260699491332,167.42215776543267,37.93849309552939,9.942393810635103,0.766,degassing
34.459741368042216,10.89240314065675,15.685632167211377,45.14596333595334,34.45605365968397,10.888696595094201,15.685632167211377,41.193619815929004,34.452119241703095,10.885253046329545,15.685632167211377,37.850127017873085,34.48444300936764,10.91166612344212,0.165,normal
32.58787842794306,11.165735281697247,8.373169329385526,4.29059582197257,32.58509519364036,11.165526468658843,8.373169329385526,1.5299173160391724,32.582305132152314,11.165451950462094,8.373169329385526,4.672776147053165,32.604619173625075,11.165714532609835,0.086,normal
34.884394331308705,10.268456036222588,13.896001634926806,3.8968600001559253,34.87977303992675,10.268141242620871,13.896001634926806,8.58645679799606,34.875192956235274,10.267449677419474,13.896001634926806,10.390138324217622,34.911948593167686,10.271989472615761,0.005,normal
34.91043957218819,11.579210124460413,14.524819441918925,171.1823611546269,34.9152239568694,11.578467954307682,14.524819441918925,169.026276257161,34.919977032573996,11.577546311936858,14.524819441918925,166.7834899070128,34.881466781780716,11.58111822957253,0.082,normal
32.773787523296164,11.36331676059404,19.22645820733558,280.1973917738766,32.772652906310014,11.369624344158916,19.22645820733558,280.5655919959261,32.7714777785679,11.375924506134838,19.22645820733558,280.54486588281287,32.78274368444252,11.325945102597935,0.033,normal
33.999847396757595,8.007545783438696,18.04849321336931,47.63725884160578,33.99579357261377,8.003100477605301,18.04849321336931,52.58033384379151,33.99213785946904,7.998322403145342,18.04849321336931,52.71785932410342,34.02053529268013,8.037054628020815,0.089,normal
37.47966543269853,7.970715232436262,16.884276716005527,54.589315569176804,37.476404329393716,7.966128226061482,16.884276716005527,55.20834262526394,37.473192973746904,7.961506254928227,16.884276716005527,54.58063508251085,37.500113142512646,7.997570278901195,0.084,normal
33.567309266500196,11.777721237055435,12.815923676530739,140.76556804740022,33.57061818646735,11.775019234967656,12.815923676530739,137.01023826432365,33.57374303143812,11.77210631366078,12.815923676530739,132.94407586229968,33.5488541167542,11.795481619955412,0.037,normal
35.36411107246356,8.552491463836159,9.598577864167883,45.78601830341784,35.361879914946684,8.550198234133353,9.598577864167883,50.18607844225464,35.3598312701375,8.547740588760087,9.598577864167883,55.07414223276535,35.37744561423879,8.566285716017536,0.038,normal
34.86030564021843,7.955549287413987,15.600758757623714,139.54256553246566,34.86426245149052,7.952174931922815,15.600758757623714,143.0814415841388,34.86842000241012,7.94905124807603,15.600758757623714,140.04274202643813,34.837501368995774,7.976815500889609,0.072,normal
33.558006479002835,7.776114900060025,18.448024718805037,155.27310459751263,33.56359199928484,7.773542670490183,18.448024718805037,153.55654479056258,33.56909796153813,7.770804280188195,18.448024718805037,158.27989242519058,33.52306623195493,7.787858565653179,0.151,normal
35.59372367372822,8.781156624384725,13.192898327096263,265.1366076160574,35.59409650643071,8.785538424221077,13.192898327096263,269.2881809682397,35.59415113939332,8.789935717623761,13.192898327096263,273.6248412072145,35.59187219114979,8.754846549611429,0.065,normal
37.676139000938576,9.8124218990715,18.453908637718055,147.06533961735437,37.6813017348472,9.80907754476897,18.453908637718055,142.83079962557446,37.68620343012276,9.805361106886034,18.453908637718055,140.87830400888606,37.64471376972256,9.831740816768669,0.054,normal
33.72520199485138,9.827686411832326,18.869729845896156,115.91604558889091,33.72795102320995,9.822029044048126,18.869729845896156,117.43091343314912,33.7308486509416,9.816446327801474,18.869729845896156,116.77076418734556,33.70898780725021,9.861748066290597,0.154,normal
36.11133961321781,9.123061560783052,11.85370986501555,195.93128331039313,36.11513908910496,9.124146113143903,11.85370986501555,199.19712721461934,36.11887060875184,9.12544535598701,11.85370986501555,198.37963695579805,36.089425295048066,9.114082118342827,0.097,normal
35.41802073254943,9.9307309847043,15.271805084233009,58.00400959117713,35.41532342676282,9.926413720859221,15.271805084233009,54.87286431127168,35.41239433186652,9.922250233294326,15.271805084233009,50.20772727538309,35.433199142348165,9.95718199581913,0.04,normal
34.55432832051162,11.9108752543684,13.716417858347793,206.17218073208898,34.5584316903892,11.912891888519518,13.716417858347793,209.36113345203694,34.562416522906545,11.915133666265042,13.716417858347793,213.16668571561516,34.52955570528653,11.899111895813522,0.041,normal
35.39925900458929,7.547286487911226,2.685260079938932,76.53530397478882,35.39902615841547,7.5463139743332555,2.685260079938932,98.09623743333307,35.39916699463306,7.5453239414248054,2.685260079938932,103.71202598807287,35.399796255168646,7.553156107556233,0.948,degassing
35.711432684982164,11.805060151267798,16.885473306250475,35.17057765072949,35.706831726722456,11.801818069347387,16.885473306250475,35.308006878814524,35.702238558123945,11.798564960939743,16.885473306250475,37.61071529528017,35.74055187633025,11.822065895535918,0.116,normal
34.32723292420155,8.465857782368024,8.9839656420232,40.073150469720076,34.324941344671274,8.463929927833263,8.9839656420232,37.681506581356956,34.322571312021566,8.462099380076411,8.9839656420232,38.2562310208598,34.341162117773415,8.477201789660434,0.1,normal
37.017449336128,10.240872665188302,16.441476650001732,136.0414456495021,37.02139442516683,10.237068448131842,16.441476650001732,137.26480295678854,37.02541983497235,10.23334932581137,16.441476650001732,135.2755145012964,36.994819334390975,10.264651433302568,0.187,normal
36.18890525867708,9.522910760742416,12.666438541262433,285.2073558124871,36.18779773455754,9.526985059294741,12.666438541262433,285.2977810924999,36.18668378168513,9.531057604858256,12.666438541262433,286.4880717655402,36.19577667753949,9.498577770893037,0.129,normal
36.873147322783545,11.305216778776694,12.374862079141604,355.1634652783294,36.86903705648348,11.30556456702017,12.374862079141604,351.00496610013187,36.86496283157149,11.306209498866403,12.374862079141604,355.1052410871213,36.89741336689349,11.300488341924243,0.046,normal
35.129819562905745,8.548493700381695,8.625758430893036,42.14479117659799,35.12768770237958,8.546564387182622,8.625758430893036,37.606402338216895,35.12540986540137,8.544809811044681,8.625758430893036,34.76377279587895,35.14150916268272,8.561146379199426,0.02,normal
33.06948772367385,8.058745371406296,3.163010986829229,191.1595430313718,33.07046881573494,8.058938913049548,3.163010986829229,156.58753466788247,33.07138648393498,8.058541565500619,3.163010986829229,184.37004606091853,33.06409079378322,8.060522891197644,0.747,degassing
37.159516876691384,11.250274089250558,11.351324629402626,196.8993222022244,37.163137256904164,11.251373998078922,11.351324629402626,200.8005603670196,37.16667441367104,11.252717677476081,11.351324629402626,204.04911031191145,37.13750821561541,11.244851335319153,0.108,normal
35.16200556675818,11.825877916897658,12.247225831721847,345.3148864602982,35.158056515532266,11.826912834516987,12.247225831721847,342.8214534463525,35.154156227178376,11.82811857529352,12.247225831721847,340.6378948900918,35.18595460663539,11.820758609419512,0.121,normal
34.25238276293118,9.191156803986557,10.384434171048824,109.13659254319721,34.253517509284116,9.187886608112652,10.384434171048824,107.75205578883138,34.25457290865132,9.1845899488165,10.384434171048824,108.3966804113647,34.24461688466237,9.210375172333388,0.097,normal
34.77861465249811,11.47372819639877,12.989600326980803,170.74885537667825,34.782888201368344,11.473032117129799,12.989600326980803,166.77846670790098,34.78710329642483,11.472041804068333,12.989600326980803,162.301212395748,34.75306344172473,11.478236149045232,0.095,normal
37.209143778346416,9.658731546952575,1.1771775565013003,173.29609549678094,37.210136941042954,9.658614808534706,1.1771775565013003,133.92813057262265,37.21083069655742,9.657894597950124,1.1771775565013003,160.65249889984918,37.20652388268299,9.66316465801907,0.887,degassing
32.3149554074667,9.835774005521227,13.260774143799466,42.260330052740045,32.311683988222974,9.832801380865787,13.260774143799466,46.89877083559102,32.308663672587045,9.829573939980243,13.260774143799466,44.262374359413776,32.33284450961589,9.855309655339186,0.053,normal
37.48115787194293,7.9285357866039385,12.732792873999852,136.18384883675157,37.484220384890456,7.925597284635085,12.732792873999852,131.64825223263216,37.48704093510018,7.9224258061330115,12.732792873999852,133.6191493251448,37.46356676989554,7.946941530825903,0.172,normal
34.87644752296698,7.800357594111597,19.77436722805535,168.57311698802488,34.8829083250259,7.799051712967233,19.77436722805535,172.77342168477722,34.889447421243965,7.7982225510658685,19.77436722805535,172.8385993553278,34.83718957605137,7.802690540403356,0.066,normal
35.169007954503016,10.492622995466693,15.077354984287764,308.3999807809079,35.16588620063054,10.496561671332165,15.077354984287764,305.6170196584703,35.16295936198908,10.500647271701812,15.077354984287764,302.55513005519447,35.18757871110343,10.468880496631517,0.16,normal
36.95083405854636,9.98910037187059,10.627430696554137,304.7535763148305,36.948814676507105,9.992010911126197,10.627430696554137,308.22099375419805,36.94662295915777,9.99479398813547,10.627430696554137,308.5775179754116,36.961728966366216,9.970853105976174,0.013,normal
37.33944331712997,9.451147496850568,9.84855131038036,292.8355372876348,37.33816928459803,9.454173046073093,9.84855131038036,288.4595970712738,37.33712981644727,9.457286984568618,9.84855131038036,293.15364193442434,37.346483650831146,9.432784240675154,0.033,normal
33.97065971150845,9.200256762528467,8.985138364044747,28.286760891957066,33.968022313201935,9.198837455852033,8.985138364044747,27.883056365790253,33.9653749800489,9.197436767290705,8.985138364044747,32.79815773376705,33.98604838672951,9.209430992473857,0.073,normal
36.95300416967972,9.103755663753526,8.485157981385727,203.53864919817306,36.95559720818455,9.104885229441035,8.485157981385727,208.14922672215593,36.958091057949375,9.106219575977876,8.485157981385727,209.84780933413612,36.93821338944898,9.09547940952865,0.123,normal
37.00490995800674,8.785870297965339,15.274012790834496,24.41319689843629,37.00027384460965,8.783765975961613,15.274012790834496,22.413769630907858,36.99556713503377,8.781824686829525,15.274012790834496,20.979129359238595,37.033293363187674,8.797125921395926,0.059,normal
34.409758697391275,11.150892709494357,19.81518407289292,78.41120108450644,34.4084318302979,11.144422295345743,19.81518407289292,81.00438829288426,34.407399070715336,11.13789847413554,19.81518407289292,82.73829178955593,34.42472613035165,11.18744525086809,0.138,normal
36.32212010347446,9.470916457428784,15.731732279205561,49.96635885380241,36.31874702457603,9.466901368537986,15.731732279205561,49.0896508750661,36.315312906298644,9.462938360625678,15.731732279205561,48.56844850980326,36.343191148177795,9.49411829643609,0.037,normal
35.94631100567839,9.27740699817404,11.88295499529948,254.55610843905248,35.94736579454247,9.281224958704222,11.88295499529948,249.88913726909016,35.94872773063956,9.284944438805695,11.88295499529948,251.62005542728747,35.940238424640626,9.25444895841096,0.198,normal
37.290993035023,8.566897331972683,19.484751338767616,222.8714751641521,37.29575304095993,8.571316188361404,19.484751338767616,223.69277322408877,37.30044921858883,8.575802820058074,19.484751338767616,221.4849293258138,37.2651103582524,8.53781237110574,0.067,normal
36.40143261437876,9.766901876428904,18.67503644782917,198.29606941182712,36.40734293358737,9.768856077828705,18.67503644782917,197.17382435365857,36.413290393342336,9.770694147120576,18.67503644782917,196.04918648714826,36.367363086136066,9.751746612833834,0.081,normal
36.7657242922498,9.623057120443319,19.148580890614667,318.702483877553,36.76092889561587,9.6272696110003,19.148580890614667,321.3930315134741,36.755941043977664,9.631252353975267,19.148580890614667,320.30542693325816,36.79326431170388,9.596474473669156,0.106,normal
37.700802349181934,9.52844802814417,13.160129104354716,148.2594985884176,37.704532980167386,9.526140298858664,13.160129104354716,150.5231515288654,37.70835185047101,9.523981722566546,13.160129104354716,147.49923975446228,37.677328954292776,9.540282661614533,0.198,normal
35.97518574600333,8.801845849580966,10.81800093581937,45.49998917284639,35.9726582664916,8.79927386871644,10.81800093581937,47.21411532932277,35.97020885283482,8.796627435080831,10.81800093581937,46.60656818579481,35.99078609264135,8.816815920179133,0.131,normal
34.49658308920414,11.586253376740885,9.966887595781351,71.86197998386476,34.4955488349158,11.583096167865408,9.966887595781351,73.76705574271793,34.49462010964817,11.579906321600527,9.966887595781351,69.44964103511846,34.502045233667474,11.605378117314276,0.189,normal
32.68191722399086,9.533165401587336,3.180999274724495,33.0726365916116,32.68107924456155,9.532619699767606,3.180999274724495,63.30483573523479,32.68063000096463,9.53172629046016,3.180999274724495,66.08105765979033,32.68741898216804,9.5346921938212,0.886,degassing
36.60028432372153,11.967164524257306,1.6973541569798392,50.88812350325327,36.599653487065666,11.966388608595897,1.6973541569798392,75.35448819767555,36.59940064910583,11.965421099957142,1.6973541569798392,60.19210396491059,36.59992657164995,11.973051362672104,0.757,degassing
36.65899040630009,10.872826482007204,19.91626695495706,27.050800523907988,36.65307790628848,10.869807306587477,19.91626695495706,22.92197293857101,36.64696337261617,10.867221662649785,19.91626695495706,21.35171577151509,36.69430457365565,10.891168506320113,0.187,normal
34.511102045362314,11.264869307869883,18.344082158519143,349.2791041058821,34.50509408318298,11.26600679361113,18.344082158519143,348.3326191884415,34.499105730319776,11.26724336683805,18.344082158519143,344.90239534379583,34.54669197843848,11.256174618501186,0.063,normal
36.93843364031944,8.813805903038515,8.658956075225646,308.1285149749969,36.936651547956586,8.816076361670723,8.658956075225646,311.7593201622292,36.93472925100133,8.818229408350687,8.658956075225646,307.11854014556826,36.947227804013664,8.798931300479591,0.005,normal
33.969215524893976,10.701922813083907,3.7599361079733087,338.38243569818377,33.96828586130216,10.702291222646826,3.7599361079733087,349.37986273651114,33.967302990665544,10.702475519450052,3.7599361079733087,321.2542713987572,33.9706687908912,10.696381649147112,0.865,degassing
37.14134737481528,11.147399082699108,14.928342569199241,198.0176938904687,37.146079465547054,11.148938247971445,14.928342569199241,197.4940264314353,37.150825425979605,11.150434099568995,14.928342569199241,199.52196242016552,37.11330315475053,11.137226911577153,0.19,normal
32.62890670419591,9.64894579151963,12.333538389741362,167.8913276156318,32.63292641607195,9.64808340354856,12.333538389741362,166.98278906998922,32.63693194828866,9.647157386140552,12.333538389741362,169.33996656901476,32.60488144203882,9.6544399240718,0.142,normal
37.72388960438153,11.38792926681923,19.87576217126046,176.50216324048415,37.73050251627032,11.387525054409622,19.87576217126046,178.76901910793777,37.73712624130731,11.387382723965551,19.87576217126046,178.5392678730582,37.684228277551675,11.389344503652191,0.081,normal
37.465796539391896,8.8127073733256,18.273679753205272,86.58314963854951,37.465433502606416,8.806626974852234,18.273679753205272,85.09977349279507,37.46491318478103,8.800558011953756,18.273679753205272,85.89753165071893,37.46775340392534,8.849137410061518,0.026,normal
37.98584341993166,10.836045886858683,16.208818023924717,261.35586999010707,37.986655464711575,10.841387453745027,16.208818023924717,256.76187186248166,37.98789273079051,10.846646819312827,16.208818023924717,259.58051514360255,37.98256498824675,10.803832835682714,0.174,normal
34.46047818404584,10.456098128625674,13.320941269080615,240.34704985433874,34.46267500797701,10.459956930365896,13.320941269080615,243.2792352069912,34.46467156281824,10.463923056312067,13.320941269080615,241.92871948779234,34.44961897147088,10.43184859569608,0.156,normal
36.49225022274218,9.860959644822325,0.8864577009124537,13.19965136438475,36.49127664244985,9.86073129987629,0.8864577009124537,39.03484510203927,36.490499879360684,9.860101506971196,0.8864577009124537,56.359151304374585,36.49741990902646,9.863446855973276,0.989,degassing
34.89317733332157,9.484950602387098,17.37209375808426,53.218175118456664,34.88971003965399,9.480312708790205,17.37209375808426,48.35324394121938,34.885861911089386,9.475985574756741,17.37209375808426,49.507427446778884,34.91521773928738,9.511734026383195,0.081,normal
37.75199176741218,7.975802612702002,11.025185210380865,329.892688703792,37.74881251774459,7.977646101329677,11.025185210380865,325.57897244449435,37.74578093690083,7.979723502676795,11.025185210380865,321.00218280695503,37.77264925305785,7.968377527785335,0.111,normal
32.017566643035664,8.378051321114185,11.676056658108303,42.24707609169919,32.01468556656408,8.375434603824495,11.676056658108303,39.201144165929925,32.011669517101296,8.372974673612617,11.676056658108303,41.68946704261974,32.03328912396537,8.395268043898293,0.172,normal
36.540401785690634,9.89662324733544,13.169878300205033,176.08776747067682,36.544781515355105,9.896323727898608,13.169878300205033,180.05584331493796,36.54917147270341,9.896328006570624,13.169878300205033,178.15855035254566,36.51407822983367,9.896939930591337,0.027,normal
33.309111397393856,7.954772659800169,19.018441461399163,97.75908398705988,33.309967278139595,7.948491220395399,19.018441461399163,96.32889172597301,33.31066611398927,7.942190375904225,19.018441461399163,91.41573589603593,33.29989270592233,7.991648721242991,0.048,normal
33.66495342728549,8.23512175706902,16.743975103469783,281.7178500389121,33.66381990284303,8.240586764981089,16.743975103469783,276.7952804796689,33.663159508319005,8.24612888264614,16.743975103469783,276.89978598753555,33.6733211092784,8.202719569546378,0.111,normal
36.41878513337518,11.906662706240402,16.007583136134556,203.3043026801577,36.42368567713417,11.908773650096071,16.007583136134556,205.96210711434728,36.428483063193376,11.911109565354506,16.007583136134556,202.7389668629377,36.387959575435616,11.898205908713985,0.145,normal
36.54680438264769,10.913925664439484,13.181870295458687,302.3147591323782,36.54445550488418,10.917639103452869,13.181870295458687,305.72407042144056,36.541889951202194,10.921206285864644,13.181870295458687,302.38787373800716,36.55777378735886,10.890012940619195,0.087,normal
32.99397913282795,10.693313378622467,18.605943650943793,262.17465652234097,32.99482355609967,10.699457605209595,18.605943650943793,261.2578273461702,32.99576618506461,10.70558753356564,18.605943650943793,257.24868878199686,32.9922866948865,10.656152696107085,0.167,normal
33.91018277991262,10.22058844603398,17.579625347716465,331.71099656852243,33.905022759483614,10.223365553440306,17.579625347716465,333.75565438186834,33.89976694147479,10.225956791258822,17.579625347716465,336.79295788876306,33.941263653011184,10.20419510065546,0.112,normal
35.901482404356706,10.698161313275925,8.633980380113819,297.558911276244,35.90015087078078,10.700712756924565,8.633980380113819,294.5694823293893,35.89895421133619,10.703330170252586,8.633980380113819,290.81149148992284,35.908078728109324,10.682214863208662,0.11,normal
32.266487349026576,9.70559302798338,0.9889935017380505,307.89945441398845,32.26587307134038,9.706382117917569,0.9889935017380505,340.7488070610814,32.26492898918458,9.706711828219365,0.9889935017380505,324.8467654850241,32.26643027523461,9.699713519134024,0.71,degassing
32.181606098145856,10.493110535103979,17.71516979245156,4.818621356386213,32.17572191231552,10.492614500293167,17.71516979245156,2.2430361295078356,32.169821380168884,10.492383386022638,17.71516979245156,4.018070038223388,32.21685457191717,10.496271350546868,0.15,normal
36.308589749814054,11.96238397730808,16.06614271835901,113.50956387505063,36.310726022718306,11.957473127816579,16.06614271835901,115.61094591062425,36.31304092911316,11.952643913280786,16.06614271835901,115.57074498831338,36.298792494757784,11.9929659617282,0.165,normal
35.724134063830185,7.697258501368016,8.484597966713638,132.20182220934257,35.726033890177675,7.695163418731055,8.484597966713638,131.20970572463696,35.72789715570862,7.69303575499646,8.484597966713638,135.9471921881132,35.71515321746736,7.711624423505944,0.047,normal
33.609092600377316,8.539417428619403,15.935886864274554,120.51983873259825,33.61179020963102,8.534841420788942,15.935886864274554,117.66843965535972,33.614256842013006,8.530136883825303,15.935886864274554,114.45265752185232,33.595372418881574,8.568140086211125,0.157,normal
35.76308132876043,10.353874334406813,19.095708298011584,328.0658443875685,35.757679429643595,10.357241189992056,19.095708298011584,330.3877375280936,35.75214556214946,10.360386431025375,19.095708298011584,334.74259234572907,35.79239855301598,10.329432311186128,0.171,normal
37.70360479366953,9.737188654154897,14.187960194992083,336.8265433250487,37.69925704582872,9.739049717557892,14.187960194992083,336.54333031702174,37.694918550300564,9.740932249052802,14.187960194992083,333.90480210503443,37.72733661168565,9.72172580892996,0.146,normal
32.93698121854595,8.600167952255736,16.603893440709445,152.3459579222976,32.94188360773772,8.597599154454299,16.603893440709445,152.06274746362487,32.94677323963988,8.59500615584387,16.603893440709445,149.81046199467104,32.90840538364821,8.61703703444522,0.15,normal
37.19492636269695,7.691667791209112,1.3017767036254286,161.0897077014671,37.19587238985377,7.691343703846574,1.3017767036254286,146.43503604023599,37.19670564933449,7.690790821727319,1.3017767036254286,159.24057866216492,37.18980712674695,7.69306306535216,0.944,degassing
37.50670442800637,10.961853976044164,12.420461527238194,260.43597422311564,37.50739231306812,10.965936584031796,12.420461527238194,263.6514279349818,37.50785011842261,10.970051348678314,12.420461527238194,263.64172962458076,37.505495693865,10.93706480894074,0.171,normal
37.50029643962223,8.42804030068839,12.260761546581588,274.4298800571685,37.49998077002557,8.432115011967241,12.260761546581588,276.279141960672,37.499533773471576,8.436177414382186,12.260761546581588,278.7019710382793,37.50029455838885,8.403633164524075,0.109,normal
33.18413362203794,10.162846884392232,10.375881835154985,221.5624638061497,33.186721480715256,10.16514146281038,10.375881835154985,223.33226212970325,33.189237239407305,10.167514869824391,10.375881835154985,224.2823170550833,33.17024822676874,10.147584563510971,0.078,normal
34.98671344175125,9.326563178647273,18.36819048444695,194.79118243298637,34.992633281099984,9.328126293075435,18.36819048444695,197.94289431349864,34.99845822637542,9.33001251606556,18.36819048444695,202.83617488583027,34.95169451070565,9.315645057480177,0.075,normal
36.21376329774057,8.706965241698922,19.748020910865556,99.7136006068029,36.21487394853161,8.700476940917437,19.748020910865556,100.55849153531928,36.21608015242005,8.694005722763936,19.748020910865556,98.3107151530565,36.211320535744015,8.746367357126339,0.105,normal
33.72051663905715,9.929391170195153,1.8895074714318647,113.46140715461543,33.72091477032948,9.928473841742527,1.8895074714318647,106.53684044504118,33.721199402124114,9.927515204824042,1.8895074714318647,79.49162208081665,33.716734383117874,9.93353931234864,0.825,degassing
37.6099239772823,10.62042262465768,11.527380597298066,310.3605555613195,37.607435617434334,10.623350519062996,11.527380597298066,307.88910238317794,37.60507582773361,10.626382992137898,11.527380597298066,308.816623079947,37.62638774203926,10.60429167393638,0.023,normal
36.69157784366424,7.584255462331751,10.315262872710445,17.31403799952367,36.68829522474232,7.583232158029557,10.315262872710445,20.282215917024846,36.685069997660484,7.582040248237649,10.315262872710445,20.079650285386577,36.71134511552313,7.5900674137915605,0.035,normal
37.39013920144207,9.087954639828737,14.108909805145089,291.67147991388714,37.38840246886865,9.092325187412095,14.108909805145089,291.8176186842902,37.386654594426034,9.096691291068998,14.108909805145089,291.0972036353353,37.40342106226057,9.063128061650128,0.061,normal
36.76539408472119,11.921334977059253,12.111311372975134,286.0174114019254,36.76428012886293,11.925215351959322,12.111311372975134,281.8901686467591,36.7634483390138,11.929165837077143,12.111311372975134,278.26183180983196,36.772571194542465,11.898206594299113,0.004,normal
35.04186736592154,11.968034689489176,0.726939747568241,232.9756004615296,35.04246952099086,11.968833068642514,0.726939747568241,198.1786728808313,35.043419609236516,11.969145049932774,0.726939747568241,192.25167332275325,35.03936194161605,11.96265680040984,0.942,degassing
35.940476069205936,11.233367280392896,3.1582312554202034,285.67071712627614,35.94020596081024,11.234330110312754,3.1582312554202034,264.7839651280687,35.9402968720964,11.235325969307818,3.1582312554202034,250.71127590580483,35.94168417350681,11.227764520485144,0.788,degassing
37.32658647608768,10.061293927719346,3.498921228055495,321.4021220429515,37.32580493250939,10.061917778370738,3.498921228055495,352.73373261233644,37.32481296343004,10.062044258984308,3.498921228055495,321.49055842278335,37.33218215993062,10.062474786171109,0.707,degassing
32.917263485466954,10.38370215808149,13.012443897635569,166.65991952406495,32.92148393157288,10.38270136904879,13.012443897635569,169.92077328033798,32.92575447120721,10.381942267439918,13.012443897635569,168.50141372732952,32.891988827743084,10.389846331196708,0.104,normal
35.370531278174326,7.567918535082875,11.416417136312747,287.3105481310393,35.36939895743201,7.5715516425354705,11.416417136312747,288.2358263560378,35.36820811528576,7.575165991025627,11.416417136312747,289.7889974870511,35.38015341963466,7.547256430009748,0.109,normal
35.95145472832829,7.915912242570612,14.874959323849925,202.20633879874376,35.956045283463766,7.917786205893485,14.874959323849925,197.97172458822644,35.960761681362754,7.919316083615974,14.874959323849925,196.66819625903253,35.92383499362644,7.904934504630345,0.185,normal
37.05161120920759,11.002753983987455,9.78742446666367,150.62657282567832,37.05445426480274,11.001153741240708,9.78742446666367,147.12893743812123,37.05719439812351,10.999383031961898,9.78742446666367,144.39748892852177,37.03390718161277,11.011009322331757,0.181,normal
38.0029086325458,8.02244689703448,12.646249190321504,342.4402539457997,37.99888964246879,8.023718688746643,12.646249190321504,345.50692500326886,37.99480836949411,8.024773651449449,12.646249190321504,349.694783952251,38.02756307081633,8.016897605432002,0.015,normal
32.333456386121945,9.348677866930561,15.55444683329532,61.00487042424702,32.33094312311902,9.344142911363058,15.55444683329532,61.571734241069095,32.32847484960526,9.339583312830035,15.55444683329532,60.747109870328465,32.350932242198255,9.374339503049153,0.143,normal
32.8488736302021,9.302331985537156,16.056721102895924,310.64913889576366,32.845387046186225,9.306392799353766,16.056721102895924,310.0944939982828,32.84193993513797,9.310487173832723,16.056721102895924,311.6489891675452,32.87142667595736,9.279712652457231,0.156,normal
37.61947584456357,10.55547680819148,19.643563675457408,87.0225931547368,37.61913573480432,10.54893779261796,19.643563675457408,91.13072468731335,37.61926494746679,10.542391213098322,19.643563675457408,91.59206029924435,37.62094692284784,10.594691186622716,0.041,normal
37.44875724785943,10.551226335511554,1.0718398466827388,349.9420647705215,37.447772616196026,10.551400979398986,1.0718398466827388,356.1901000595867,37.44677482619387,10.551467425705075,1.0718398466827388,18.680414453621065,37.45281586438259,10.555192346370287,0.864,degassing
35.56325887612579,10.77960312692699,14.945678262980818,57.78893792411648,35.56060332980375,10.775387995950723,14.945678262980818,59.84877285812247,35.55810100451863,10.771080139919807,14.945678262980818,56.20754459984138,35.58132362726958,10.803367195351784,0.186,normal
36.442637892811256,9.748841568472521,3.7030968528484487,188.67659481417584,36.44362644840526,9.748992425482824,3.7030968528484487,177.55159762020247,36.4446255355031,9.748949705804261,3.7030968528484487,150.8349688532623,36.44056298938734,9.743635450404138,0.92,degassing
36.38735190719292,10.242328670048993,13.112246024601179,91.59549389636715,36.38747360204861,10.237959615878928,13.112246024601179,91.20189490450898,36.38756528062162,10.233589828811107,13.112246024601179,87.45456237459578,36.384782001887906,10.268402900848752,0.157,normal
36.30686806991118,9.410948067138483,19.933612297683503,245.63175788343764,36.30960960335146,9.417000659317749,19.933612297683503,246.60516447687186,36.31224791770518,9.423098952116858,19.933612297683503,244.6040490160969,36.291867393695206,9.374025985510254,0.168,normal
35.7854283861203,8.992479145137292,19.90580961644859,55.84951811429755,35.78170355555258,8.986988021070395,19.90580961644859,60.7011965917274,35.778456491761425,8.981201538286145,19.90580961644859,59.10564511837505,35.804551557188056,9.027298394703783,0.114,normal
34.38071646801085,9.550303958905161,8.473217805402852,215.2188306173253,34.38302388170861,9.551932796194095,8.473217805402852,217.5336558067951,34.38526362322776,9.553653501518614,8.473217805402852,214.80794689881375,34.36638301873194,9.541322462907226,0.121,normal
35.988920188910114,9.938229861539767,15.178674642749225,350.90971333973175,35.983924175685694,9.939029224526664,15.178674642749225,352.991037228006,35.97890242716803,9.93964661512323,15.178674642749225,352.9174248979667,36.01886547750597,9.933352469095887,0.092,normal
37.47494180809028,10.630142776531937,1.749282544350421,156.9773352976588,37.475862158308765,10.629751681306535,1.749282544350421,164.84506886705486,37.476827380742705,10.62949025129102,1.749282544350421,133.22938451038397,37.47064936258161,10.634081488548368,0.888,degassing
34.966539669876845,9.895351908262224,1.0247097797660765,181.99198600481685,34.9675390655755,9.89538666797319,1.0247097797660765,181.5275463163572,34.96853871019975,9.895413325527622,1.0247097797660765,148.30208421557447,34.96069204481917,9.89442368588004,0.7,degassing
36.08172919825796,11.076567061727868,16.346019530534196,141.868911098865,36.08601512512479,11.073202708850973,16.346019530534196,138.19103589594417,36.090076411964944,11.069570355813337,16.346019530534196,136.55533476898748,36.055544383251146,11.096103759993232,0.149,normal
33.60705902077015,8.322029009790914,2.112400357258187,177.36172207214463,33.608057960811095,8.321982979424822,2.112400357258187,151.24424834156468,33.60893463927815,8.32150190264778,2.112400357258187,180.01591561161717,33.601506456565495,8.322212348099274,0.982,degassing
37.41932087761733,10.084467117118635,12.858812704481618,40.72888823857272,37.416072718145834,10.081670408644607,12.858812704481618,36.56891696205993,37.41263023906282,10.079116694485977,12.858812704481618,34.7242243831087,37.43806678158789,10.102000570008013,0.044,normal
34.05715280432866,10.226932479222699,9.226648678501276,251.17989379001492,34.05814497007525,10.229843597946529,9.226648678501276,255.11778755618465,34.058934871981556,10.232815980841002,9.226648678501276,250.72199317166928,34.05102476891798,10.209543844072064,0.098,normal
36.955165352533676,8.523263362772578,15.537533011124756,67.97458124415887,36.95322306823474,8.51846217406108,15.537533011124756,67.85147926285215,36.95127047290527,8.513665169493576,15.537533011124756,66.09721212953671,36.96638343103794,8.552210424118632,0.008,normal
33.26142540196843,8.886933886252788,2.087868559184143,58.029050867508246,33.26089591276091,8.886085569578945,2.087868559184143,89.45127299506751,33.26088633581438,8.88508561543895,2.087868559184143,103.22998145164506,33.260086961021706,8.89205982903344,0.714,degassing
33.59366901007701,11.307127692256723,2.751592150392673,279.1209906515717,33.59351049027542,11.308115048055058,2.751592150392673,255.72464939499073,33.59375707238203,11.309084169958998,2.751592150392673,219.69370613851757,33.59087301395832,11.30203905419022,0.739,degassing
33.63840787392801,8.072342878196924,14.321397086185646,302.7683794179985,33.635824082733414,8.076357000794628,14.321397086185646,306.140484190165,33.63300865302082,8.080212193747016,14.321397086185646,307.6573216378833,33.652873373492824,8.047647113867143,0.09,normal
33.77985950550552,8.254591931663468,12.05468629391864,179.85029008802755,33.78387772055312,8.254581432321366,12.05468629391864,178.1571424972999,33.78789387103102,8.254452212571094,12.05468629391864,175.74912372252442,33.75581076613845,8.253532674745784,0.192,normal
37.803343028090936,11.157087803715978,1.6630317202872416,183.68889207391243,37.80434095620132,11.157152142557235,1.6630317202872416,153.08969251696436,37.80523267232371,11.1566995474213,1.6630317202872416,125.00864140201324,37.79829361740818,11.160008540303124,0.948,degassing
37.212907280139724,7.809410085958916,1.6897541968662453,311.6759512059583,37.21224236323058,7.810157003292985,1.6897541968662453,301.0355401713249,37.211726793559905,7.811013850954288,1.6897541968662453,324.7082385299692,37.213403557269956,7.803911479907437,0.85,degassing
37.93997230383145,8.499141696913538,2.7306263987786825,204.33492330921757,37.9408834561098,8.499553766720325,2.7306263987786825,192.8832757812371,37.94185828242754,8.49977673230117,2.7306263987786825,156.926675298375,37.935717590631526,8.502912886394249,0.942,degassing
35.25801330252862,11.163561182307044,10.285084620386838,254.39971614075208,35.25893527325835,11.166863247240286,10.285084620386838,257.9675900598618,35.25964996649823,11.170216287118174,10.285084620386838,260.96577912125167,35.25072087194768,11.144428001469027,0.144,normal
32.13153431549136,8.246126428659608,14.224175605729224,168.0982908284423,32.13617378086929,8.2451485954129,14.224175605729224,165.22906134925864,32.140758483156965,8.243939752253171,14.224175605729224,165.6687866307847,32.10338508443317,8.25021917385641,0.065,normal
35.06015459327749,10.977530266872453,13.442879383183667,247.95239796559994,35.0618366415352,10.981683544414071,13.442879383183667,245.6568354075562,35.063683697017936,10.98576611550625,13.442879383183667,245.11883775637492,35.04819596989476,10.953493744302644,0.146,normal
35.93445811388213,11.84771045436216,3.741304968315608,310.4099244252134,35.93380986208177,11.8484718803949,3.741304968315608,304.27807873925883,35.933246652137775,11.849298194232967,3.741304968315608,330.4745697690032,35.93889473159301,11.848138704358831,0.771,degassing
33.40918738627441,8.236174880975332,16.42964300192757,237.36155996308747,33.412141084871934,8.240786631071261,16.42964300192757,233.41634346082606,33.415405084549995,8.245184230467967,16.42964300192757,232.6402918906714,33.389587240626945,8.209808181331558,0.058,normal
35.424561575284976,8.677072589544228,3.337672120599232,140.29653515179592,35.4253309362104,8.676433775199973,3.337672120599232,122.29415316155456,35.425865202300926,8.675588458842322,3.337672120599232,113.3971259578213,35.420447168692895,8.680897523963603,0.97,degassing
35.172059069383515,9.749222678575405,13.883929971568463,43.52309261408077,35.16870333796628,9.746035636907205,13.883929971568463,42.727307056510014,35.16530366656748,9.742895509151893,13.883929971568463,44.458539376410755,35.19148827133968,9.769035326840473,0.173,normal
33.03685939322722,11.489538180831566,14.650520219410547,104.82348690616584,33.038108799653614,11.484817204061937,14.650520219410547,100.97523271238288,33.03903854436956,11.480023018746278,14.650520219410547,96.57796384444208,33.029673609938094,11.517935141685001,0.127,normal
32.36534798700248,11.250388378099197,19.970548166061395,267.70540337919164,32.36561451101974,11.257039889862089,19.970548166061395,269.92410149498824,32.36562332920449,11.263696733410145,19.970548166061395,272.9041495541137,32.36749989032612,11.210634415027165,0.042,normal
37.40082195337577,11.406137216302861,9.790584502480476,14.084366863830605,37.39765653192521,11.40534303550459,9.790584502480476,11.78669841113354,37.39446181577953,11.404676398535479,9.790584502480476,8.994493276588141,37.42009083514354,11.409434751353492,0.001,normal
34.81307633580237,8.44172811352433,9.115150714698183,210.26473828713813,34.81570060558928,8.443259447195835,9.115150714698183,214.7805736592515,34.81819615964749,8.444992647896989,9.115150714698183,218.32873315441003,34.796081537484916,8.435215745156542,0.121,normal
32.528104513585994,8.013333394546862,9.554029784794325,140.20400892596507,32.53055139077055,8.011295023369179,9.554029784794325,137.98730205160066,32.532917594378254,8.009163534335388,9.554029784794325,141.77773414582387,32.512268771492096,8.023887319752962,0.114,normal
34.01808507275736,9.900527495494677,13.464119015690073,247.36920356197345,34.019812032238484,9.904669971933606,13.464119015690073,244.6027159992431,34.02173691794972,9.908724267815161,13.464119015690073,241.49012380117927,34.00542580796376,9.87679651612077,0.002,normal
37.88897063322631,8.184658193721026,9.545688928703806,109.53684928898026,37.890034700850336,8.18165948996501,9.545688928703806,107.5305923475073,37.89099313568856,8.178625372830536,9.545688928703806,106.61658021390495,37.88114648758962,8.202039435113283,0.119,normal
36.17644141032622,9.735714416303425,9.166016718345572,4.781851525264773,36.173396706094636,9.735459716532327,9.166016718345572,7.02723216598338,36.17036431853954,9.735085923077405,9.166016718345572,10.840728834480181,36.194758050041116,9.736061841666086,0.156,normal
37.93026436532297,11.692572987762983,12.341870958887144,145.9617017020905,37.93367345175121,11.69027021295639,12.341870958887144,146.01313080406942,37.93708460379298,11.687970499097448,12.341870958887144,148.7050628596077,37.91083091508833,11.707759595416684,0.056,normal
37.40385897688693,9.058895879779799,18.368662073486902,100.52484071424747,37.40497739451739,9.05287600506345,18.368662073486902,99.10443088525845,37.40594624608994,9.046830256455788,18.368662073486902,97.2599439459672,37.40017888537678,9.095398494432457,0.128,normal
37.370000147478194,8.89341768468023,13.313747220348379,28.82843686367749,37.36611223386531,8.89127777256636,13.313747220348379,30.108738875268415,37.36227310426584,8.889051524593905,13.313747220348379,25.128343487556883,37.39451111218539,8.903723636407493,0.154,normal
35.08772798094385,7.675530278169805,3.690137599247625,5.332385730257467,35.086732308616064,7.675437344776082,3.690137599247625,37.30221049181161,35.085936858515055,7.674831325686614,3.690137599247625,32.99474241734029,35.09295772308578,7.673638324943882,0.744,degassing
36.31352563030986,11.8714044580213,13.561464019218235,245.45835287924882,36.31540323563994,11.875516563326434,13.561464019218235,245.92872158481458,36.3172470198214,11.8796439440586,13.561464019218235,250.5042153371312,36.299117201191166,11.848515518062312,0.16,normal
36.21505052885288,7.607501331894396,10.180710346901437,202.598712045405,36.218183536771,7.608805394590245,10.180710346901437,204.04537686699848,36.22128262320754,7.610188138741764,10.180710346901437,203.7641536088931,36.19550906787337,7.602194785330161,0.081,normal
37.51679143373625,9.480548644733213,2.0311620653698426,75.17965239968554,37.51653564464391,9.479581912122695,2.0311620653698426,108.86497936142119,37.51685898373019,9.478635628954038,2.0311620653698426,83.00953341084539,37.51558282812589,9.48609962469199,0.799,degassing
36.54500054904578,11.082249699308205,15.062171443014176,13.63968532593312,36.54012142019304,11.081065735939596,15.062171443014176,16.116519083888647,36.53529801503713,11.079672024950257,15.062171443014176,19.87328488803567,36.5744801860581,11.08833826646549,0.054,normal
33.51212167621024,11.99459417406361,17.413492307554534,20.227290265429104,33.50667515113371,11.992587297118323,17.413492307554534,20.208929945852113,33.50122798323708,11.990582165604268,17.413492307554534,19.1033459198098,33.543164816567675,12.010196504276312,0.04,normal
36.100640090302946,11.171955270363227,14.678504176429517,133.4547220672007,36.104005289721066,11.168403472997513,14.678504176429517,134.6346818445371,36.1074429167347,11.164921727434438,14.678504176429517,135.52580973577398,36.08471535199096,11.196522416024566,0.147,normal
36.01672247507017,10.175758155204926,3.6918937146573105,206.34294005789548,36.017618629191155,10.176201898138881,3.6918937146573105,245.17010180690343,36.01803855491465,10.177109456614545,3.6918937146573105,249.4846634081766,36.014356982343564,10.1706633528603,0.862,degassing
32.54336189480825,7.760194998602425,15.98429578476523,56.59354063406365,32.54042837769693,7.755747177563447,15.98429578476523,55.315839952117116,32.537396411404146,7.751365874670855,15.98429578476523,52.28334489599159,32.55838437304075,7.788239653294255,0.177,normal
34.69144789217039,8.16268526304721,3.9160395566791206,98.78263457900077,34.691600578483666,8.16169698834363,3.9160395566791206,95.78248932030617,34.69170133072167,8.160702076796538,3.9160395566791206,77.30595075974864,34.686813398391166,8.162918195424187,0.741,degassing
34.70485926044692,11.461596597682137,2.2960086917956133,163.26179089383558,34.70581689109534,11.461308598478636,2.2960086917956133,168.03350333258635,34.706795160103844,11.461101258788748,2.2960086917956133,162.34649305456645,34.701770227199454,11.465968760917242,0.953,degassing
34.27886525041041,7.882376579031624,0.8202629773030684,165.63017960045545,34.27983396443044,7.882128399364031,0.8202629773030684,193.0037012199552,34.28080831996169,7.882353413360725,0.8202629773030684,226.28109960706024,34.27498293321616,7.8782486052537735,0.983,degassing
37.09573069333596,10.493139948528523,8.517616324619205,16.275882115126638,37.093005273737745,10.492344225239352,8.517616324619205,18.689367693967498,37.090315780288535,10.491434438162116,8.517616324619205,16.555547702772746,37.111776675343734,10.498824623352663,0.138,normal
34.014021595083655,9.211123718831724,19.172122012994244,44.50978184624081,34.00946418500249,9.20664363472227,19.172122012994244,42.92347026227267,34.004784500139785,9.202291429550018,19.172122012994244,39.333537060243536,34.03966926971463,9.23949125673765,0.053,normal
32.151211408990825,9.54717381440616,8.777119139785745,104.20830326808398,32.1519295174038,9.544337605999013,8.777119139785745,108.18620651601147,32.1528426485382,9.541558046797817,8.777119139785745,107.57787507875022,32.146406460404854,9.564031323055362,0.158,normal
35.192381466834945,9.896835223872028,15.368962917425149,178.41441564428678,35.19750249292566,9.896693470109986,15.368962917425149,180.82909983599143,35.202624944207585,9.896767599828006,15.368962917425149,184.4545059384541,35.161745726009364,9.894779721763625,0.166,normal
36.528394289608514,10.773817368655447,17.06589266542814,137.92028475006006,36.532616466256094,10.770005053644596,17.06589266542814,132.93449488325882,36.53649134415516,10.76584021959596,17.06589266542814,129.78586118240784,36.50197216758153,10.795378922278536,0.111,normal
34.00454037993496,11.236967505843552,9.986880334643976,7.764453289104095,34.00124194023337,11.236517760405269,9.986880334643976,9.743571614248747,33.99796100019408,11.235954370768477,9.986880334643976,11.959404998756906,34.02434533005133,11.235379125995319,0.013,normal
34.90342830575852,11.59980978444646,3.203399541268164,223.00459215758886,34.904159604796796,11.600491841421066,3.203399541268164,219.94538044258528,34.90492626165546,11.601133898475432,3.203399541268164,239.2500317062114,34.9045068930728,11.595011711636117,0.781,degassing
37.981349673015856,11.03070524616369,15.470570193354007,312.23338475735534,37.977883480817056,11.034523450320915,15.470570193354007,307.7615354599938,37.97472554315482,11.03860028746099,15.470570193354007,306.49563447733584,38.00336182932713,11.00899669321388,0.076,normal
37.34950581253563,7.91593081264545,11.134626505872266,118.34367991668549,37.351267901736456,7.912664226213437,11.134626505872266,122.23722011100938,37.35324773431743,7.909524830057996,11.134626505872266,120.63815407337681,37.33806956812542,7.93503084495838,0.07,normal
32.48786407080958,10.58018112016314,17.99028825128137,28.438300704756614,32.48259093481634,10.57732538903403,17.99028825128137,25.363261661115097,32.477172199172976,10.574756640795641,17.99028825128137,22.650337735354753,32.52092314363216,10.59434477903523,0.01,normal
35.91777300292284,8.865576963907587,14.364234236294754,44.44531649137779,35.91435470263975,8.862224216547146,14.364234236294754,46.51214287063907,35.91105954333463,8.858750368991156,14.364234236294754,49.72286745934927,35.937353748350716,8.886520547921137,0.052,normal
36.73178414236027,8.903507182938668,12.37025023907685,157.3791118082568,36.735590344879384,8.901921185445723,12.37025023907685,153.45447571032014,36.739279069190154,8.90007839445831,12.37025023907685,155.05530831139666,36.708891059019194,8.91284893190459,0.074,normal
37.25676007491841,11.022238169792804,1.1451387531793595,281.42574464380533,37.25656197713393,11.023218352055336,1.1451387531793595,317.09035246169435,37.255829548866195,11.023899196261176,1.1451387531793595,301.0424787923141,37.25467827252561,11.017091244284451,0.788,degassing
36.79131882891577,9.424795001068285,2.9288237042595036,328.40698982095716,36.7904670380641,9.425318883063596,2.9288237042595036,307.3022771463363,36.78986101804925,9.426114332459601,2.9288237042595036,315.2033895035137,36.793632041298125,9.42007948550261,0.86,degassing
34.32906015833609,7.750109889186391,19.753146249370317,268.836156445658,34.329193897046565,7.756692912912148,19.753146249370317,268.6734526795818,34.32934632911327,7.7632755303157035,19.753146249370317,268.92759939045374,34.3302140913856,7.710659049086528,0.003,normal
34.67500574297674,11.976339496588157,1.420927777771624,111.25661508872173,34.67536828861765,11.975407530570397,1.420927777771624,145.16543992159345,34.676189093430324,11.974836321799907,1.420927777771624,120.20632070599285,34.67122027060021,11.980686432030275,0.816,degassing
32.291072518943665,9.991904486871697,2.7244530364186517,322.31536793215383,32.29028113141476,9.992515801667109,2.7244530364186517,321.1908797126373,32.289501893201894,9.993142529524805,2.7244530364186517,340.0127116852435,32.29393631870879,9.986968905263526,0.903,degassing
33.82534842488272,9.144119107853593,12.062470442631916,232.0195907065384,33.82782280748975,9.147288406226796,12.062470442631916,228.219045962054,33.83050182035978,9.150286724339777,12.062470442631916,231.25095268263937,33.81013171771204,9.125414304787148,0.124,normal
32.5082152192389,9.469937104964348,3.1745504604427497,252.70984964354577,32.50851242997689,9.470891916871073,3.1745504604427497,241.38859665466,32.50899129656672,9.471769804557024,3.1745504604427497,257.9110103584206,32.507307210650445,9.464162709774676,0.897,degassing
37.07314638639319,10.238210464031614,10.963255687955161,134.38890887852256,37.07570274361944,10.235598986908823,10.963255687955161,133.03549242117037,37.078196706220545,10.232927858762263,10.963255687955161,134.7459793015057,37.05849003915844,10.25450864283131,0.176,normal
37.15135971452929,11.368185383617462,16.883675644144738,284.88409751799276,37.149914108529735,11.373624445147042,16.883675644144738,285.9207072689385,37.14837033960851,11.379036463674947,16.883675644144738,283.76915342408523,37.16077090100582,11.335788668774311,0.085,normal
33.25974155471086,9.910166220859933,0.7308508505142479,132.1703871799164,33.260412892332134,9.909425069189723,0.7308508505142479,115.80424288978017,33.26084819010108,9.908524782650696,0.7308508505142479,138.40882731526742,33.25591385316516,9.914057670386223,0.851,degassing
37.249693600228504,10.795052117192043,14.814782462651705,289.6698755538343,37.24803138057862,10.799702218886695,14.814782462651705,289.5249509000351,37.24638092825835,10.804356510140321,14.814782462651705,288.6616924691001,37.25974818311203,10.767205290846869,0.09,normal
34.27485678163963,7.673408846512065,16.746792672857254,34.507566931914546,34.27025670911678,7.670246409689881,16.746792672857254,35.694181809609944,34.265723113534776,7.666989388816659,16.746792672857254,33.21719188742121,34.302205736689196,7.692633061977523,0.195,normal
35.95442868826308,9.749237231914696,3.359189875795746,220.57803267469046,35.955188209022836,9.749887714977882,3.359189875795746,181.90559788431614,35.9561876559947,9.749920967803911,3.359189875795746,176.5790984161742,35.949374940986004,9.746444710748042,0.967,degassing
36.14113537312719,9.239809061007769,9.375371966836715,161.722817877414,36.14410283601386,9.238828977356981,9.375371966836715,160.4090270049544,36.14704704748703,9.237781113459556,9.375371966836715,160.32979515852685,36.12306680789847,9.244770370105336,0.058,normal
33.413717863076926,9.986929526080862,2.77456474940397,313.20345683402786,33.41303327199128,9.987658453406084,2.77456474940397,312.37667677998485,33.412359270260346,9.988397183171758,2.77456474940397,345.57248615048314,33.41585717515369,9.981815578951627,0.95,degassing
32.21028838234512,8.390796562136172,0.5591559417520029,272.07074263497447,32.21025224893557,8.391795909111309,0.5591559417520029,297.4803886671241,32.20979080395751,8.392683077940916,0.5591559417520029,305.13817234470247,32.214221692028424,8.388326111726842,0.992,degassing
34.548152415142724,7.915808479127035,15.767658030359808,2.712812984508715,34.54290241932192,7.915559718935463,15.767658030359808,6.847395510823066,34.537684022370904,7.914933084262781,15.767658030359808,8.856487344987944,34.57960602556028,7.917541544743748,0.118,normal
34.819345662953296,9.85377604223288,3.205519526943135,24.48318628634149,34.81843558002794,9.853361616040454,3.205519526943135,20.62440530485917,34.81749967044509,9.853009375706682,3.205519526943135,26.232684759751795,34.82506255542357,9.852485039625885,0.867,degassing
35.79587106568485,8.02894934275644,16.18553835097657,190.44066334396442,35.80117691772637,8.0299270417974,16.18553835097657,194.714184844486,35.80639516172555,8.031297403379721,16.18553835097657,191.8982920278258,35.76386052959427,8.02423795407584,0.189,normal
37.2749125997471,10.951516336655768,18.191241529291176,134.45649834853427,37.27915945137373,10.947188140601863,18.191241529291176,131.14612821079197,37.283149286160814,10.942621933402073,18.191241529291176,130.37300593300554,37.251629965232965,10.97943701687321,0.092,normal
33.87295341798387,11.810864653215022,13.483017828236877,165.95543495164267,33.87731340916377,11.809773982577411,13.483017828236877,169.57573751791188,33.88173356910024,11.808960796458175,13.483017828236877,167.86609542443574,33.8468273805708,11.81748263894943,0.188,normal
33.07351491637998,8.130213137148068,12.011209116479167,342.9698143918798,33.0696867414829,8.131385733368054,12.011209116479167,339.8581867902613,33.06592786078848,8.132764399702905,12.011209116479167,340.36539578925476,33.09703228703219,8.125396522579372,0.167,normal
36.68296080886009,8.061228078365776,9.698431264727878,309.594236997802,36.68090038849893,8.063719208863594,9.698431264727878,306.2891916315102,36.67898701364823,8.066324983201977,9.698431264727878,307.61750293350565,36.69473845671157,8.045842024830636,0.042,normal
37.09005223422493,9.623969188219524,9.955460004765603,65.03719549592451,37.0886517339191,9.620960708094815,9.955460004765603,62.826000497490405,37.087136200079485,9.618008503672971,9.955460004765603,64.5450169386401,37.09902558277845,9.6417035158088,0.027,normal
34.35207121981942,11.694018630703841,17.538095632710665,326.8458475457741,34.34717690906745,11.697215787405767,17.538095632710665,331.25667300794396,34.34205120905263,11.70002706613112,17.538095632710665,331.44196976204256,34.38186012843513,11.675553406001711,0.022,normal
32.519208666413945,8.338675352130805,3.5803917918553094,52.171210369955325,32.51859536240546,8.337885505187923,3.5803917918553094,26.81597332574332,32.51770290232055,8.337434378823323,3.5803917918553094,48.62295194066712,32.5234554233786,8.340323302113948,0.777,degassing
37.9104296792043,7.889721294537458,17.422491041921827,178.32519146066878,37.916234695296076,7.889551560211281,17.422491041921827,180.39483577568777,37.92204205441617,7.889591580426719,17.422491041921827,182.12254772897558,37.87559613810706,7.890230101246427,0.191,normal
34.48294783145418,10.795559331189118,3.2756103688726292,315.76550001806487,34.48223134076627,10.796256927844878,3.2756103688726292,317.83470613534644,34.48149012942035,10.796928199578737,3.2756103688726292,346.53465195627155,34.48866695503896,10.795052041144402,0.883,degassing
33.092017881227264,9.625567736137924,19.649842430500563,111.33611053874574,33.09440100334017,9.61946670827827,19.649842430500563,111.95760658612083,33.09685016273522,9.613391888922365,19.649842430500563,109.67388625970143,33.07617912530223,9.661516214034824,0.086,normal
35.30638454449831,11.95481671708993,18.69194900687716,3.5390263863031945,35.300165776775806,11.954432109093563,18.69194900687716,3.0674017061685612,35.29394405390368,11.954098702735223,18.69194900687716,3.0336034738492117,35.34334237424408,11.960142604241348,0.067,normal
34.67772966649707,8.748917990676281,12.321273009388355,16.408902223526937,34.6737898569216,8.747757776464598,12.321273009388355,17.766681431283985,34.66987864541261,8.746504532258589,12.321273009388355,19.242289252624722,34.70174520088272,8.754382887055824,0.14,normal
36.002916174000106,10.19381986337916,9.19675847450274,314.8375664931198,36.0007546313615,10.19599369683981,9.19675847450274,312.04847468942677,35.99870142713758,10.198270135046313,9.19675847450274,316.0473040793342,36.016084093747935,10.181013884211477,0.034,normal
36.303009179607095,9.18706696954242,17.810871653549412,86.31040261951887,36.30262712972708,9.181142317747103,17.810871653549412,90.47882434376471,36.30267674466518,9.175205567848,17.810871653549412,88.49249836896526,36.312909167644364,9.221125061447415,0.032,normal
36.88312344309216,11.639463383269025,9.331925571315937,24.590025633730146,36.88029490981279,11.638168975199415,9.331925571315937,27.75909783658359,36.87754226024042,11.636720178079425,9.331925571315937,25.56435528137498,36.898644260462504,11.649794656661982,0.098,normal
36.22268422464584,11.298670387278472,2.4276058686771327,225.24517324472816,36.22338829919578,11.299380513343424,2.4276058686771327,218.0541978921599,36.22417572722324,11.299996919947521,2.4276058686771327,201.39043869446968,36.21798822357686,11.300275908589967,0.932,degassing
36.15223881227427,10.107041836162892,12.178517680709644,8.52533834272488,36.14822416229789,10.106440027499696,12.178517680709644,9.241255911705997,36.144217345192104,10.10578810359259,12.178517680709644,5.458387137879564,36.176205266570555,10.11133574539311,0.123,normal
37.758441620001925,9.113419387493037,1.35270843790888,240.57866629802535,37.75893284811217,9.114290418459026,1.35270843790888,268.85803216796194,37.75895277789122,9.115290219841254,1.35270843790888,263.491455651055,37.75313092034781,9.111585531563533,0.947,degassing
35.271966647479175,10.7282572663755,8.529065976586393,171.06093115003063,35.27477513853044,10.727815506188213,8.529065976586393,171.27111132079364,35.277585231206395,10.727384051438964,8.529065976586393,173.85475220941635,35.25502893034831,10.729852951047764,0.045,normal
34.94991841245838,9.18802758641092,9.886106431559408,302.09325931899815,34.94816758658673,9.190819371568217,9.886106431559408,300.76442827605734,34.94648197417903,9.193651008269555,9.886106431559408,303.5847662003679,34.95953141983749,9.170789287402355,0.012,normal
37.692702639164644,10.674966438048681,17.471321900605176,51.137294197051,37.689048475143466,10.670431746380718,17.471321900605176,55.43985413792309,37.68574481679563,10.665635687088132,17.471321900605176,51.879739478908085,37.71580696512089,10.701127080127515,0.183,normal
33.4648756482274,8.175889042536973,9.060634975197264,317.51312189208375,33.46264844737901,8.177928957937786,9.060634975197264,321.1523110745838,33.460296257748944,8.179823392525135,9.060634975197264,323.95287056590684,33.479641838932714,8.165466558446342,0.09,normal
37.161520350458794,7.894871933939909,2.577588433017813,144.62375447400288,37.16233571835083,7.894292990764259,2.577588433017813,180.90965779017574,37.16333559232148,7.894308866620789,2.577588433017813,207.51069016930148,37.156816240096695,7.893165895469812,0.839,degassing
32.16124535713087,10.179908557261554,13.339011977422336,351.36694427822306,32.15684939705198,10.180575978118013,13.339011977422336,354.7459178646594,32.15242174143103,10.180983140637341,13.339011977422336,356.303395365556,32.18767048443771,10.17634192000063,0.182,normal
35.13348074273133,11.591413356902228,2.902384089538062,281.97064747344587,35.13327333217106,11.592391610887391,2.902384089538062,260.1464430809742,35.13344446270042,11.593376859252993,2.902384089538062,265.44765508991776,35.13138715284779,11.586205919752773,0.911,degassing
35.35531522759119,7.705168034063162,19.90898350832998,14.233619956400553,35.34888262677864,7.703536319034515,19.90898350832998,13.883839950767625,35.34244018458033,7.701943903991326,19.90898350832998,16.520508150161508,35.39340967101801,7.716704538840289,0.055,normal
33.868820757622146,7.741028630206342,2.298697713638524,1.3210288761876967,33.86782102340693,7.741005575945646,2.298697713638524,28.319942759623927,33.86694071112113,7.740531181300373,2.298697713638524,8.000522376187213,33.874329106379776,7.739474011210041,0.783,degassing
33.68461802104931,8.46336435208033,16.99167289080509,42.96514459488695,33.680473364313976,8.45950410838416,16.99167289080509,43.75054278208186,33.6763820107008,8.455587415077364,16.99167289080509,47.65348039803979,33.709297719394016,8.486576653701766,0.01,normal
36.176912802164225,8.487988171404174,3.009288318724732,45.28864626444916,36.176209266623154,8.487277511328998,3.009288318724732,75.11327706406897,36.17595235777377,8.486311075690631,3.009288318724732,47.07435813355772,36.18027411754072,8.492625912286508,0.759,degassing
36.952600408326646,9.039713610494964,10.769709462067727,286.9065277809501,36.95155642427285,9.043148359678046,10.769709462067727,288.3479385312585,36.95042637044743,9.046555760888193,10.769709462067727,288.7787579637258,36.957699580618055,9.018886958920332,0.137,normal
34.80347905418422,9.190442826404812,18.3272072623572,218.31346021797918,34.808272417627094,9.194230225514996,18.3272072623572,218.00460092793296,34.813086127724155,9.197991730561746,18.3272072623572,215.51385909718266,34.77478480329673,9.16773347874494,0.16,normal
32.69869650643373,9.690550494849482,12.402709878015171,183.06132624170897,32.702824843277554,9.690771282946288,12.402709878015171,179.64894062766518,32.706959002300316,9.690745952050257,12.402709878015171,180.9631965977231,32.67447421001764,9.685409909158947,0.079,normal
33.82026725292648,8.780225956730877,11.05682861511437,274.98901878215514,33.81994673458565,8.78389760290971,11.05682861511437,275.67416699212066,33.81958233432408,8.787565153879868,11.05682861511437,276.2644142830514,33.82387999067917,8.758428918239327,0.026,normal
32.81740723565239,11.4761656705492,11.546212551175724,35.031970507768435,32.81425576672759,11.473956366565757,11.546212551175724,35.92261390582502,32.811139020045665,11.471698342961828,11.546212551175724,38.75819246770989,32.83651315543831,11.489119809284594,0.191,normal
34.972915056811324,11.934811489450682,15.412391015716144,345.3108571030623,34.96794550692394,11.936114220004919,15.412391015716144,348.8356680252476,34.962905265226425,11.937108954447265,15.412391015716144,344.5326164635669,35.00219533316435,11.925206899181607,0.027,normal
37.938052396350685,11.760591311607064,1.153306473876327,307.0682129730063,37.93744963094596,11.76138923006585,1.153306473876327,304.53791281125706,37.93688267950599,11.762212981281152,1.153306473876327,339.92965756517185,37.93812461569738,11.754818800921967,0.822,degassing
36.29604399272311,9.166434490865578,16.7331704846386,170.5697743509248,36.30154633810315,9.165520600990332,16.7331704846386,172.8841444392503,36.30708110027291,9.164829654458712,16.7331704846386,172.24698958626846,36.26297619827646,9.171288488457499,0.072,normal
34.23307582625123,9.615632116218418,12.716329579352667,313.8949884949717,34.23013691801672,9.61868662842666,12.716329579352667,313.8670909595353,34.22719949738426,9.621742571238496,12.716329579352667,312.9206186144721,34.24941463287896,9.596280296567762,0.185,normal
37.504197000362105,8.880948457913226,1.6959167133925608,45.87051957528021,37.50350071815978,8.880230689778848,1.6959167133925608,60.02279919871275,37.50300106280912,8.879364465483091,1.6959167133925608,52.34723542067272,37.50413975616483,8.886807225199234,0.81,degassing
37.90886370627437,8.70762437175717,19.19750217917303,145.90283098791107,37.914162780225354,8.704037010807067,19.19750217917303,141.36626155166104,37.919161508822775,8.700041756655743,19.19750217917303,136.3892990696484,37.87555949439962,8.7265391394847,0.011,normal
33.32343036598564,10.985665329529223,19.532606653046045,78.69096527489012,33.32215357957939,10.979280877312938,19.532606653046045,78.34938620676459,33.32083875403085,10.97290415029933,19.532606653046045,83.16866648619327,33.32834957254874,11.02433470196514,0.187,normal
32.94979256240836,9.131155634664285,11.352321810048018,356.3564679217919,32.94601610382757,9.131396110065364,11.352321810048018,352.29803232485745,32.9422661345115,9.131903256946968,11.352321810048018,352.9685766147161,32.972481262034236,9.131242603815185,0.163,normal
35.18611697609516,11.071547356011731,17.844269467674604,311.31475219210836,35.182190076474924,11.076014931630546,17.844269467674604,311.78508870890164,35.17822663560114,11.080450121477357,17.844269467674604,312.3379929822627,35.207937031089955,11.04338787432727,0.14,normal
36.88472276883221,11.697141878307932,3.7465005016042148,36.62545766791752,36.88392021635097,11.69654529678387,3.7465005016042148,23.962633881132206,36.88300640582952,11.696139156006701,3.7465005016042148,12.03646119601926,36.88813950025572,11.693134386204573,0.736,degassing
33.804332409741455,11.845301254127994,9.481014767519179,256.3341318760155,33.80507906916891,11.848372123319399,9.481014767519179,256.04326591782234,33.80584130838641,11.851439162488797,9.481014767519179,253.4126276315003,33.80039137874877,11.826775698932149,0.035,normal
35.60368320598853,8.321023311587568,18.271342350659342,264.92355476837713,35.60422211806578,8.32708986941857,18.271342350659342,262.7321898263682,35.60499260427451,8.333131384224151,18.271342350659342,264.29249584437645,35.60392258299095,8.28450406726973,0.14,normal
35.14561129232059,10.236271707902683,12.363086895900734,6.128463420649341,35.141513814905885,10.235831754986034,12.363086895900734,2.184443910669833,35.13739578068384,10.235674675773856,12.363086895900734,0.24951651953522003,35.17005548731479,10.239865775811397,0.195,normal
33.1266868333377,10.222886379574044,9.449518033667616,283.82440554965393,33.12593418836853,10.225944976220694,9.449518033667616,280.28900408615254,33.12537158488642,10.22904416405276,9.449518033667616,283.705054845873,33.128795264074796,10.204150249688272,0.136,normal
33.108201869328774,7.891671949176728,15.994647693075759,314.0909304516896,33.104492182102035,7.895501262154618,15.994647693075759,312.0164157674562,33.10092354429683,7.899462353092493,15.994647693075759,312.6689977480539,33.13130986447512,7.869590267433904,0.138,normal
37.69817777620941,11.636808382966475,15.616885224532833,188.44454240971038,37.70332696762737,11.637572840202202,15.616885224532833,183.47315963127676,37.70852303479153,11.637888202136327,15.616885224532833,185.5527904045114,37.668052725363125,11.628898567458874,0.081,normal
36.93684446054042,10.28085592274801,10.53276244147932,0.48641960496109693,36.93333366624838,10.280826116709667,10.53276244147932,3.063987910012713,36.92982776442499,10.280638453805222,10.53276244147932,359.0618061423694,36.95774204715627,10.283433281812062,0.021,normal
34.92627668265856,8.90414361935055,19.39733475192402,310.9311695361334,34.92204061569165,8.909028496527954,19.39733475192402,312.6915808620875,34.917656483931786,8.91378093559633,19.39733475192402,311.1595692665936,34.947881230994795,8.871983685075673,0.095,normal
32.38165552704438,10.778966914296447,8.540395143169057,286.5352926134771,32.38084531143702,10.781695982212783,8.540395143169057,283.5424709666765,32.38017868782858,10.784463629948146,8.540395143169057,282.8557012522673,32.38777978463633,10.763027451558578,0.003,normal
32.5450953151045,10.743126442919104,1.2403198634704284,191.34622584808506,32.54607577135589,10.743323180152775,1.2403198634704284,202.7260097139818,32.54699813416626,10.743709504946235,1.2403198634704284,198.95626955169791,32.54308923577323,10.747368361509592,0.729,degassing
32.5529739236244,8.879132047121558,14.858883492080947,344.973566942436,32.548190322434834,8.8804161748222,14.858883492080947,340.50721778621244,32.54352124749778,8.882068919062714,14.858883492080947,341.2072531119529,32.581683262175375,8.871464702647776,0.016,normal
36.613433727551325,8.080367421965189,16.099401005921422,236.56150425931813,36.61639087374536,8.084845619646218,16.099401005921422,234.60697552696053,36.61949903445855,8.08922035450267,16.099401005921422,230.01553725294065,36.59813312464586,8.052042167121352,0.14,normal
32.69332152750072,7.900803474312625,11.94578805346191,280.32984696543036,32.69260750893845,7.9047208636027415,11.94578805346191,278.60871205506436,32.692011471111435,7.908657931073124,11.94578805346191,274.07058282130964,32.69670786514953,7.877264073431452,0.076,normal
35.38038529145664,9.550606645008076,2.1797827931054443,302.4396514515921,35.37984888047424,9.551450601913352,2.1797827931054443,308.7704598716723,35.379222678551365,9.552230262834383,2.1797827931054443,348.6752109696611,35.38277757818606,9.545174588087416,0.727,degassing
34.31295669996211,9.061364486093618,0.6182115219478344,232.43609550933718,34.31356634587399,9.062157159962322,0.6182115219478344,239.899611956724,34.31406786247049,9.063022307986323,0.6182115219478344,277.25751208565265,34.30903315948101,9.057214538260249,0.733,degassing
35.8966555901853,8.108113629307658,10.67288192997243,250.48210334570018,35.897844198031294,8.111466825315235,10.67288192997243,249.54645880357594,35.89908740291521,8.114800165035906,10.67288192997243,247.59924387448984,35.888010007351234,8.08866683976732,0.123,normal
35.72227028292807,10.016413125413278,1.6738971743064686,223.57177300653512,35.72299479444543,10.017102388107194,1.6738971743064686,230.45597259158006,35.72363146541211,10.017873523685532,1.6738971743064686,196.64771305573518,35.71709321916338,10.014250448234217,0.969,degassing
34.35870575627479,11.666978443452237,17.035777950953925,215.1304757477481,34.36334995781206,11.670246134773253,17.035777950953925,211.55322727439602,34.36818899552447,11.673217687987668,17.035777950953925,209.4963552533803,34.33029194958926,11.648226624127416,0.029,normal
33.959627843638316,9.380694859667466,13.724336480219307,228.88309356852764,33.96263620709318,9.384141357982715,13.724336480219307,227.19301498087844,33.965744909977566,9.387497630869445,13.724336480219307,222.30974325870926,33.94282359392935,9.359012892513153,0.026,normal
32.70215039047652,9.658138271118386,11.921881792070739,16.711885089272638,32.698344278585765,9.656995522193903,11.921881792070739,19.784721168939743,32.69460489664879,9.655650388163858,11.921881792070739,19.59899999895036,32.72450701641068,9.666394189620112,0.087,normal
37.562334034943845,8.157901774579223,14.798882370109052,221.9547536852452,37.5660025447144,8.161199673640654,14.798882370109052,219.58178654079754,37.56980445569026,8.164342852777715,14.798882370109052,223.16743508513596,37.53857953452338,8.14029087282219,0.116,normal
37.025694288010584,11.831487745707676,13.162929413096816,208.31926783234502,37.02955680868931,11.833569174618367,13.162929413096816,207.224428392178,37.03345839488956,11.835576420847866,13.162929413096816,202.99744963020223,37.00243546347721,11.819253830775473,0.074,normal
33.78129610913357,8.323586114968528,1.0514996555802112,311.5293358899884,33.780633105701,8.324334731324482,1.0514996555802112,282.89131498791437,33.78041000334386,8.325309526348187,1.0514996555802112,312.0327660883321,33.78047503548575,8.31803563826398,0.908,degassing
34.38023526887881,11.196652477254084,0.6143433930917916,13.723952645678338,34.3792638188545,11.196415232970157,0.6143433930917916,1.6339441998238158,34.37826422545672,11.196386719129302,0.6143433930917916,322.5478175447573,34.382609191090616,11.201641118015901,0.846,degassing
32.38920540009932,8.685444251244407,1.5573432611483156,327.94080804538345,32.3883578999123,8.68597504633952,1.5573432611483156,349.67033662952906,32.38737410757633,8.686154357911038,1.5573432611483156,24.99470859018942,32.39371781137465,8.68853911502914,0.919,degassing
36.55498036178175,8.396942092900018,3.979056991909541,7.545466220487128,36.55398902080966,8.396810780002534,3.979056991909541,36.64209225412601,36.55318664156674,8.396213965499923,3.979056991909541,57.9402426687602,36.560691223887055,8.396240080029132,0.908,degassing
34.57413173616898,9.550138234593147,8.128474006432853,335.5761378393106,34.571664713054375,9.55125856501272,8.128474006432853,335.7922566362498,34.56919348163094,9.552369581911261,8.128474006432853,339.37231211328,34.58916058775884,9.543968255965527,0.046,normal
36.62129366134685,11.179713337495853,8.348520626138283,66.23740317366054,36.62017232168159,11.177166418380066,8.348520626138283,63.313365588118195,36.618922518683306,11.174680016945722,8.348520626138283,59.1343675685152,36.6281983627371,11.194869446299052,0.033,normal
36.78937262275607,8.811826384467395,8.70187629217028,326.71709869521726,36.78694778352618,8.813418170445015,8.70187629217028,322.5541804530514,36.78464489390275,8.8151817824408,8.70187629217028,320.3320570526622,36.80412045447391,8.802610239494248,0.021,normal
35.606782852443395,11.37848528430736,0.6751625377842091,328.2939657129641,35.605932096680405,11.379010845561393,0.6751625377842091,325.34813079470524,35.60510947471146,11.379579434249473,0.6751625377842091,322.0182116785718,35.61259531652713,11.377891781496452,0.875,degassing
34.30888309975181,10.922809599969284,11.056669525640435,108.3669230173201,34.31004442301601,10.919311792791392,11.056669525640435,103.89537986562814,34.31092950855082,10.915734090962877,11.056669525640435,101.50040390929003,34.30191946722428,10.943780164409127,0.193,normal
36.164705083837646,11.915346432656447,17.688109003145684,201.09835625798158,36.17020587266835,11.91746882910772,17.688109003145684,196.93504842052099,36.17584623080395,11.919186270390139,17.688109003145684,201.43508222606943,36.13315991578776,11.89943809181232,0.118,normal
33.49722182061599,9.0875917842081,16.822623808897987,211.43209896171038,33.50200650442045,9.090516048214985,16.822623808897987,215.41186233747968,33.50657669455036,9.093765337563001,16.822623808897987,219.31794265095422,33.46973214815523,9.068314759395946,0.023,normal
36.072480022795986,10.60131856388373,18.548840848748295,101.33616682271267,36.073695374373315,10.595256241430674,18.548840848748295,97.24845054164891,36.07447549003475,10.589122706354052,18.548840848748295,92.66731032205305,36.06631872196044,10.63787000954944,0.104,normal
35.47966040525015,8.99585462294214,8.249714714685632,98.94877588705192,35.480088156753524,8.993138190421842,8.249714714685632,97.81027921371258,35.48046185045105,8.990413795074907,8.249714714685632,94.2084651989357,35.47734363559468,9.012184941694407,0.079,normal
33.245198109688125,11.758111243683118,11.798388875792757,213.57815689573275,33.248474648725804,11.76028637094569,11.798388875792757,209.36533789331244,33.251902122510394,11.762214922249067,11.798388875792757,212.51547261677084,33.22511136618251,11.745795947337797,0.027,normal
35.442870857174235,11.68278277695909,11.430050383540298,58.83184205347691,35.44089897703157,11.67952272838929,11.430050383540298,54.28133960949745,35.43867466764688,11.676429400773984,11.430050383540298,50.04073408645616,35.455264664790775,11.701962985022538,0.031,normal
36.94834199638928,10.73668534479234,19.4474642437594,231.61844094639625,36.95236694414728,10.741766924002485,19.4474642437594,233.26619595360026,36.95624410784873,10.746962138469252,19.4474642437594,234.49636384349347,36.9227066419652,10.707477246346716,0.055,normal
37.11658399343731,10.68397240583273,17.82706457159217,51.81794051757016,37.112910653711154,10.679301414877363,17.82706457159217,55.874328363015074,37.10957693348304,10.674382279720701,17.82706457159217,52.369291073765176,37.13611449156892,10.713779923892181,0.107,normal
33.78685147275623,7.535209394422022,0.8840734687293621,230.20543206433183,33.78749150961387,7.535977738629304,0.8840734687293621,265.52642072570245,33.787569508994125,7.5369746920367815,0.8840734687293621,261.02465920744237,33.78122621200658,7.534561089621041,0.891,degassing
36.995003643034096,9.824330497084437,19.517152701710174,282.2357290439096,36.993624858585484,9.830688430279189,19.517152701710174,278.53356621194035,36.9926594830166,9.837122123703315,19.517152701710174,280.7158764395631,37.003488932602465,9.786299433343638,0.029,normal
33.10844057701991,8.880255302592841,11.411865278759166,27.42167905565133,33.105064029774056,8.878503445565162,11.411865278759166,24.463302203036136,33.10160156830515,8.876928188467012,11.411865278759166,24.144326812768902,33.12785353205601,8.892069678371788,0.165,normal
35.65523216389855,11.911675562267492,16.287856298105055,94.5239058194876,35.6556603989931,11.906263191713515,16.287856298105055,92.54081613410993,35.65590108504815,11.900839243840181,16.287856298105055,95.93197966850627,35.6558505992615,11.944218979203223,0.187,normal
35.221738727177126,8.382646173025138,18.475618102821215,137.19362638634934,35.22625696593375,8.378461304367638,18.475618102821215,138.92725178271925,35.23089974081413,8.374415040837857,18.475618102821215,137.60916874629552,35.19695658797352,8.410022186703914,0.034,normal
36.60100053854992,7.780962238827493,2.368936553159897,203.2860322886911,36.60191908133106,7.781357560417102,2.368936553159897,182.78311128192354,36.60291790182415,7.78140611577295,2.368936553159897,156.9723149868835,36.60021682802941,7.775542653109545,0.761,degassing
34.44408896090181,10.85897357659273,2.7224990829762556,282.8208538876554,34.443867057494735,10.85994864524566,2.7224990829762556,249.7767774381865,34.444212736046126,10.860886998238469,2.7224990829762556,212.69877144343087,34.44657249160159,10.853777110309327,0.899,degassing
33.2051200516936,8.512895825365554,0.8470227297812262,260.7171699342964,33.20528135977454,8.51388272946577,0.8470227297812262,223.05185333838102,33.20601209596039,8.514565389429947,0.8470227297812262,222.40370841905127,33.201998379266094,8.507985904937993,0.986,degassing
34.30044029490611,10.435731351454908,15.549795990289896,146.6821888704605,34.30477162138358,10.432884273930894,15.549795990289896,151.61944942110816,34.30933190992864,10.430420535335182,15.549795990289896,150.7994376886008,34.27385990984564,10.451849009058956,0.092,normal
32.647930627274434,11.873313021735711,18.238745558253616,150.67150921774407,32.65323096367994,11.870335145060498,18.238745558253616,152.6824234279784,32.65863252923338,11.867545090387877,18.238745558253616,152.2722455941844,32.615280966012875,11.889441301065169,0.077,normal
37.2293381088918,10.092662031008228,11.88407338692701,33.052877661731166,37.22601782725702,10.090501455749001,11.88407338692701,32.121111511919395,37.2226628500994,10.088395159507503,11.88407338692701,30.95368491777903,37.2489665533716,10.106045896372564,0.172,normal
33.61052456598104,9.62550241708616,12.944068797503533,276.84169190241226,33.61001057220051,9.6297863821573,12.944068797503533,281.2124005345484,33.60917159524082,9.634018717682547,12.944068797503533,276.24224180078465,33.61401714051123,9.59985476841398,0.124,normal
34.41628695711528,7.836465625151801,17.632732445740334,185.87628909832057,34.42213364951986,7.837067376746898,17.632732445740334,189.75084347827897,34.42792631696587,7.838062826854,17.632732445740334,186.28104459282406,34.381167084871905,7.833400442110179,0.155,normal
33.59473205343176,8.912777272150047,9.999983489174962,293.46120161537743,33.593404962351045,8.915835033370923,9.999983489174962,289.70281881739766,33.59228115895271,8.91897320805413,9.999983489174962,286.6407834211124,33.60219530793961,8.894244692602847,0.012,normal
33.07454239476883,9.908738672432902,2.3202921030321066,102.79672350341502,33.07476388750153,9.907763510410796,2.3202921030321066,72.61593752579874,33.07446511215453,9.906809186937323,2.3202921030321066,112.57235606610844,33.075518969668465,9.91435209582374,0.95,degassing
32.64669726641548,9.063377293639945,10.838748813978036,358.3073932603645,32.643085926532386,9.06348400930129,10.838748813978036,355.42436536627304,32.639484525010396,9.063772229808928,10.838748813978036,350.8230519356748,32.6683482318307,9.062937867038393,0.129,normal
37.805442798733985,9.122597501173322,14.695497804378798,104.37329254037435,37.80665879421503,9.11785232993617,14.695497804378798,104.9905433420905,37.80792583815322,9.113120533793209,14.695497804378798,108.07472438071842,37.79500938440878,9.150024711575782,0.094,normal
35.86920256077818,7.668350764355733,17.001442778472146,40.071065040285916,35.864865795393904,7.6647026103238085,17.001442778472146,43.84231260248534,35.860778371496764,7.660777113193005,17.001442778472146,39.95675661334417,35.89491228788759,7.690569027307075,0.112,normal
36.91129574172906,9.186922796283302,0.6351677762151087,71.25495580854655,36.91097438416985,9.185975838354386,0.6351677762151087,101.9086236616592,36.91118073562956,9.184997360416425,0.6351677762151087,79.65912283503457,36.91013673937518,9.192722613497088,0.8,degassing
35.80348397554936,10.472743911847937,8.352794729943852,156.92867607357047,35.806045548669594,10.471652823291185,8.352794729943852,158.0406997174535,35.8086278143813,10.4706116533324,8.352794729943852,158.23669656067477,35.78796920302868,10.478933478751886,0.001,normal
37.816394571246114,8.790884659518882,1.2635647606528986,293.88305081364103,37.81598970013085,8.791799033282734,1.2635647606528986,261.92538537264534,37.81613016271074,8.792789119270742,1.2635647606528986,235.61342761883643,37.81824856738604,8.786123414397132,0.892,degassing
34.7814740971572,8.192399161538772,14.432860491502705,274.44895860924385,34.78110090682514,8.19719561882806,14.432860491502705,275.983908108934,34.78059936905457,8.201980358467434,14.432860491502705,278.52010037576434,34.78287906376201,8.163577664214822,0.081,normal
33.969039767486244,9.157233441395597,0.7329603932171085,9.443475366164478,33.96805331953846,9.157069366881048,0.7329603932171085,341.30911705741283,33.967106058255915,9.157389829144947,0.7329603932171085,17.131082078848443,33.97094499191828,9.152176048992143,0.832,degassing
36.47379719976683,10.805959445630803,17.473648593792717,36.547909110754496,36.46911799428207,10.802490957015628,17.473648593792717,38.545106552337785,36.464562510213725,10.798861502215638,17.473648593792717,39.98103537534834,36.50132744989587,10.827456213487633,0.025,normal
32.495820204776244,11.033404313858558,10.87575112213179,258.2486715571339,32.4965585394032,11.036953581706037,10.87575112213179,253.4446411847661,32.49759152410855,11.04042854686745,10.87575112213179,249.2601994990243,32.48956578626059,11.012589567251238,0.002,normal
34.61169958839872,8.922025365670438,1.135387464819811,348.743326868063,34.610718825846774,8.922220570221352,1.135387464819811,2.606148428128595,34.609719860150655,8.922175100033638,1.135387464819811,18.147783340265565,34.615133625785525,8.926195697520967,0.844,degassing
37.21434450044214,9.721352097398158,13.312316990700968,263.1850135456297,37.21487106331551,9.72575818368778,13.312316990700968,260.09429184920145,37.215634423707485,9.730129470199001,13.312316990700968,263.46843907120706,37.208608470197795,9.695404828991272,0.194,normal
35.66066011585602,10.072046724321448,16.273924771272945,281.4921321740626,35.65957934623201,10.077362613090447,16.273924771272945,280.9510963177349,35.65854882122425,10.082688470260232,16.273924771272945,280.62843651264734,35.66775450805146,10.040302425571848,0.104,normal
33.019827105827595,8.829265572726102,3.7825905293308137,125.70491605262191,33.02041071671463,8.828453539270797,3.7825905293308137,105.61830994397846,33.02067994431822,8.827490462691566,3.7825905293308137,121.81504567221062,33.014020749037186,8.828893057951872,0.913,degassing
35.11625953769244,11.736687357227167,18.111044251233558,258.4420995412489,35.11746910249105,11.742601957813399,18.111044251233558,259.0310257116284,35.118617810055106,11.748528678494262,18.111044251233558,262.5964334741963,35.113513074161794,11.70070621915116,0.181,normal
32.484080094163126,7.577598974845677,14.967193978648265,125.04158687065443,32.48694466965218,7.573514250443143,14.967193978648265,120.78718149666899,32.48949832579662,7.569228272553191,14.967193978648265,116.13231896891915,32.46419171714332,7.599942266734333,0.145,normal
33.257375840720314,9.744459939865273,18.18705536750341,260.13232697563353,33.258414765723515,9.75043260627596,18.18705536750341,262.6747100794695,33.25918773019211,9.75644547872978,18.18705536750341,266.85554976868536,33.254569425103,9.708208787344438,0.173,normal
35.43813687402618,11.303947827343551,2.0585321161004613,267.64647924723545,35.438177939161896,11.304946983815094,2.0585321161004613,295.8219223241595,35.43774236361736,11.305847135993897,2.0585321161004613,306.18940026828153,35.442591529574635,11.300281850307291,0.926,degassing
36.48887137915111,10.950643962584381,10.341906439650344,240.1941739563077,36.49058490272639,10.953635238072625,10.341906439650344,237.75004190234105,36.49242443106035,10.956550718753093,10.341906439650344,242.55028999280725,36.47670804097995,10.933930611254484,0.063,normal
36.3537542074203,7.696855131306318,14.373425483234831,31.060872374579628,36.34965002128743,7.694383149065218,14.373425483234831,27.50501978986828,36.34540042042323,7.692170473646513,14.373425483234831,24.529008819017665,36.37866957412376,7.711158335621622,0.157,normal
34.282564909270135,9.305015617678464,8.946390737625922,332.3990188766714,34.27992215843134,9.306397272051814,8.946390737625922,331.40318035369006,34.27730381961064,9.307824648184216,8.946390737625922,331.3066103446504,34.29811791485922,9.29618850275923,0.086,normal
37.73278062076076,9.542405438475695,15.807938277808926,92.8776357651,37.733045156630766,9.537142770166893,15.807938277808926,95.4835478853839,37.73354869177315,9.531897571475195,15.807938277808926,92.27943431436789,37.73315594145971,9.573991349171079,0.102,normal
34.92599732634251,9.544832949683183,14.53642728279543,308.55115143652785,34.922977562515534,9.548622364120673,14.53642728279543,309.7690482698091,34.91987793797266,9.55234673830206,14.53642728279543,307.11195503916247,34.94265344881551,9.52102099666117,0.021,normal
34.770454807148724,11.766861819451746,1.2165819866334449,290.26572693527663,34.77010843258355,11.767799915747762,1.2165819866334449,256.74203784430165,34.77033776823872,11.768773263145802,1.2165819866334449,231.2912153509789,34.773304712018984,11.762154731491396,0.743,degassing
34.52414010878472,11.70041456169068,9.229383104738336,185.91444515070762,34.52720019341736,11.700731570429438,9.229383104738336,186.38156875482204,34.53025759185591,11.701073516751674,9.229383104738336,184.6172466623941,34.50603043404719,11.697060598603287,0.151,normal
37.159716544857005,10.31785901024403,0.5125782452064551,244.57099479872426,37.16014593723651,10.318762128278632,0.5125782452064551,223.48848512715762,37.16087144993317,10.319450337060164,0.5125782452064551,223.03598005326393,37.15553166717522,10.31378898947869,0.861,degassing
32.81218963055398,9.710322148066687,3.608930943071179,186.87677581065103,32.81318243651045,9.710441882492823,3.608930943071179,162.39324793999847,32.814135591538644,9.710139400274771,3.608930943071179,124.96642967359585,32.814087659147596,9.706403104447858,0.762,degassing
35.12174351282388,7.792462284470029,14.580520552685256,184.15436945279572,35.126590916177605,7.792814374440279,14.580520552685256,179.53636366208755,35.131450930573585,7.792775046439528,14.580520552685256,177.06223473337076,35.09259631723811,7.792354102630581,0.023,normal
33.15751685863037,11.213875753949623,3.892636191704662,230.184857949984,33.15815717134842,11.214643868279076,3.892636191704662,259.52563692744917,33.158338966899464,11.215627204629275,3.892636191704662,289.30833365383216,33.152992602264256,11.216118504162926,0.807,degassing
32.05158336120437,10.9149211696941,8.679165247733243,31.0472511126814,32.0491047586436,10.913429091594075,8.679165247733243,27.658594533413833,32.04654229493813,10.91208612939469,8.679165247733243,25.763924062493246,32.066913947905526,10.923038226904248,0.02,normal
32.85375121644626,10.873696170901608,13.587393107547873,198.80930950607973,32.85803847777835,10.875156451083733,13.587393107547873,199.06261507901988,32.86231924131101,10.876635670985333,13.587393107547873,196.70882798779294,32.82948236532612,10.861561558518849,0.058,normal
37.344075045282985,10.418094665892596,13.030592182249913,71.91394436336759,37.342726617501405,10.413965743309417,13.030592182249913,76.39776739191372,37.341705106002664,10.409744040638936,13.030592182249913,73.11339517978263,37.35410894413713,10.442140325211554,0.187,normal
32.213276235745724,10.164941325017468,10.837348376893138,280.0248964221267,32.21264739468884,10.168498620340989,10.837348376893138,283.6694768854409,32.211793698681106,10.172008747720437,10.837348376893138,284.528431097403,32.21703355810828,10.14361069730459,0.067,normal
37.79215894799849,7.619057733903703,2.653675780558414,116.23957460844089,37.79260107348875,7.618160780699314,2.653675780558414,153.47099151673575,37.79349578182858,7.617714129843922,2.653675780558414,133.26017240426063,37.79465026368644,7.623554976665795,0.756,degassing
36.95775996169427,8.916492208618909,17.281687761485074,342.2839805911029,36.95227258549846,8.918245144386786,17.281687761485074,337.2960444597464,36.94695840057995,8.92046854717811,17.281687761485074,334.3725726727799,36.990008646640796,8.904167284733013,0.165,normal
33.75986875283312,11.036651983222573,1.142834941013982,269.4663087887024,33.759878067367254,11.037651939841359,1.142834941013982,308.2345685857565,33.75925918494901,11.038437423483701,1.142834941013982,296.3989050303064,33.75749859183565,11.031260303059103,0.947,degassing
34.84396229190027,8.310286005967876,1.2288544465632012,196.31319341880095,34.84492203253807,8.310566893682372,1.2288544465632012,208.06341388696072,34.84580445998799,8.31103734218714,1.2288544465632012,196.73919023417474,34.8382055178928,8.31059495734432,0.984,degassing
34.15745639256812,9.930349231463783,0.6296938356753166,343.595333882318,34.1564971015904,9.930631651045372,0.6296938356753166,14.760125275795236,34.155530100659696,9.930376878205365,0.6296938356753166,8.762328223283763,34.162062036896394,9.933857501544672,0.861,degassing
34.88791077184478,9.411972786939026,19.767976985606115,314.02069573949257,34.88333172979996,9.416711097463885,19.767976985606115,314.38460605845063,34.87872268525506,9.421420229131327,19.767976985606115,318.1155889570813,34.918307341883086,9.386753939665722,0.195,normal
32.20005449128657,8.803872339934376,9.567553945102157,298.5380716132778,32.19853088189883,8.806674038197034,9.567553945102157,299.5014323869544,32.19696038284819,8.809449723959743,9.567553945102157,304.06531145586905,32.21187644320551,8.788913083678594,0.065,normal
35.242149838943305,9.813691928202093,19.334586943738216,86.55879187295044,35.241762990531605,9.807258686518443,19.334586943738216,89.31877745592169,35.241686365654495,9.800814279727893,19.334586943738216,92.74157409890552,35.243971275048295,9.852262293987616,0.188,normal
32.097669865974915,11.560737067620028,10.49764788997434,348.50580559689666,32.0942408271345,11.56143435162883,10.49764788997434,353.3240685354152,32.090765337351705,11.561841147803447,10.49764788997434,357.7144735033326,32.117987945826115,11.55549277527746,0.156,normal
32.73065933489251,8.034966972217491,0.5809992926475234,342.58146198264484,32.72970519136842,8.035266321738012,0.5809992926475234,351.8228143216042,32.72871535842327,8.035408556546344,0.5809992926475234,323.7912362025973,32.73610405238404,8.036894094693572,0.918,degassing
35.690699222934484,9.241796077342983,16.7966631058012,202.44121164782447,35.695874116380885,9.243933370331154,16.7966631058012,197.9316628732989,35.70120103479112,9.245657169550782,16.7966631058012,193.04174312717973,35.661310663627546,9.225565867476313,0.103,normal
33.508939429034704,8.044713762247993,18.020391724495756,31.1581411158353,33.50379915740863,8.041605833563063,18.020391724495756,35.19692818847958,33.49889054805802,8.038143584677785,18.020391724495756,39.37210883752401,33.53881513959458,8.064856735864424,0.195,normal
33.57099697542998,11.315507153129621,12.35622601539969,359.09366867798406,33.566878748717855,11.315572302591615,12.35622601539969,359.9649392443346,33.56276000748386,11.315574822955233,12.35622601539969,2.573204131836311,33.59562783368994,11.313656995121287,0.011,normal
32.824774613648586,11.44808479643064,17.72135974221937,257.93655395106305,32.826009170447115,11.453861468066664,17.72135974221937,262.02053235898853,32.82682918633233,11.459711394530068,17.72135974221937,261.6297836860375,32.820683613691,11.412924024565854,0.106,normal
32.41573850821901,8.687903702738403,9.631318134150115,119.6873793522388,32.41732853393009,8.68511466361386,9.631318134150115,118.3156445415483,32.4188513371605,8.682288360140843,9.631318134150115,114.18821747330654,32.4068476013393,8.70497589239238,0.19,normal
33.98613687200542,9.951999631854923,19.259217328081427,256.07467325090056,33.98768182786521,9.95823069609978,19.259217328081427,251.32914490107152,33.989736986184084,9.96431258515801,19.259217328081427,248.46612708634984,33.973940410459136,9.915513961219567,0.005,normal
35.36118203889639,9.852441348165527,8.355496593391692,166.42949373325936,35.363889447937254,9.851787832043884,8.355496593391692,169.67168337898903,35.366629484179235,9.851288484040554,8.355496593391692,167.21530728034315,35.34467284373187,9.854949791398996,0.075,normal
34.57682773973602,10.899185855139486,17.778760770431504,91.3655227697302,34.57696896598716,10.89326128454233,17.778760770431504,88.82632874771929,34.576847578563715,10.887336274271611,17.778760770431504,84.6918647092911,34.57567386109772,10.934678494567946,0.165,normal
35.74617476980476,8.99919280326731,13.990647022650702,3.207698085893534,35.741518527388536,8.99893185134224,13.990647022650702,6.158119883821833,35.73688188873729,8.998431580052273,13.990647022650702,4.898904634474478,35.774109714891,9.000097988570142,0.151,normal
32.76980014312813,9.562399070797824,12.73089308617084,351.4126364448597,32.76560408601823,9.563032718206378,12.73089308617084,347.9395963246823,32.76145412097476,9.563919394272352,12.73089308617084,347.8457168937934,32.79497816438125,9.558681197381002,0.088,normal
37.11622466053655,9.487325753184257,1.4434687365991934,342.3909021261002,37.11527151789344,9.487628274426296,1.4434687365991934,316.0013556837586,37.11455216165689,9.488322915776157,1.4434687365991934,318.13695704510394,37.12201008283496,9.486990816031597,0.79,degassing
33.41586240872158,11.377478616358196,11.691194360284289,291.8645633682429,33.414411087790896,11.381095352664367,11.691194360284289,289.47535635127565,33.41311180098892,11.38476944680557,11.691194360284289,290.2825949540104,33.421484303801925,11.354836513969639,0.115,normal
37.81678994917509,10.48075533845135,11.396658895267672,101.36692581469724,37.817538677155845,10.47703096689105,11.396658895267672,105.35617232685838,37.81854469278321,10.473367707459092,11.396658895267672,102.6920229885739,37.81217764623178,10.503071446650226,0.135,normal
35.00360373776363,11.385203788149102,3.0340547876559576,298.8116212652591,35.003121806358735,11.38607999709734,3.0340547876559576,274.7019612240607,35.003039833735436,11.387076631678834,3.0340547876559576,292.5237657554642,35.00877468087543,11.38291800688133,0.963,degassing
35.942489841690794,8.7457041219827,10.237857304257263,287.6040257462832,35.94145773987314,8.74895692615285,10.237857304257263,288.58953996606215,35.940369843733414,8.752191497395001,10.237857304257263,292.4049013236741,35.94845122218592,8.726125819606102,0.197,normal
32.38460972379538,10.654056565965746,13.360661734708438,46.446333271478544,32.381541075049505,10.650828944966046,13.360661734708438,42.322141945727125,32.378248246644475,10.64783037471703,13.360661734708438,41.093165501990065,32.405374208100866,10.670841340187783,0.15,normal
34.785423484477995,10.44477276737989,17.368091411818416,145.61128647383603,34.790201010908525,10.441502908902834,17.368091411818416,146.73174890007334,34.795041564326,10.43832709784628,17.368091411818416,145.42833935661346,34.7536060393512,10.458464445111892,0.169,normal
36.92416554612352,8.985573240114253,8.113107022227613,123.91771700542374,36.92567458873194,8.983329047133646,8.113107022227613,124.542221888957,36.92720800217258,8.9811014351952,8.113107022227613,127.48189160544896,36.91559555137459,8.999343329489589,0.028,normal
36.54432790904498,10.723738667993457,19.34592092771844,161.69670727264153,36.550450296076114,10.72171349173471,19.34592092771844,159.79411311518524,36.556502071196824,10.719486166045385,19.34592092771844,164.51920937426326,36.50761638255418,10.735791860889524,0.098,normal
33.189060082010236,9.038104866475914,13.368904371110201,88.42847958356889,33.188937868982926,9.033650241165976,13.368904371110201,84.43177656212166,33.188505469925765,9.029214967360296,13.368904371110201,80.79886496149895,33.19014869230776,9.064797484339989,0.13,normal
33.77034331431106,11.107407415223758,18.516067540221933,53.08842405351877,33.76663651004337,11.102472492323953,18.516067540221933,49.84601898750978,33.76265651828537,11.097755127857194,18.516067540221933,53.22332634512815,33.79264472260768,11.136907634587768,0.16,normal
34.13607128120135,9.455653404478381,10.950893811410442,254.72139730105042,34.13703318148406,9.459174685903658,10.950893811410442,256.0746260863729,34.13791165455208,9.462717701582234,10.950893811410442,251.9307192597339,34.13167990144816,9.434211002982337,0.186,normal
34.19930175718071,11.903216165401004,15.78533281588689,346.95854578936036,34.19417569631642,11.904403516900414,15.78533281588689,350.3931383282782,34.18898770957518,11.905281638270322,15.78533281588689,346.46525796796027,34.230713342569175,11.900678725353075,0.002,normal
36.43071542214272,10.200403404945279,3.3491659913520957,226.80712958670284,36.43139987853431,10.201132458748512,3.3491659913520957,255.0183214191654,36.43165838869296,10.202098467287746,3.3491659913520957,276.7276687585269,36.425004621836074,10.199416379300256,0.9,degassing
37.17264570444984,8.545593969946149,0.8271533959432757,240.10233897259235,37.17314415680005,8.546460887044013,0.8271533959432757,209.66518255697844,37.174013089233924,8.546955817771853,0.8271533959432757,184.05035223084357,37.169252564226824,8.541099591579988,0.774,degassing
36.47861881519305,11.623207126083226,14.55210391614691,35.20094633611457,36.47465513555086,11.620410959627502,14.55210391614691,35.27415340682912,36.47069503181734,11.61760973104457,14.55210391614691,35.783752339422634,36.502007359005134,11.640505211481747,0.152,normal
34.76830572195492,8.522699823696163,1.0372789989018831,174.81048850926544,34.769301622927955,8.522609373423105,1.0372789989018831,155.7588265156571,34.770213448232674,8.522198795033912,1.0372789989018831,160.94829194402234,34.76363656170907,8.519400260910144,0.839,degassing
36.81316206283018,10.897469090669716,19.938895133842585,177.6108940014073,36.81980258407354,10.897192035178675,19.938895133842585,175.38429305185156,36.82642732754501,10.896657193084256,19.938895133842585,175.57274865850738,36.774042460360285,10.904448212205743,0.065,normal
33.07551125732922,7.719149667935825,11.987969451507343,204.47491959177836,33.07914817832946,7.7208051860592235,11.987969451507343,204.19414651813292,33.08279316835386,7.722442861955417,11.987969451507343,205.24987414263487,33.0545943271233,7.707492266541748,0.075,normal
34.87495282430314,7.795314259663007,10.47832679239623,305.8583587488702,34.872906814050616,7.798145041078236,10.47832679239623,301.1894074221985,34.87109801431714,7.801132970946629,10.47832679239623,298.92311607591,34.88586083449314,7.7774411817537805,0.134,normal
33.56690581099443,11.631432947332076,12.720611923157135,188.89069835821033,33.57109506878702,11.632088270833561,12.720611923157135,186.9514812575745,33.575304103005685,11.63260145763239,12.720611923157135,190.18783219196564,33.541897195220315,11.626979858508225,0.148,normal
33.963571721303026,11.34477420010366,1.400803321732512,103.01708848232029,33.96379696295351,11.343799897173925,1.400803321732512,90.51807867171367,33.9638060050089,11.342799938054144,1.400803321732512,115.16991442216747,33.96181454277371,11.350145036226207,0.911,degassing
36.99350180591317,9.87921120810789,10.171132100539523,52.476452452163855,36.99143676967023,9.876522289365164,10.171132100539523,49.1035189503959,36.98921710862809,9.87395952454029,10.171132100539523,50.07910693311163,37.00762451813598,9.893793581667047,0.13,normal
35.64810093786142,11.865633711449457,9.972580110180928,41.57979672254244,35.645614334336194,11.863427569008476,9.972580110180928,37.749387930106664,35.64298590755699,11.861392468463556,9.972580110180928,41.17324169875427,35.663437369438945,11.878369884331018,0.041,normal
33.074165231771424,7.636012237882145,1.9462303480666598,111.21086696000256,33.07452703316348,7.635079982684944,1.9462303480666598,107.24342324710398,33.07482346511359,7.63412492870796,1.9462303480666598,101.75231149488393,33.072782681452566,7.641651833038789,0.965,degassing
37.53134897869885,11.130129285967582,3.733478160046514,77.92685363837742,37.53113981843071,11.129151404593268,3.733478160046514,46.87307311696472,37.53045620158341,11.128421563510502,3.733478160046514,24.590482823475238,37.53085950231805,11.135728414430467,0.734,degassing
32.956931125157055,8.754842920805178,3.9261077109413662,131.17657929812762,32.957589506998744,8.75409023670774,3.9261077109413662,153.39318725149562,32.95848360798852,8.753642371303753,3.9261077109413662,192.96683728977894,32.951827160643894,8.757512109684948,0.91,degassing
35.62182190475348,8.053680968297693,19.895677783320302,248.46897161674192,35.62425584274856,8.0598500804883,19.895677783320302,252.59890524517695,35.62623917008139,8.066178461961872,19.895677783320302,252.18972383948523,35.6063048534979,8.017110987209742,0.084,normal
33.99658743707602,8.261572284450398,14.63557719986331,314.3751987095116,33.993175620564266,8.265059334983508,14.63557719986331,313.4940776634713,33.989817830852154,8.268598439613154,14.63557719986331,308.7217727556271,34.01655866078056,8.24018736706229,0.199,normal
37.0815460289113,7.598845957442917,0.5358034694781575,38.29268055271908,37.08076117337136,7.598226278670147,0.5358034694781575,1.5062382476282572,37.0797615189024,7.5981999928813435,0.5358034694781575,33.243619130699244,37.082562355819505,7.604196983045594,0.778,degassing
32.21644527974548,8.504953030828839,12.181950893144466,312.6036032308319,32.21369653516808,8.507941890826995,12.181950893144466,317.53799781711155,32.21070089104483,8.510683240335384,12.181950893144466,320.475098110352,32.23156929936654,8.485900058854847,0.045,normal
33.97984570781041,10.724066517639807,10.712435888229269,322.7213390473007,33.977004415881254,10.726229330217581,10.712435888229269,322.17749905557207,33.97418378061599,10.728419013933012,10.712435888229269,322.1345626401114,33.99668863566778,10.71085039351699,0.085,normal
35.22412499819632,9.046237183748861,14.460389822705498,269.77570146156967,35.22414386774218,9.051057276754957,14.460389822705498,266.45916856914,35.224441558184814,9.05586820525656,14.460389822705498,270.23468009274995,35.22560160378667,9.017367777672007,0.123,normal
32.70459686909965,8.593104946871703,1.19330770718596,151.65326096554836,32.705476959422775,8.592630140571039,1.19330770718596,161.91764018206723,32.706427570760184,8.592319756800206,1.19330770718596,177.19843969731568,32.69939883489327,8.594917022777317,0.729,degassing
34.375386490228436,7.8556480948376,13.77941096178088,83.2393578342864,34.37484577765055,7.851086895730803,13.77941096178088,78.79781666741818,34.373953460974136,7.846581268323578,13.77941096178088,79.78999393567675,34.37766233928136,7.883097165367511,0.178,normal
34.70612445044076,10.951058880332061,14.852982752897574,8.854012906844222,34.70123245361299,10.950296836297818,14.852982752897574,8.523551873977851,34.69633614298656,10.949563020024728,14.852982752897574,6.105284901126135,34.73561105231793,10.954440109079647,0.054,normal
32.84561519943876,10.12563305786707,10.853153407531115,40.82786240937507,32.84287775481185,10.123267835041792,10.853153407531115,41.4116964253171,32.84016455309328,10.12087484140767,10.853153407531115,41.23744918643131,32.86135828716997,10.140559489770489,0.109,normal
33.51665074457001,11.107136838058643,19.181250382039003,121.85970369221982,33.52002562879525,11.101706350312856,19.181250382039003,119.50016599182969,33.52317407811727,11.096141522592465,19.181250382039003,118.59315837355643,33.49456765119753,11.138501891088866,0.034,normal
35.34050239553815,9.107065033069057,15.410134638198258,125.00728633924986,35.34344922731933,9.102857660021549,15.410134638198258,122.84316987149818,35.346235078582524,9.098542009636397,15.410134638198258,124.44023680536328,35.320554051222224,9.130534180383545,0.108,normal
33.92448140360415,9.464815121002943,0.9724148878146539,270.89977194541655,33.92446570026665,9.465814997697937,0.9724148878146539,270.2665415774428,33.92446104825531,9.466814986877273,0.9724148878146539,308.82738460428584,33.9204535310252,9.461413888827476,0.876,degassing
32.94400638843698,8.339767423028942,17.059783855642934,127.94836997142417,32.94750336626869,8.335283172322278,17.059783855642934,124.99022582345526,32.95076426825035,8.330624430365303,17.059783855642934,126.46353829605678,32.91967821241118,8.363616278312136,0.018,normal
36.756187464393435,8.608182602721818,1.5061572901462061,134.90813469424563,36.756893436525104,8.607474363108901,1.5061572901462061,111.86325405764613,36.75726582917466,8.606546287834716,1.5061572901462061,104.34152219733947,36.75088836764876,8.61066558529982,0.952,degassing
34.17056133855485,8.374051935217636,3.4258385486725054,335.8214539399749,34.16964906501027,8.374461516686768,3.4258385486725054,357.29350829361545,34.168650180478956,8.374508736313047,3.4258385486725054,35.792463831187064,34.17118571482172,8.368879952150042,0.726,degassing
34.31246439027667,7.532336675129762,19.58108651828179,17.451526505108816,34.30623779396185,7.530379226841062,19.58108651828179,17.592991151338275,34.30001604960753,7.528406410919542,19.58108651828179,21.157329503019838,34.35025366754752,7.542335992887505,0.044,normal
37.62627198462421,7.542799397802846,10.739230048331216,196.42917407963844,37.629705567362365,7.5438118562109455,10.739230048331216,200.52785689710552,37.63305800348709,7.545067138839489,10.739230048331216,202.81408786179156,37.6066568104219,7.534108663314239,0.123,normal
32.566179799914785,9.466170264566003,10.40059563953425,47.878442501658405,32.56385455351855,9.463598809024258,10.40059563953425,43.879160617142574,32.561355625752725,9.461195787087712,10.40059563953425,45.38950012489957,32.58058049929946,9.481158529891754,0.006,normal
33.25226261919589,8.631956371943241,2.6828649111939455,45.31533468837399,33.25155941475721,8.631245384237706,2.6828649111939455,51.02998436037441,33.25093050115286,8.630467909043078,2.6828649111939455,68.83452780786921,33.25805339058366,8.63158447076512,0.79,degassing
37.29549912370996,8.803102140019487,11.691829437012258,77.36411759516503,37.29464657740165,8.799299255752777,11.691829437012258,77.40201503534385,37.29379654664082,8.795495808413921,11.691829437012258,81.62432091668148,37.300979021913186,8.825817398611177,0.175,normal
34.21925435846966,8.511526400556553,0.9788541679313452,286.2711112148151,34.218974175734466,8.512486347239916,0.9788541679313452,271.2139584264082,34.21895298974814,8.513486122791718,0.9788541679313452,307.8969633535225,34.2196888371196,8.505837536131262,0.966,degassing
37.65322985217488,8.292314966408247,11.342325529556497,134.9659083305994,37.655901672755434,8.289639964404373,11.342325529556497,139.8058738949674,37.658789663985004,8.287199930061725,11.342325529556497,138.90621013345552,37.63691746157635,8.308059179555622,0.059,normal
37.73533605171323,9.864842936171149,13.484437142422436,97.42653207514952,37.73591702777942,9.860385828908678,13.484437142422436,97.00421001405475,37.73646513542227,9.8559245604399,13.484437142422436,98.25244518889288,37.729958657457125,9.891233008692057,0.111,normal
37.78520866928367,7.801225186329164,3.5879381629006852,195.47769422453297,37.78617240370222,7.801492049534776,3.5879381629006852,194.07535861262642,37.78714238040013,7.801735247407946,3.5879381629006852,204.253998014732,37.78038396615863,7.8035949305775905,0.909,degassing
37.0230507886706,9.243245423827647,10.834254714549266,102.69479845950843,37.02384442542152,9.23972228851962,10.834254714549266,107.36213649271811,37.024922109186114,9.23627541466138,10.834254714549266,103.53911212827613,37.018796268010966,9.264459840368954,0.004,normal
36.22023805713634,11.506223780841733,19.196191501823602,36.0549878903589,36.215064987384544,11.50245773498933,19.196191501823602,36.95186174536466,36.2099515004171,11.498611177690501,19.196191501823602,40.11776152720051,36.24673828622127,11.533878692153941,0.152,normal
36.8397841331602,7.712220810365552,10.46295439356337,169.7881144363227,36.8432165362215,7.711602488473024,10.46295439356337,166.65604963418568,36.84661002849118,7.710797551858378,10.46295439356337,168.60925035594596,36.8189343364191,7.713820657660289,0.004,normal
33.823005386620835,8.106426604555011,16.333631764836127,295.91318501439196,33.8206260730981,8.111323738990052,16.333631764836127,295.3028407219757,33.818299060395255,8.116245940773316,16.333631764836127,293.82372375641006,33.8395971602499,8.078302612326187,0.153,normal
37.78308808257203,11.535175174290682,10.299894268230084,11.915577402629118,37.779728762145304,11.534466300506903,10.299894268230084,9.248200494194348,37.776340092074435,11.533914529792238,10.299894268230084,8.434657280490764,37.80306809808049,11.540160480095164,0.154,normal
33.40080889905768,7.904065001606793,3.727192416945586,278.65062175928574,33.40065849019026,7.905053625485021,3.727192416945586,294.0137436200605,33.40025153442544,7.905967073351886,3.727192416945586,268.2250610219116,33.3972488043984,7.899746310659137,0.931,degassing
33.81258015415595,11.951300846392439,0.567471898312431,229.97027547255067,33.813223339095984,11.952066557260139,0.567471898312431,221.13061221829278,33.81397655115567,11.95272433502895,0.567471898312431,199.12361858741815,33.807058014838425,11.951332265254594,0.749,degassing
33.393929947133245,11.603952970457462,1.4727762401507147,330.93549247821636,33.393055873812266,11.60443876447714,1.4727762401507147,315.1455138865966,33.39234697347688,11.60514407314325,1.4727762401507147,290.2076689817545,33.39965575726673,11.604694665335906,0.986,degassing
33.34244073194896,8.004258573298959,14.332447252860518,328.3247439516736,33.338374913048476,8.006767249228428,14.332447252860518,324.11335817618163,33.33450430033267,8.009567730518295,14.332447252860518,321.5271234499514,33.3664427810021,7.988663879737902,0.188,normal
32.684179764230294,7.743268122985089,1.0462657208959163,219.9219484272622,32.684946683604224,7.743909866449322,1.0462657208959163,189.53510829364046,32.68593286788681,7.744075518375908,1.0462657208959163,226.13260549087119,32.67981655816323,7.740165917654342,0.984,degassing
35.91717879852124,10.951369744955729,18.10936768590605,304.18537567573946,35.91378708144516,10.956363246237565,18.10936768590605,302.5802419745745,35.91053656922889,10.96144979419348,18.10936768590605,298.11497803938175,35.93331094895082,10.918953982029272,0.108,normal
35.53911217604808,7.994166891659207,18.732155059416154,215.9658660113983,35.54416590558012,7.997834043044181,18.732155059416154,216.2433874423866,35.54920181345435,8.001525629877188,18.732155059416154,219.52848240392484,35.505232235282335,7.978730410973567,0.084,normal
37.29757444371988,8.780052613587166,17.63682343913872,80.34684068005267,37.296588642368484,8.774256913051582,17.63682343913872,78.92759044113626,37.29545959519819,8.768487406877753,17.63682343913872,77.41798306766914,37.30444605662577,8.814605656196536,0.06,normal
34.25242046015573,9.337370912009028,9.080297315608377,15.09812204716194,34.2494981748007,9.336582521660597,9.080297315608377,15.512828563112512,34.24658167230738,9.33577300066382,9.080297315608377,10.944584402189978,34.270087297392394,9.341524429653822,0.0,normal
33.764179745484064,9.191038163117483,3.1769929052881185,14.792280007989746,33.76321288768566,9.19078284763095,3.1769929052881185,26.40349534770649,33.762317203052206,9.190338157809405,3.1769929052881185,63.04120427871711,33.769819974076235,9.191926845080356,0.962,degassing
33.628890783584744,11.447206925022702,1.0140456886291318,185.27926498820838,33.62988654164611,11.447298935257088,1.0140456886291318,189.13770968005858,33.630873851146,11.447457743164412,1.0140456886291318,171.7897405235814,33.623143292071546,11.446502634927075,0.839,degassing
37.81865285474101,9.332944456958844,0.9527171835669594,221.35268743419934,37.819403511639756,9.333605149187015,0.9527171835669594,222.58453783906353,37.82013979136562,9.334281826484757,0.9527171835669594,217.22872861744023,37.81879838139178,9.327642613075538,0.886,degassing
34.483355142939466,7.832522575079317,19.17699461303913,164.8624434391167,34.48952567122569,7.830853298841988,19.17699461303913,160.93704020589013,34.49556744891526,7.828765518959569,19.17699461303913,164.1678330718561,34.445475574596195,7.837447332523619,0.043,normal
36.406293236867825,11.394694809821209,2.3016875842509386,131.80192350173988,36.4069597943644,11.3939493561984,2.3016875842509386,156.81863880649072,36.40787905780768,11.393555713312224,2.3016875842509386,160.74345409711162,36.402449476448815,11.398530319672386,0.729,degassing
35.16851739654376,8.344275308181563,9.015653504856637,274.42513441458175,35.168285524735985,8.347271567466118,9.015653504856637,279.1318248001902,35.16780857713345,8.350238696586993,9.015653504856637,280.10731545893213,35.17083902300535,8.32642432208726,0.158,normal
35.9789890968401,11.325426441073718,16.773070270042147,307.4570596680575,35.975588822690824,11.32986464776451,16.773070270042147,311.27497193247297,35.971900573057475,11.33406659464215,16.773070270042147,314.09770036514925,35.99863118003915,11.29824380793431,0.167,normal
32.967805353970284,11.03373285282883,9.625187840776276,345.4129765513892,32.96470037670362,11.034540887930627,9.625187840776276,340.7167666208038,32.9616719793716,11.035600422805786,9.625187840776276,342.42170140996336,32.985788742836675,11.027005441703853,0.124,normal
37.448144790534954,9.297402191246675,14.82062041224525,341.2822301761953,37.443465867333074,9.29898753693075,14.82062041224525,337.07006030748903,37.43891602606411,9.300912267481852,14.82062041224525,334.30218104900547,37.47682389110535,9.29000438013642,0.09,normal
32.585237666914715,9.859362288671711,19.73804898383843,209.20122527608808,32.590980857844926,9.862572210774275,19.73804898383843,205.04770602321116,32.596941456445634,9.865357728012883,19.73804898383843,202.40289321192313,32.552023854322115,9.838090939927653,0.015,normal
35.956090250671814,8.925415017865188,8.152792756423038,147.03783201767448,35.958370396591846,8.923936413381249,8.152792756423038,145.61419614972428,35.960613103387395,8.922401616044214,8.152792756423038,145.65551534144467,35.94304652655301,8.935161862148457,0.124,normal
35.588365075844685,7.820282266118577,2.1949773630262674,355.26350182391724,35.587368490856,7.8203648394818535,2.1949773630262674,11.401903015293449,35.58638822624689,7.820167149582971,2.1949773630262674,48.17672060727218,35.593601849751835,7.817613129883739,0.988,degassing
32.79109869955759,8.51476660136316,19.07605981546765,0.5914202049686779,32.784740351703455,8.514700966704103,19.07605981546765,0.8870598827958247,32.77838242715865,8.514602524715709,19.07605981546765,358.9687776841178,32.829035687160136,8.517751008211347,0.139,normal
32.99698192231166,9.924203992566712,1.43794589661705,116.33410954860086,32.99742552712377,9.923307770066057,1.43794589661705,153.37095725621901,32.99831945428047,9.922859557796576,1.43794589661705,115.6429145012153,32.99452338898797,9.929065934522287,0.778,degassing
35.714713708407956,10.526830104375446,15.99686546179412,89.20162406178017,35.71463940916469,10.521498333550113,15.99686546179412,89.28265472702446,35.714572650460255,10.516166462979028,15.99686546179412,93.81374464037685,35.71973759995405,10.55832479648759,0.004,normal
35.622550157793455,11.047725802496162,1.1237387492136814,159.528343965064,35.62348700311411,11.047376058525264,1.1237387492136814,182.80785494676303,35.62448580254502,11.047425045225612,1.1237387492136814,220.87716353707228,35.61687750479509,11.047756998646802,0.889,degassing
32.116683142864154,9.499468328796507,9.818621163822009,192.25178907766326,32.119881475186745,9.50016285939316,9.818621163822009,193.872327678157,32.12305888701044,9.500947560927552,9.818621163822009,192.7915227119297,32.09789648954324,9.493784490586757,0.038,normal
33.79714113170851,11.326131562867932,2.275300716236304,161.4532161804285,33.7980891959583,11.325813483981076,2.275300716236304,166.89301233768012,33.79906314427646,11.325586713891441,2.275300716236304,145.40325930569222,33.79208213483298,11.328180288065091,0.728,degassing
36.9359205099244,10.329241184045825,3.529784517573211,323.2462984041913,36.935119294768164,10.329839560410177,3.529784517573211,294.753589655333,36.93470057813509,10.33074767735264,3.529784517573211,318.77821705433087,36.93425892410306,10.324355769342832,0.736,degassing
34.40398084811421,8.832725593669359,16.204930097362613,163.2165420172248,34.40915239716316,8.831165840007575,16.204930097362613,165.0811475463923,34.41437195880525,8.829775182855128,16.204930097362613,168.61374697930108,34.37353132925103,8.84370615566388,0.106,normal
36.638198124611684,11.632279106881171,0.7797489095723301,345.2150675132525,36.63723123407997,11.63253429837727,0.7797489095723301,325.5432399147828,36.63640668067125,11.633100082502327,0.7797489095723301,342.4012034825157,36.64304887538471,11.635421154067767,0.774,degassing
35.44539145365159,11.668522749496924,19.71467644097889,128.40973337833157,35.449474237657064,11.663373355357223,19.71467644097889,126.01110206379906,35.453337933105594,11.658057601156507,19.71467644097889,127.16742903770876,35.42400022481342,11.701618406363433,0.079,normal
34.38332678973498,9.453846024622356,8.528201532000217,5.068560330098628,34.38049517185006,9.45359487553989,8.528201532000217,9.191260079048384,34.377688936883786,9.453140803935531,8.528201532000217,5.320265806140482,34.400350140063956,9.454063110596012,0.148,normal
32.85008289273887,8.100495072391125,12.067596986122094,223.15181831585528,32.85301750716519,8.103246218425834,12.067596986122094,223.55113793800115,32.85593287652213,8.106017750104908,12.067596986122094,220.87721211035208,32.8315711045433,8.085042381503206,0.086,normal
37.807057764263995,9.056696543338365,13.915960216621585,292.58468876060357,37.805276295926745,9.060979471773456,13.915960216621585,289.47148621307167,37.80373005785341,9.065352828977858,13.915960216621585,291.25467894765666,37.81943279834063,9.031793906732114,0.025,normal
35.3560561128326,10.72617152306221,12.174329277508004,213.76814124481237,35.35942959376121,10.72842715628633,12.174329277508004,209.90499100291828,35.36294737968967,10.730450380687868,12.174329277508004,212.79137727199642,35.33731668702492,10.710646050200932,0.063,normal
32.057251069518756,11.871940769651111,17.730320848822508,147.7500742974538,32.06224941548482,11.868787057273716,17.730320848822508,148.51950238444368,32.06728966085734,11.865700750299261,17.730320848822508,150.42353315884625,32.027637572009596,11.891418101840529,0.101,normal
34.26002469276461,8.39638711557773,13.294628938770245,0.6161433862730403,34.2555934060204,8.396339460876197,13.294628938770245,4.714482063026648,34.25117685652732,8.39597523051625,13.294628938770245,3.366398227847461,34.28646573000784,8.394071492915401,0.065,normal
33.60834634708461,10.689308515886314,16.78307507145442,346.4474123511759,33.602907762247064,10.69061948514339,16.78307507145442,343.33090747934006,33.59754849354989,10.692224192113429,16.78307507145442,347.36016927104544,33.64138655450035,10.68355614323176,0.115,normal
37.79343613725387,11.704437071920728,12.855388812488595,304.44126954728796,37.79101263430967,11.70797104549221,12.855388812488595,300.5895224723371,37.7888320003921,11.711659835462104,12.855388812488595,302.28854524313357,37.80677970669906,11.682476563744281,0.01,normal
33.44371544857864,10.858864817834595,13.688573610897857,172.35131187155383,33.448237709767604,10.85825750763109,13.688573610897857,174.90770532685517,33.45278255808901,10.85785250679165,13.688573610897857,174.48709648855333,33.41698554739297,10.864754413876765,0.121,normal
36.69955323972018,8.09351992828329,18.327331757981106,200.56397884669033,36.70527308113514,8.09566577225237,18.327331757981106,196.87820705649352,36.71111903619847,8.097439480669623,18.327331757981106,201.47902579587472,36.66753241284622,8.07596401496905,0.033,normal
33.42871765285511,11.713230033672406,16.651160615824235,58.062374120469165,33.42578152186332,11.708519839490924,16.651160615824235,62.59503316408964,33.423226807856665,11.703592342076169,16.651160615824235,61.07797752292342,33.448761811723195,11.739801210178802,0.059,normal
33.770405701733395,10.460322409993365,14.303254856111181,218.38617117454868,33.77414287215237,10.463282986416502,14.303254856111181,216.65949267770574,33.77796755275814,10.466129611393812,14.303254856111181,221.56856476394344,33.74675052549876,10.444269309694212,0.138,normal
33.21542483636125,11.823589131793053,8.045362119372577,55.81037707506931,33.213917850001565,11.821370804579507,8.045362119372577,50.96356382504508,33.21222882149471,11.819287738037678,8.045362119372577,48.077539611884056,33.225229508076985,11.836337412262779,0.188,normal
36.36811328373987,10.65290302356729,12.781109130544282,14.026870510003825,36.36397994903791,10.651870408290918,12.781109130544282,18.744099002687513,36.35994553557568,10.650501372833656,12.781109130544282,16.44296643708914,36.393211307187606,10.657277455736526,0.126,normal
36.94699620662299,10.370105634775683,11.570134078972748,282.0077581805719,36.946193840441275,10.373877959128407,11.570134078972748,284.3052718131598,36.9452408926842,10.377615085442033,11.570134078972748,280.327203245641,36.95408422787116,10.348094000417019,0.086,normal
37.04171847725412,8.612463518028928,17.658203051241337,149.4030625584002,37.04678502323093,8.609467536613346,17.658203051241337,145.93356739648982,37.05166097488944,8.60617043361199,17.658203051241337,147.365265626824,37.0104080468092,8.628740476738914,0.042,normal
33.3090744695087,10.126088090508146,16.15269361296939,285.179595048739,33.307664632865595,10.131284464850067,16.15269361296939,283.09892040955896,33.306444388635505,10.136528599638622,16.15269361296939,279.71249186401815,33.3188722242214,10.095314772254522,0.173,normal
36.80929026726381,8.417976530482115,17.300930607830878,289.3244290485615,36.80738187791392,8.423418595558903,17.300930607830878,293.00654831783555,36.80512793383817,8.428726868188882,17.300930607830878,295.84176587362975,36.819377552053176,8.384909481517994,0.132,normal
33.97870839159407,8.794851697603525,1.2979245139671294,287.6859759031701,33.97840459172202,8.795804433473398,1.2979245139671294,313.0897761015725,33.97772144824987,8.796534717662237,1.2979245139671294,297.10551621409525,33.98312589932256,8.791990182073732,0.79,degassing
37.57227658424463,8.22863174907343,2.1138330333890862,170.60545294987264,37.57326317194581,8.228468517005904,2.1138330333890862,142.8258734812696,37.57405997480593,8.227864277647614,2.1138330333890862,143.49025959621622,37.566826378163434,8.226459936834422,0.787,degassing
32.30724630557296,10.638476296121226,10.399142148903715,357.1713572461164,32.30378414832255,10.638647358810829,10.399142148903715,358.4705784338857,32.30031900250011,10.638739877455242,10.399142148903715,357.71523293716905,32.328024441684974,10.638050971001366,0.125,normal
36.77546879703094,8.358028675604261,10.897302505767215,244.6067868661827,36.777026486973625,8.361310166124069,10.897302505767215,240.42349928700582,36.778819402757215,8.364469284827457,10.897302505767215,239.21454439707654,36.76412035950023,8.339438922641868,0.065,normal
36.39209050884134,10.579686959070987,1.4722406875856509,216.13259069128037,36.392898163450894,10.580276614929657,1.4722406875856509,180.37083594091106,36.393898142505584,10.580283087192623,1.4722406875856509,146.22771200262565,36.38688311182312,10.577079779250685,0.857,degassing
36.71198747321934,9.365210048781712,9.593508984849167,190.6979136408489,36.71512972973472,9.36580366580812,9.593508984849167,191.55068180999757,36.7182628033777,9.366443983487223,9.593508984849167,192.97654866185704,36.69301295645795,9.362466806502614,0.029,normal
33.212234412298585,9.87972613716474,3.993390422242151,338.695161026159,33.21130275175308,9.880089467080856,3.993390422242151,311.775369137995,33.21063653981682,9.88083522954705,3.993390422242151,289.7328489526549,33.21564202954239,9.883866872077064,0.975,degassing
34.47004795482509,8.268445774061016,11.993414556800307,283.9793905967843,34.469082193662416,8.272325174660784,11.993414556800307,283.6326494998601,34.46813992729627,8.27621034875367,11.993414556800307,282.51801427552635,34.47553172795003,8.245119464698059,0.095,normal
37.05564114658281,11.189116409287164,13.843743991994511,205.6102202395381,37.0598023703917,11.191111046414475,13.843743991994511,209.08165453805054,37.063835181751124,11.193353989435733,13.843743991994511,210.71530095247707,37.02925685396359,11.181016395253774,0.138,normal
35.04397676197684,11.920608477188557,13.979184327145202,202.42473623085462,35.04828412810246,11.922386021311823,13.979184327145202,204.91258845579836,35.05251027543821,11.924348862300493,13.979184327145202,207.6848683163964,35.01747636261453,11.911743961591478,0.13,normal
32.267677950998795,8.551978017506185,3.689716501955402,48.031935529373726,32.26700923471052,8.551234499836056,3.689716501955402,61.46205199173285,32.26653149399884,8.550355998946811,3.689716501955402,40.44554773982834,32.272489950051835,8.552371504432896,0.86,degassing
35.66696716498565,11.807992229937168,11.705150789024861,37.98587197494614,35.66389197786079,11.805590851344274,11.705150789024861,40.31282397092764,35.66091682683298,11.803066594748557,11.705150789024861,41.05921674716253,35.68539291795198,11.82236551204857,0.139,normal
33.66023406527745,10.069927911062505,2.76345993714471,66.92006539825199,33.65984205031307,10.069007952222284,2.76345993714471,72.57103333528758,33.6595425271298,10.068053863199872,2.76345993714471,34.885109823603514,33.66022359071848,10.075760129519868,0.955,degassing
36.20427277679175,9.241808572864635,15.084265847233215,70.25385784589453,36.2025740202296,9.237076142065316,15.084265847233215,68.44003627036825,36.20072632453284,9.23239985125529,15.084265847233215,67.01762082650393,36.21156278907527,9.271002059068934,0.072,normal
33.867251039819436,10.298798265121526,8.280842924138682,205.80601436784164,33.86973604647422,10.299999886103791,8.280842924138682,209.47083877463177,33.87213916422332,10.301357890574828,8.280842924138682,212.94321328572715,33.85229856366365,10.291685593599322,0.115,normal
36.85852511723899,10.939266736364418,17.887064749544802,161.37953984500996,36.86417536940899,10.937362969948623,17.887064749544802,160.1026660003147,36.86978179537187,10.935333767131443,17.887064749544802,157.95799241873294,36.8239174722364,10.947939359272251,0.063,normal
35.15912926977555,11.939350848359352,14.535752791832707,312.4353646050128,35.15585989768157,11.942926832516434,14.535752791832707,312.9110343504471,35.15256095076391,11.946475551414157,14.535752791832707,317.5131188945251,35.17607496846016,11.915805061116014,0.125,normal
36.959322973696956,8.459512482101614,14.140717218216706,97.8607670367924,36.95996763140424,8.454843201507376,14.140717218216706,94.24832150682823,36.96031680943304,8.450142580321673,14.140717218216706,93.99708524518819,36.9533521497182,8.48714638196033,0.126,normal
32.52000833353312,11.449928792706952,9.85623561695799,200.64799945222543,32.523082705175035,11.451087313392206,9.85623561695799,200.41805198630087,32.52616170158306,11.45223348628063,9.85623561695799,197.52693572928746,32.50172825181976,11.442575987744467,0.152,normal
32.21749553308503,8.034589593104872,0.961843097717026,138.29490610981446,32.218242112121956,8.033924296372863,0.961843097717026,133.9079505243475,32.21893561392927,8.033203841486518,0.961843097717026,162.16918493327466,32.21449955728161,8.039617695235865,0.714,degassing
32.25021301557648,9.7107614226583,15.37020114783338,175.78923962046397,32.25532258639111,9.710385234446385,15.37020114783338,172.13892710546696,32.260397840209336,9.70968449900334,15.37020114783338,169.30952116219203,32.21950736790409,9.7119174769294,0.176,normal
33.968870403908156,10.328739342085893,17.211580990400172,247.30963090252197,33.97108353190919,10.334032493848612,17.211580990400172,248.73486690957327,33.97316432134393,10.339379054094263,17.211580990400172,244.6841839749959,33.95792341809293,10.296133287498373,0.102,normal
37.826872869674325,8.914247471017061,13.800767298129841,106.82031110413412,37.82820405094972,8.90984402809986,13.800767298129841,110.79628380480875,37.82983735487199,8.905543484946895,13.800767298129841,106.59882155141993,37.82232344509226,8.9414296559968,0.187,normal
32.43540685116429,7.654943494076843,18.54009731465979,224.4950391943848,32.439815137104034,7.659274754402761,18.54009731465979,228.96067104640733,32.443872803779804,7.663936099925869,18.54009731465979,229.4965841906287,32.412084359843,7.626190146269759,0.059,normal
37.9352354098334,11.186619980291864,3.496786724742169,179.13911909887193,37.936235296957115,11.186604955651006,3.496786724742169,213.8276267559192,37.93706601309638,11.18716165188413,3.496786724742169,188.67534462421813,37.933081842802586,11.191707158924421,0.912,degassing
37.45510789583649,10.502542943708248,10.802257100146464,245.96468914349848,37.45657448074648,10.50583149145888,10.802257100146464,243.2244571867305,37.45819660705567,10.509046164668312,10.802257100146464,238.60713803798433,37.44382343440795,10.484147880471738,0.035,normal
37.13798315635597,10.819408575296533,12.16351371647377,28.425007591712195,37.13441745922279,10.817478598281113,12.16351371647377,27.59422811130999,37.13082415354642,10.815600524363013,12.16351371647377,27.218786482061216,37.16000931073393,10.829611346769898,0.149,normal
35.281384003564334,10.421033623991626,13.844674015140662,339.5064372235462,35.27706118164076,10.422649307339968,13.844674015140662,338.4088436839726,35.2727701020199,10.424347499835669,13.844674015140662,334.17535778193974,35.3073816707917,10.411592713606913,0.189,normal
32.592530864258336,11.047614595270279,1.457100945239977,86.9176270074806,32.59247709264703,11.046616042009898,1.457100945239977,122.23173710463058,32.593010437562086,11.045770144142784,1.457100945239977,106.30769887960017,32.59237021305374,11.05326983027213,0.822,degassing
37.982608906757775,11.861655538191066,8.344061596266128,279.9114001734506,37.98213016593267,11.864395380622133,8.344061596266128,278.5672511838417,37.981715827171875,11.867145699279307,8.344061596266128,273.9498192114616,37.987778168922794,11.845799451019728,0.025,normal
37.947594527823874,9.361119120932932,8.017947924692914,354.5093199427916,37.944934141229815,9.361374850272192,8.017947924692914,350.35661388294005,37.94229925786746,9.361822559990193,8.017947924692914,347.8905589967959,37.96358342532177,9.360115853696362,0.008,normal
33.25010822548364,9.471438536266284,1.2724752248738818,153.96992690165928,33.25100678931627,9.470999693425751,1.2724752248738818,134.74037533830966,33.25171068473241,9.470289389798323,1.2724752248738818,146.09370141028907,33.245275565817934,9.474739697985699,0.774,degassing
32.37321919253914,8.86910823171991,1.7617377565799912,168.8269225588221,32.37420023885444,8.86891445832848,1.7617377565799912,144.10660878513394,32.375010348124654,8.868328179409946,1.7617377565799912,172.8976091104837,32.3687906841031,8.871897023147904,0.814,degassing
34.01435433494523,10.130662794212714,10.192492409285986,61.27962995835421,34.012721717432264,10.12768327258779,10.192492409285986,57.47164348560538,34.010894825457854,10.12481875608917,10.192492409285986,58.71535252448824,34.024546537800084,10.1482816177916,0.067,normal
36.35069831333286,8.431247326134107,19.622526312269525,341.8514654034027,36.34448286360148,8.433284677372177,19.622526312269525,344.29328554246774,36.33818625635635,8.435055370070328,19.622526312269525,340.03968957313754,36.38762486225072,8.418080395808234,0.072,normal
36.42909284009663,7.866052541696342,11.508928559445707,242.90029168347192,36.43084043397505,7.869467682450093,11.508928559445707,246.97234175464757,36.43234110402373,7.872998299979199,11.508928559445707,250.48417274335287,36.41852105534009,7.845610846559041,0.064,normal
34.981406924949795,9.465888043935742,10.331830088952259,39.161136184028585,34.978736584194564,9.463713181609428,10.331830088952259,39.14065162839684,34.97606546604684,9.461539274130175,10.331830088952259,36.09673999446008,34.997827399027784,9.478402236750718,0.096,normal
35.80541023923748,11.753580855840854,17.581181724235712,356.11218264349685,35.79956333174732,11.75397820903311,17.581181724235712,0.6588094784303626,35.79370332524533,11.753910825396641,17.581181724235712,1.0977334559456278,35.84046488313904,11.751180161028946,0.173,normal
35.94138892615316,8.597709479157336,0.7523569934294151,320.2542101817546,35.9406200373362,8.598348861661913,0.7523569934294151,300.8105318049751,35.94010783659055,8.599207727423341,0.7523569934294151,326.4740634023934,35.93776859699078,8.593951443370996,0.706,degassing
36.98504079074745,8.247777614472229,9.150051589841492,263.9684343694351,36.9853612754327,8.25081074725306,9.150051589841492,264.87985774858817,36.98563347253446,8.253848594128305,9.150051589841492,269.60677277998286,36.98085845058725,8.229973476891386,0.148,normal
32.83349462242544,8.11921314045136,19.894565610842356,11.848110912338921,32.82700438294275,8.117851570117788,19.894565610842356,15.543193861128726,32.82061538434848,8.116074555970828,19.894565610842356,10.770043432959788,32.87279626470772,8.125161772589953,0.051,normal
33.34358351174136,7.964549228990169,10.091711792077172,82.34922660081446,33.34313565934441,7.961215270699267,10.091711792077172,77.62065154128554,33.34241449457263,7.957929578835007,10.091711792077172,78.83232717363146,33.34577921047253,7.984606656855023,0.06,normal
35.65939950743642,9.426516753630995,1.4229810762612105,338.51317261274136,35.65846900563239,9.426883040939954,1.4229810762612105,357.10335755530417,35.65747028331216,9.426933575354594,1.4229810762612105,2.751456028062285,35.66524786516523,9.427534721772926,0.899,degassing
35.739893799372936,8.299894894761893,10.784640105624025,170.02088885820672,35.743434292454076,8.299271941144093,10.784640105624025,171.67480541918755,35.74699129041955,8.2987514337559,10.784640105624025,168.9308351075969,35.71878617385911,8.304278695302822,0.158,normal
35.06302061685929,10.289934852467365,1.5505120669923151,143.46654418631087,35.06382412625747,10.289339560398687,1.5505120669923151,153.90863110992473,35.064722220096044,10.288899756513851,1.5505120669923151,131.28812900002808,35.05789068044233,10.292072975659488,0.9,degassing
35.36432715435678,10.631769530210573,12.892665576393766,259.08722104763297,35.365140743651075,10.635989370621017,12.892665576393766,258.321353698765,35.36601066479681,10.640197959200293,12.892665576393766,254.51439253742925,35.36120356787167,10.60619389912693,0.095,normal
34.76400421588899,10.394634133846285,19.410825448916768,336.41027338363347,34.758074632522785,10.397223439084241,19.410825448916768,339.16421790547923,34.75202748927032,10.399524855820989,19.410825448916768,338.6936950449507,34.799595695849284,10.379155430148877,0.108,normal
34.810263889629375,10.363124348048213,17.02460907901098,222.9620889963209,34.814416786513476,10.366991852864317,17.02460907901098,227.19044939478624,34.81827322139097,10.37115503146585,17.02460907901098,224.3171716071252,34.785145428956,10.340171680933675,0.005,normal
34.841464480258956,9.208876733941178,1.0811615974646387,124.11759859336688,34.84202537356862,9.208048845847786,1.0811615974646387,156.48409356257412,34.842942322907064,9.207649842200283,1.0811615974646387,196.15873925886555,34.83770582236924,9.213439184486564,0.994,degassing
34.3888208283901,8.381171221271648,3.240490292805531,258.02969535498164,34.389028233097,8.382149476497831,3.240490292805531,246.63415316373184,34.3894248338572,8.383067467694417,3.240490292805531,271.91867037843855,34.39358315742915,8.37882506344857,0.733,degassing
37.56767946845794,11.364181936411493,18.791339424303935,206.70139424503483,37.57327528163269,11.366996507852702,18.791339424303935,205.97481986417029,37.57890633582831,11.369739893740691,18.791339424303935,207.0207037714989,37.53525215041734,11.34524643530681,0.09,normal
34.47221188520385,11.512288483585522,11.943638791502146,81.59946460050907,34.471630260758346,11.508349985216551,11.943638791502146,77.04013899565086,34.47073740051705,11.504470184063463,11.943638791502146,81.71152420156947,34.47802044028018,11.535444533556479,0.016,normal
33.61712994056185,8.724973557908164,15.990602620178048,173.39710215287232,33.62242478595251,8.724360652010184,15.990602620178048,176.34591715911372,33.627744150604094,8.724020944703499,15.990602620178048,174.77800253906386,33.58556917850855,8.729801468695822,0.099,normal
32.434381885818524,8.62807420390742,9.244753873389069,190.4634023863905,32.437412227110336,8.628633842588073,9.244753873389069,188.91887432595595,32.440456551825484,8.629111598620447,9.244753873389069,191.08961658599912,32.41632552707488,8.624148434539274,0.176,normal
37.55428414530616,9.316099815923005,0.61543133197698,271.40157802664436,37.55425968559448,9.317099516739502,0.61543133197698,263.22383921732376,37.55437767640658,9.318092531426332,0.61543133197698,233.13015763103175,37.55345632307323,9.310601536767978,0.718,degassing
32.42854531055224,7.77906833069711,19.812438458618505,175.71637491685348,32.435131008164404,7.778575042374064,19.812438458618505,171.43494835361452,32.44166150097142,7.777591472292185,19.812438458618505,168.06161402484304,32.38927994158197,7.7841525837256755,0.027,normal
35.50246859225076,8.885740469094696,8.194686084660182,307.2402944448366,35.50081556251886,8.887915077983546,8.194686084660182,305.55022539021576,35.49922738759931,8.890137493682493,8.194686084660182,301.4881031745923,35.51204510375622,8.872465469427208,0.027,normal
36.16783994721764,10.964500184721365,19.637033769739254,218.49964173665367,36.17296267363149,10.968574933003612,19.637033769739254,218.59104677216698,36.17807889300669,10.972657848479063,19.637033769739254,218.490282634027,36.135880817278995,10.941696948415089,0.197,normal
35.46567402550774,8.798021329450961,9.821021090653872,87.83594221866042,35.465550408466186,8.794749990535362,9.821021090653872,92.07459065487993,35.46566891717671,8.791478462580535,9.821021090653872,88.30480511299643,35.467453084374746,8.817562301483443,0.069,normal
33.92743645068619,10.911152953470403,11.742654582269894,169.63798638756427,33.93128683164752,10.910448914747342,11.742654582269894,171.00514495822674,33.93515291428883,10.90983694327617,11.742654582269894,174.61583812738866,33.90406760334481,10.913078672183438,0.121,normal
37.90014709178733,10.189492302304814,8.36750611983933,356.1895150729074,37.89736408902989,10.189677660676738,8.36750611983933,354.1819531709157,37.894589287807925,10.189960397749877,8.36750611983933,349.27786452260625,37.916849885254116,10.188910483872489,0.128,normal
32.93681751249098,9.306605987128098,12.33950353310349,273.7509288593703,32.93654843190446,9.310710344002675,12.33950353310349,270.01128136600823,32.936547622034134,9.314823511767313,12.33950353310349,272.421375851978,32.938550632763224,9.281997622553114,0.191,normal
33.076991656114,7.66942253718811,13.340956548872233,254.04018718797093,33.07821441286076,7.673698112718999,13.340956548872233,259.00588330164567,33.079062489454934,7.678063481692238,13.340956548872233,255.2363954136412,33.07204784511811,7.643240674741225,0.094,normal
34.99988915371038,8.015887135494962,17.512923269832214,120.85197156350716,35.002882823293135,8.010875549326464,17.512923269832214,120.32982964883526,35.00583069813527,8.0058368900395,17.512923269832214,123.03614493210206,34.983784149961636,8.046979963296225,0.006,normal
32.23335748924742,10.896135690555433,15.264074576127568,94.17760122606308,32.23372814325475,10.89106118441496,15.264074576127568,91.36004816021325,32.23384890797899,10.885974592938911,15.264074576127568,92.62979101490478,32.2290493529907,10.92633401237825,0.033,normal
35.57140150876777,11.656923153698607,19.15377105206376,6.404415888966439,35.565056762569846,11.656210981226504,19.15377105206376,2.0443335409099435,35.558676235859004,11.65598322513265,19.15377105206376,0.6487675468105012,35.609298068285845,11.662286843150692,0.06,normal
37.45422882332595,10.715283704343529,11.615387446630116,119.70520404068132,37.4561474435855,10.711920714730564,11.615387446630116,123.44272738881583,37.45828120249849,10.70868994458422,11.615387446630116,119.72685717537767,37.44193328753974,10.734983962855491,0.007,normal
35.05307639367533,9.9945659369171,8.27087381948762,220.164583936652,35.05518324675519,9.996344134651293,8.27087381948762,215.35119595315652,35.05743187934475,9.997939273691994,8.27087381948762,216.90766720427754,35.04076016278654,9.983536728439182,0.145,normal
33.504933920762255,11.646277943220381,16.64595908544935,85.48151752496315,33.504496794118694,11.640746535557952,16.64595908544935,82.33830552453847,33.50375702757614,11.635247417820258,16.64595908544935,87.20089764657644,33.502619654225974,11.679391408509076,0.147,normal
35.61374447577751,9.433533347414432,2.913146574371536,199.16773345140388,35.61468903720171,9.433861682176403,2.913146574371536,190.54878213015806,35.61567213659598,9.434044754787612,2.913146574371536,218.29068667509455,35.61159518386932,9.437156736687504,0.725,degassing
34.668653403378364,7.9350821859974525,15.966585775626191,77.24840524148303,34.66747866405244,7.92989125641922,15.966585775626191,76.73003466836572,34.66625700968663,7.924711167329199,15.966585775626191,75.85257577568365,34.68121253556759,7.964353964200074,0.06,normal
34.99493847467443,11.594692099689317,3.5675379212243277,34.34472594224647,34.99411281652844,11.594127928947458,3.5675379212243277,59.609869908689845,34.993606931350506,11.593265328120456,3.5675379212243277,77.05113449316434,34.9986556416126,11.59758675751975,0.803,degassing
34.38766282416633,7.984708104572107,1.6036385007565883,245.779239225842,34.38807307767438,7.985620076095309,1.6036385007565883,211.5259155344773,34.38892548141946,7.9861429602654335,1.6036385007565883,174.9908768338019,34.38523587670324,7.979699559402833,0.743,degassing
36.05574728868748,8.81220938450984,1.2778440413559387,76.7999630329237,36.05551893718922,8.811235805754299,1.2778440413559387,43.070156007473145,36.0547884191108,8.810552912397247,1.2778440413559387,31.86728090720601,36.06099147312242,8.812854110474863,0.833,degassing
33.779408892867394,8.213444055564095,9.572263541201604,47.48924548406641,33.777252808838156,8.211091989233022,9.572263541201604,47.073504433255955,33.775079715006314,8.208755629336745,9.572263541201604,48.00079538963314,33.7916771154667,8.228109114766129,0.044,normal
34.13353562370001,7.666231752435309,18.06801827823771,76.44709513289092,34.13212425180068,7.660376787317672,18.06801827823771,78.42639159873194,34.13091594291451,7.654476568948614,18.06801827823771,78.42527490234757,34.14170561195247,7.701373483851167,0.124,normal
34.9390200850725,10.216002288974314,15.753531785757442,356.8138594090868,34.93377702488208,10.216294149344613,15.753531785757442,358.39794326198233,34.92852790024183,10.216440959246128,15.753531785757442,357.5802708269348,34.97020212437066,10.21155454177683,0.062,normal
35.4848658256946,10.291113749165845,10.722853958648782,326.38900839361594,35.48188910759657,10.293092299176516,10.722853958648782,324.11944525484773,35.47899307705834,10.295187178147115,10.722853958648782,321.3230846768972,35.50325856117015,10.28011809328239,0.058,normal
37.02888599041507,9.488455865105957,9.419236774588114,279.13825017352735,37.028387344745596,9.491555761051927,9.419236774588114,282.18013308502475,37.02772490278549,9.494624828178761,9.419236774588114,279.61076316149695,37.034941364437316,9.470699733568221,0.094,normal
34.50777123335077,8.0597225568271,1.060423414693848,250.79013766998284,34.50810026254827,8.060666876575489,1.060423414693848,265.0979635471784,34.50818571488426,8.061663218835093,1.060423414693848,249.0745073027079,34.50371208360217,8.05648853757281,0.978,degassing
35.76497874451111,9.656534265925563,12.023595623321036,147.13008309305815,35.768344970306,9.654359063079513,12.023595623321036,147.2671391961756,35.77171638972487,9.65219191873136,12.023595623321036,150.2829141552067,35.745383004652936,9.67042873677624,0.017,normal
32.9215659132391,8.903420496850153,8.347016060855362,8.133096716512314,32.91881155903248,8.903026870792361,8.347016060855362,9.766576179604616,32.91606954471475,8.902554889807268,8.347016060855362,10.231017446992329,32.937790292032936,8.907312620952561,0.132,normal
34.28935119859193,10.267312200709975,13.744973220375096,48.464872333144555,34.28631319708508,10.263882603868941,13.744973220375096,52.43205731701727,34.28351975221553,10.260251040375284,13.744973220375096,50.29600117264156,34.30729640670636,10.288120111603215,0.02,normal
37.22770957196215,11.15583878432863,9.964009615808369,285.897144729912,37.226799820382794,11.159033096221123,9.964009615808369,286.5863189316153,37.225851713211206,11.162216234482939,9.964009615808369,288.65794778648694,37.23627985081354,11.137883203348723,0.182,normal
36.99893093312206,10.542096680991964,17.016451184681312,116.55753760796875,37.00146693057432,10.537023022841826,17.016451184681312,118.95576047693768,37.00421301233979,10.532059926526053,17.016451184681312,114.18148219301884,36.98550035465926,10.573348616874435,0.028,normal
34.46862537563131,8.078756206549267,11.92389247266151,199.06866282281214,34.472381909473036,8.080054722504057,11.92389247266151,202.97009169046555,34.476041386608806,8.08160582446126,11.92389247266151,204.63206328495207,34.44572773817635,8.072262073714436,0.004,normal
36.67792501909988,8.644506300097555,18.397672933800493,310.33724742925136,36.673955503789344,8.649180828037762,18.397672933800493,312.3256296616576,36.66982618719109,8.653714811683052,18.397672933800493,311.5703493971722,36.704839830412,8.619448731921228,0.14,normal
32.05401476584755,11.595812584238216,16.676474681547674,352.23208709433715,32.048506950458176,11.596563918941971,16.676474681547674,353.4962840179941,32.042983899317086,11.597193553989724,16.676474681547674,349.7240777758396,32.08718978590861,11.592457906299254,0.189,normal
32.86309427481013,8.59627484126122,3.058978062740775,102.45836122130251,32.863310004859684,8.595298388217946,3.058978062740775,97.06747890881587,32.863433043068824,8.594305986283702,3.058978062740775,132.57945602917673,32.86064690594618,8.601695260411818,0.955,degassing
36.85080775762484,9.417469949264499,0.735772642936843,328.25533076733086,36.849957356444875,9.417996084069577,0.735772642936843,356.1314360597306,36.84895963499875,9.418063551957836,0.735772642936843,332.62940877138834,36.85430685496674,9.421362551705318,0.863,degassing
36.50255200034284,9.408323203148516,14.9150864226543,157.2822909593607,36.507137985562714,9.406403178291528,14.9150864226543,160.61843483012382,36.51182793247641,9.404753283193308,14.9150864226543,157.7185991609111,36.473941893409325,9.416706353389982,0.183,normal
37.262649196420256,10.199020211098976,3.94880086032041,41.637734086406105,37.26190183574311,10.198355792542449,3.94880086032041,24.42235113255761,37.26099131330398,10.197942332885592,3.94880086032041,42.027812272082045,37.26820114598013,10.200800132602767,0.967,degassing
32.638512395746666,9.001036375238234,13.70232132181352,146.0276235982539,32.64230020642239,8.99848412084979,13.70232132181352,144.1183924350966,32.64600088291068,8.995807087845225,13.70232132181352,143.8124291486822,32.615897382923265,9.016495894033094,0.014,normal
33.61597968782738,7.79768012824676,18.723497793880508,149.646796768772,33.621365356476495,7.794526285291909,18.723497793880508,146.31041833371364,33.626558349783494,7.791064353360833,18.723497793880508,144.43938254821913,33.585782782489,7.8197440502691435,0.002,normal
35.09644990307307,8.93248901996194,0.8849644936971656,105.76856041780253,35.09672165528683,8.931526652706513,0.8849644936971656,124.78743754491845,35.09729218879874,8.930705378384628,0.8849644936971656,128.72319986155378,35.09528830571153,8.937827080318492,0.761,degassing
34.60312638691375,7.977874156622491,12.671146698977939,189.95154993919806,34.60728655346964,7.978604079503685,12.671146698977939,190.7275986059716,34.611436452212594,7.979390281518747,12.671146698977939,190.55400767931204,34.578034241597955,7.974385356410716,0.174,normal
37.199303433275055,8.995691007110707,10.488552395247575,348.3071483130255,37.195879801596064,8.996399561702608,10.488552395247575,347.91596309888047,37.19246108730955,8.997131474341053,10.488552395247575,349.3505923869262,37.2196073267522,8.990525321436696,0.102,normal
34.34312555096801,10.477913182452058,18.865058461735554,29.7238101035771,34.33766458474701,10.474795293882982,18.865058461735554,34.290666572304104,34.332469210018374,10.471252489538243,18.865058461735554,35.939155692939636,34.37570248906538,10.496932937667076,0.158,normal
32.95286679364424,11.231184404268706,17.04739743926364,65.73224476495824,32.95053129237385,11.22600407111987,17.04739743926364,64.25875482315423,32.94806335414128,11.22088550700509,17.04739743926364,63.6569986370326,32.970774541288705,11.260141600606442,0.048,normal
34.80548256172806,8.356160743423432,2.373098062026062,3.272260907544421,34.80448419215949,8.356103662738905,2.373098062026062,332.3921740551964,34.80359805186944,8.356567079814923,2.373098062026062,334.64006481069384,34.8085041768812,8.360814439474053,0.985,degassing
37.27835479303796,9.763510207935424,9.539260002371137,58.540105734768574,37.27669527465935,9.760797860240729,9.539260002371137,54.32468864844031,37.274840870395415,9.758214835639267,9.539260002371137,52.79995642350246,37.28992235600498,9.778612432864644,0.135,normal
37.32043279807517,11.851557607876146,15.903762085744303,130.44296369465135,37.3238716726029,11.84752307738821,15.903762085744303,130.97261109074975,37.32734769523578,11.84352050809696,15.903762085744303,129.05521552418085,37.296918686351,11.872731699693501,0.142,normal
36.62007471534601,9.314646493198675,11.551947567524783,165.97635071401174,36.62381059897214,9.313713394752595,11.551947567524783,167.20007404182616,36.627565558145065,9.312860294062308,11.551947567524783,164.96577987457118,36.59761700763273,9.320004607669883,0.135,normal
34.173172868991244,10.997953732656736,19.486255648245592,225.6869089977319,34.17771043061851,11.002601419889203,19.486255648245592,224.89235486283113,34.18231200607909,11.007185737222537,19.486255648245592,221.51446911228084,34.144867925348734,10.971305184157353,0.099,normal
32.67935492308859,11.601114360957874,16.942659530231268,112.09372793188189,32.681479096802654,11.59588150868434,16.942659530231268,110.0053360892779,32.68341116799114,11.590574724553928,16.942659530231268,114.3129080817821,32.6679026979331,11.632889548754848,0.12,normal
37.50902635024396,8.416962929899316,2.2766003329409497,152.01742386154655,37.50990944056405,8.41649372686591,2.2766003329409497,120.46295195794896,37.51041642168265,8.415631769706076,2.2766003329409497,131.810421352158,37.506113313773625,8.421513949088729,0.89,degassing
36.07450414771745,8.582469109436456,3.5680873746189437,62.58699666741421,36.07404374645396,8.581581398516969,3.5680873746189437,62.998582419976934,36.07358973390958,8.58069040322543,3.5680873746189437,23.405418721238995,36.07974326569547,8.584794096106181,0.997,degassing
32.777751413360036,7.496873106608462,16.270473201326702,291.0364169329726,32.77580459019182,7.5019351353427455,16.270473201326702,295.8285057585185,32.77344168918181,7.5068168311722605,16.270473201326702,294.25021603055865,32.78714274685574,7.465740689854792,0.029,normal
34.40313712413793,10.429910939598814,3.5768788662357354,232.9633893315204,34.403739449347675,10.43070919040007,3.5768788662357354,254.20564709331578,34.40401163475683,10.431671435224967,3.5768788662357354,278.35384963874884,34.40685566556492,10.426253269456264,0.711,degassing
36.9371879807852,10.153022712167832,13.320407317969899,19.328159224687504,36.93299809817199,10.15155312400539,13.320407317969899,14.923035088647696,36.92870771652788,10.15040969450276,13.320407317969899,19.887520047777517,36.96197868945633,10.162731535932387,0.12,normal
36.09914825887063,10.316391210806694,19.081549161301147,85.4093811561231,36.09863919037096,10.31005109898014,19.081549161301147,86.23779054294438,36.098221840211515,10.30370428973809,19.081549161301147,84.90421831592222,36.10346462786237,10.354300976866657,0.104,normal
37.90038368071413,10.937387264536818,13.506367226910244,108.23434663343824,37.901792414329684,10.933111217789442,13.506367226910244,108.65436135408645,37.9032324559716,10.92884561276144,13.506367226910244,111.0900151770223,37.894200774129665,10.963656465785553,0.156,normal
37.18573021537933,9.440087289299774,15.255923400628381,330.2372684238957,37.181315718007376,9.442611683955109,15.255923400628381,333.84218683715744,37.176751231124314,9.444853516892058,15.255923400628381,335.9400276694257,37.213131039357016,9.426733453079667,0.146,normal
34.92455586181065,9.64490601776528,14.109045341185295,311.77576426363305,34.92142263281813,9.648413328307614,14.109045341185295,315.5231114353716,34.918066875783126,9.651708361825198,14.109045341185295,311.82578123634295,34.944406415354365,9.624870959692418,0.176,normal
32.970601857550555,11.661821213827118,1.0562035675664547,51.8686272927949,32.96998439087613,11.661034616785443,1.0562035675664547,50.69076808730901,32.969350885324964,11.660260878640694,1.0562035675664547,55.89226072836864,32.97539016720254,11.664722032716524,0.892,degassing
36.29622698391117,11.854224459103046,11.49720712728323,4.820833339696605,36.292408139167584,11.853902383344643,11.49720712728323,4.1648275596359685,36.28858585721454,11.853624051454299,11.49720712728323,1.080592642621795,36.31919872523277,11.853693207635201,0.038,normal
37.74784411025643,9.911332795878208,19.09133214406131,120.65715185002935,37.75108899870241,9.905858459248755,19.09133214406131,122.74806378047133,37.75453145893666,9.900506157865705,19.09133214406131,118.33615994202549,37.72726014652706,9.943477058678305,0.173,normal
34.10269062030886,7.917293737638247,0.7809758131876965,201.17394063754034,34.103623108488335,7.917654938129867,0.7809758131876965,199.1273707963161,34.104567900977244,7.917982607403523,0.7809758131876965,160.96772183645894,34.09721278685885,7.9187527387771235,0.868,degassing
34.099349959834576,9.581675992750334,1.3152009230029698,286.25486445467294,34.0990700493126,9.582636018843568,1.3152009230029698,310.56070875087926,34.09841979592747,9.583395736248347,1.3152009230029698,339.2570373970321,34.09710430790289,9.576458762514616,0.991,degassing
35.86870833072184,9.050885032516389,9.944611301457458,358.0656618726471,35.86539534921353,9.050996923171082,9.944611301457458,0.9574557330796676,35.862080941606614,9.050941531761545,9.944611301457458,1.876712643409121,35.88851399840313,9.049172165279478,0.035,normal
36.25892281149154,8.110856656788048,14.890612702181842,253.88623244290594,36.26030041905783,8.115625189327124,14.890612702181842,250.9601821871024,36.26191964992346,8.120317182143264,14.890612702181842,251.2644468409348,36.254478440364366,8.081463827381645,0.192,normal
34.439456023077696,10.996223295670488,8.596396391424038,184.2999435551177,34.44231342285049,10.996438141807765,8.596396391424038,181.41008527884895,34.44517802057602,10.996508655601835,8.596396391424038,177.37790411326202,34.42228833004463,10.995767220244225,0.165,normal
37.2431198858194,8.382643680600582,11.21201570391743,266.4776181144398,37.24334950208514,8.386373958866631,11.21201570391743,264.06352466054454,37.243736039161,8.390091254746789,11.21201570391743,266.0967892556981,37.24151038364985,8.36028907535892,0.06,normal
32.930009337227965,11.360133154159605,13.673147204362028,287.4753851355938,32.92864067321849,11.364480513306063,13.673147204362028,287.3964597270895,32.92727799902871,11.368829753673259,13.673147204362028,292.3507054937656,32.93939218866618,11.33448003415127,0.195,normal
35.57063006445107,9.013933805142978,12.272372814158725,196.5332219727059,35.57455172119714,9.015097926642168,12.272372814158725,198.34194929673646,35.57843468086204,9.01638524740235,12.272372814158725,195.4374936121937,35.54655931381808,9.009397768598957,0.184,normal
36.551131128326254,10.04924303625063,2.063928047533839,254.62580746013427,36.551396250164,10.050207251170216,2.063928047533839,283.27552810238126,36.55116661610726,10.05118052821196,2.063928047533839,284.0737392555395,36.554632549680974,10.045575303100756,0.801,degassing
32.662283656094786,7.674074656032048,2.9402067454613015,9.3944835081113,32.661297068212576,7.673911425058665,2.9402067454613015,47.54171266822129,32.66062201493911,7.673173656071803,2.9402067454613015,8.145139158351306,32.667706286445316,7.671828933117492,0.77,degassing
34.94992840395807,11.352932865998238,10.257088459611179,274.2650899023485,34.9496741268652,11.356342426936225,10.257088459611179,278.2593862361625,34.94918296705455,11.3597259937924,10.257088459611179,276.0105518716256,34.95080167713647,11.3324432008169,0.168,normal
33.10605800737219,10.510296140821339,8.613350706419878,32.75702629140562,33.10364347653688,10.508742643762737,8.613350706419878,35.83263776696217,33.101315774569386,10.50706183567843,8.613350706419878,38.59819325837015,33.120304617085914,10.519968331545956,0.117,normal
32.48102924373185,10.489278498243118,12.12824036140418,330.66940521041124,32.477504745437145,10.491258829870786,12.12824036140418,333.47020990823495,32.473887690803835,10.493064575524127,12.12824036140418,330.91222109439786,32.50106144068985,10.475651958497446,0.2,normal
32.50171457556687,8.92993881166068,19.55987242667482,178.51399080768616,32.508232340297326,8.929769730610493,19.55987242667482,176.0423550810863,32.514736749918185,8.929319729535921,19.55987242667482,173.41739022774829,32.462785261584955,8.932840534745761,0.003,normal
32.37104737174998,10.078207696192163,17.98709694428629,27.83575620602603,32.36574543660806,10.075408072998451,17.98709694428629,30.48704248596163,32.36057867947151,10.07236619414357,17.98709694428629,27.58604636389329,32.403020669467104,10.094633428980734,0.029,normal
37.484032828922025,10.666196622320365,1.2964740683767622,247.0574918490648,37.48442263619909,10.667117518778578,1.2964740683767622,210.87603077674564,37.48528091586553,10.667630701021237,1.2964740683767622,175.0646034378812,37.48397241958001,10.660913140551086,0.895,degassing
34.2057164721993,11.17880163555008,12.395213339882904,141.06040997341347,34.20893017525817,11.176204835647932,12.395213339882904,144.30336765591625,34.212285633153805,11.17379399359733,12.395213339882904,147.8558402806222,34.18701259806766,11.195044673516406,0.059,normal
33.723032828775686,8.656150903918924,14.256047414318282,323.33680652089924,33.71922095467563,8.65898837991955,14.256047414318282,325.84949058034937,33.715288349016994,8.661656013129441,14.256047414318282,324.3805230607118,33.746504411653746,8.640026115550224,0.129,normal
34.46034362760317,10.585230423734465,16.077759260189023,41.2637904235048,34.456315178407344,10.581695852936727,16.077759260189023,37.2312906495361,34.452048143175595,10.57845332244672,16.077759260189023,40.96622010760092,34.4818413738251,10.609074121756107,0.101,normal
35.701936527186,8.199655515454584,10.95422724459203,208.38320865686305,35.70514899279979,8.201391272626791,10.95422724459203,210.16057859992648,35.70830607664589,8.203225832483923,10.95422724459203,214.40541846289554,35.68181880269321,8.191126154819901,0.069,normal
35.70598722987272,10.788516381772737,10.357960974259349,125.16207726420032,35.7079755832174,10.785693746787585,10.357960974259349,130.058554441279,35.71019760803839,10.783051130096199,10.357960974259349,131.88059422047132,35.69331030177992,10.804888893412658,0.062,normal
32.31831478703681,10.175185006461613,13.43106911431841,180.21413103750876,32.322791778808885,10.175201738363414,13.43106911431841,177.42301695699592,32.32726427428946,10.175000443902604,13.43106911431841,180.04561986318026,32.29146470523846,10.175745113807988,0.029,normal
35.252986721759214,7.933294915642178,1.3525542423528862,335.5178047311932,35.25207663166586,7.933709326093276,1.3525542423528862,1.7159522237981157,35.25107708010412,7.933679381554059,1.3525542423528862,31.14295522214587,35.253553440800445,7.928138112511542,0.864,degassing
33.40677831062746,7.63774044544777,10.363842310173032,205.91043329716834,33.40988566078734,7.639249992925407,10.363842310173032,204.1892495362023,33.41303694945829,7.640665527564931,10.363842310173032,200.374411100533,33.38852204897245,7.627939455645365,0.096,normal
34.281616018991954,7.541739996395922,15.11013159511365,267.4159352951288,34.281843099838355,7.546771585336741,15.11013159511365,267.5945079659322,34.28205449774929,7.551803857577333,15.11013159511365,267.7335885180624,34.27452757798462,7.512421064608761,0.054,normal
36.755992261864485,11.059812262814503,18.0553984290352,236.26228924990417,36.75933486909093,11.064817151588924,18.0553984290352,236.67451124740217,36.76264138178872,11.069845959449037,18.0553984290352,239.87147765584177,36.73424084008432,11.031034982581684,0.121,normal
34.37894634453134,9.009148669124013,15.200477825349365,293.0565635175285,34.37696197444906,9.013810750258106,15.200477825349365,295.69328975989265,34.37476523406832,9.018376607989568,15.200477825349365,295.7081267657577,34.390644060845126,8.98109504085109,0.027,normal
36.965710881881556,11.6614870835214,10.625104243155327,149.58484440341152,36.968765173587535,11.659694055054413,10.625104243155327,152.51011211031485,36.97190698968789,11.658059233810292,10.625104243155327,153.87554794197945,36.947647998047415,11.67264924987226,0.152,normal
34.28145345340856,7.822083591775945,12.691787679709167,102.76593161197098,34.28238828238412,7.817957572338481,12.691787679709167,105.71799635504865,34.2835343626992,7.813885172367548,12.691787679709167,105.77560562822434,34.278081758373695,7.8472282229411885,0.059,normal
35.60514121334246,11.946122612432783,10.48650734607951,262.48617588806974,35.60559830412024,11.949588100189173,10.48650734607951,267.2140443376296,35.60576820281066,11.953079471238462,10.48650734607951,269.59472556334686,35.60150043700512,11.92548067808734,0.046,normal
35.234941544368525,9.679778716605966,15.688357522592307,216.92167115487285,35.23912226940987,9.682920167171735,15.688357522592307,213.49227820025826,35.24348342466632,9.685805907693272,15.688357522592307,216.2221464416507,35.211522199796605,9.658966859006325,0.012,normal
33.34582618749713,7.7856623347419145,8.598554913144143,331.8976967549317,33.34329790300246,7.787012443553181,8.598554913144143,331.1076025362166,33.340788475956465,7.788397287294941,8.598554913144143,329.2516900933272,33.35955207285657,7.775350546094883,0.198,normal
32.31303614976474,11.234269573919672,13.378395067973758,126.78028713639647,32.31570624583108,11.230697821508766,13.378395067973758,124.50849800876053,32.318232659699,11.22702303426917,13.378395067973758,121.60791144567169,32.29567271920345,11.254618597133055,0.025,normal
37.134270576509195,11.057045719307448,12.27135379762504,358.8760958915921,37.13018091218139,11.057125951746974,12.27135379762504,358.5307243276427,37.12609180578066,11.057230834548314,12.27135379762504,358.0018048826785,37.15876068799162,11.057706897388222,0.049,normal
33.198014984891664,7.922303392487922,3.9337443883925243,217.64784934159243,33.19880676470914,7.9229141991026815,3.9337443883925243,192.20976165290293,33.1997841445852,7.923125690421331,3.9337443883925243,204.01783371406532,33.19472862647419,7.9174432063360465,0.763,degassing
36.265921478908695,10.416787315723589,0.6874318858375661,13.410220042284777,36.26494874438362,10.416555394306453,0.6874318858375661,357.5942687859135,36.26394962574728,10.416597369900787,0.6874318858375661,321.77350557544423,36.27142637332991,10.414587566378632,0.941,degassing
34.5342872487015,8.034844974454591,8.922580880243162,300.613929143814,34.53277263864838,8.037404619765251,8.922580880243162,302.93632037231134,34.5311555499906,8.039900787228037,8.922580880243162,302.66748633800086,34.54227421731051,8.018900477399072,0.067,normal
36.174097331332376,11.557556142862202,10.813040168292744,299.7404327637542,36.17230931755656,11.560685731019676,10.813040168292744,297.1553886456728,36.170664274697096,11.563892777836989,10.813040168292744,296.29542269928464,36.18333046353295,11.53800624056541,0.162,normal
35.59334925427921,10.845750680623517,18.567015338972283,119.0344307162668,35.59635299580195,10.84033945884344,18.567015338972283,114.2198823800568,35.59889197033017,10.834695223498093,18.567015338972283,111.82934267109654,35.574406877128546,10.877665359064466,0.007,normal
34.3692687031972,10.082479210380006,11.098495998770106,100.03326640430303,34.36991322961772,10.078836289014552,11.098495998770106,99.48467916762375,34.370522847318384,10.07518736360552,11.098495998770106,97.25140028418443,34.36733528034276,10.104575810449916,0.068,normal
32.277590003115975,10.13924096656239,1.5704884623607145,284.5579096314066,32.277338644719855,10.1402088606458,1.5704884623607145,287.3727973126456,32.27704005701213,10.14116324284429,1.5704884623607145,281.0292093547989,32.281995798207326,10.136128150411333,0.799,degassing
37.5515107177849,9.383239543528545,0.732898951103589,194.13245011524901,37.55248045167051,9.383483707799257,0.732898951103589,196.49496711919682,37.55343929634969,9.383767638919814,0.732898951103589,159.45567906228675,37.54648805837785,9.380790115603192,0.895,degassing
36.42181339702084,11.762626506929536,15.40075250195359,38.346532889079356,36.417787266813086,11.759441548224448,15.40075250195359,41.05119163499715,36.41391591233035,11.75607015372484,15.40075250195359,37.656332669582085,36.44515123534281,11.7826873387628,0.062,normal
33.7872494054512,11.86626995505882,11.249013884839535,314.09042860697457,33.784640411078506,11.868963128499834,11.249013884839535,317.51700943144454,33.78187511148929,11.871495548883983,11.249013884839535,315.8354773144043,33.80284718158097,11.850073232686542,0.103,normal
37.87745190417309,9.389616397451812,15.352263194564575,95.36720739571801,37.87793058005867,9.384521412883474,15.352263194564575,95.41727944346174,37.87841370838048,9.379426848586139,15.352263194564575,99.38677792067264,37.87447293945884,9.420145742220098,0.137,normal
35.04430129512901,11.216281468349123,8.913119494980325,140.88446844355886,35.046606451897254,11.214407080461006,8.913119494980325,145.61285479778144,35.049058273499256,11.21272909103515,8.913119494980325,142.81383952383797,35.03123525690833,11.228394392467681,0.076,normal
37.62445380712255,9.413970376987342,10.014571479247277,57.00096493791756,37.62263574542369,9.4111707042516,10.014571479247277,58.1637312981654,37.620874871039355,9.4083347146235,10.014571479247277,60.846603225690544,37.63637214871827,9.43004143126395,0.061,normal
35.79864489369512,8.169225460575188,13.095678270460446,357.7173524154723,35.794283131396696,8.16939932394169,13.095678270460446,0.01576336681017665,35.789917905471754,8.169398122969126,13.095678270460446,357.56896496862686,35.82478776168781,8.167947592677171,0.076,normal
33.52378908556917,7.668863031023133,3.329305315516141,135.41699695105234,33.52450131987947,7.668161089225522,3.329305315516141,155.48984769848363,33.52541120765611,7.667746234752348,3.329305315516141,181.43161820183843,33.52159710263403,7.673671050664274,0.804,degassing
37.117830425374194,10.352721672867292,3.3243622904652397,55.069860806750334,37.117257848156946,10.351901822069713,3.3243622904652397,24.738825559005114,37.11634962334885,10.351483339456015,3.3243622904652397,16.03653712689612,37.11463129467185,10.357341069404805,0.729,degassing
34.42672176385133,7.703165125214041,3.3089871661593593,148.01333718995224,34.427569935277994,7.702635403370999,3.3089871661593593,127.05156761392851,34.42817246884895,7.701837309832699,3.3089871661593593,166.68914989358947,34.42194926511533,7.70629643661085,0.813,degassing
34.57527306340517,10.150126395125922,1.4037493661004903,194.04646505273166,34.576243162621445,10.15036910382082,1.4037493661004903,197.44037873884022,34.57719719196643,10.15066881703194,1.4037493661004903,181.37668133726197,34.5742003776482,10.144829101654215,0.989,degassing
35.159706868687685,11.076194627864824,19.188106055140153,340.0447456608534,35.1536948548934,11.078377506321747,19.188106055140153,340.2404011237987,35.14767542200358,11.080539842073968,19.188106055140153,341.8731776529775,35.194920221404026,11.060981676696938,0.059,normal
36.33596335686115,8.323126395635034,10.48984607782871,109.43025993060357,36.33712653825106,8.319828922659424,10.48984607782871,108.03364748136119,36.33820900455192,8.316504078952084,10.48984607782871,106.92668485362307,36.32906368998074,8.342912832793251,0.141,normal
33.37870560483244,9.044950196992886,3.3868840373439024,351.73250240597815,33.37771599731307,9.045093991838439,3.3868840373439024,17.49668831417368,33.37676226298317,9.044793341164105,3.3868840373439024,36.3532078337167,33.38395534434424,9.04263121142623,0.717,degassing
37.15643869957791,9.922359861833781,3.996471842503236,271.7979288401881,37.156407324949576,9.923359369528947,3.996471842503236,281.6865630006207,37.15620476730701,9.924338639870292,3.996471842503236,307.8921898724629,37.160978273559486,9.918992927660486,0.868,degassing
34.307455269679075,8.960561079257882,8.227344011076427,120.6968306490007,34.30885527664321,8.958202901666324,8.227344011076427,124.90216685837582,34.31042444201351,8.955953737133973,8.227344011076427,129.68481019370478,34.29849982769769,8.974360381657705,0.172,normal
37.19563540182382,10.690414471875476,14.290170345549091,160.7198664071922,37.20013163956463,10.688841661789192,14.290170345549091,163.5575175267752,37.2047002278222,10.687493371493224,14.290170345549091,168.069790980582,37.16897487536318,10.700657884845992,0.12,normal
36.29644986796452,8.544633737845349,16.09118282464182,186.52444584938897,36.30177885720796,8.545243202773314,16.09118282464182,187.1270015952568,36.307101142395474,8.545908675716321,16.09118282464182,189.90349842503596,36.264722261150794,8.539494171793661,0.092,normal
36.03723925532353,11.519173492088497,19.318411474741694,132.712684390273,36.04160729209208,11.514441998138325,19.318411474741694,137.3012828867816,36.0463398507197,11.510075114919355,19.318411474741694,139.16966567622796,36.007199357651245,11.543311726220228,0.057,normal
33.70328902999681,9.773532581646682,15.049197943878912,122.88424921836835,33.706012651977034,9.769319964242666,15.049197943878912,123.28729122283356,33.70876583960476,9.765126609980225,15.049197943878912,123.82603996771586,33.68815692224095,9.799530236519987,0.005,normal
34.52891838580879,9.098552670111092,2.058032555338464,39.33139193888761,34.528144892739945,9.097918865352156,2.058032555338464,53.964187538359475,34.52755660193018,9.097110215908241,2.058032555338464,86.9028371474297,34.53435041420752,9.100628663879915,0.939,degassing
34.143466500148094,9.789513394133069,11.486056839437914,87.08802302498194,34.14327199637604,9.785689652273716,11.486056839437914,82.25611349075184,34.14275609935367,9.781895883199745,11.486056839437914,84.81445187021437,34.142746491368335,9.812448518060958,0.126,normal
36.02921495489203,7.559741495783185,1.4107993962798466,6.096479696306403,36.02822061042082,7.559635292805058,1.4107993962798466,347.14747881398995,36.027245664562514,7.559857735097311,1.4107993962798466,307.18429864713755,36.03455175293111,7.560964323927324,0.87,degassing
37.00875225234603,11.976695335700692,9.221627803103383,37.61480668256045,37.00631733703908,11.974819195858394,9.221627803103383,35.12604901549119,37.00380325014762,11.973050557862058,9.221627803103383,35.10222479943559,37.02315596051586,11.988199776834318,0.102,normal
33.67326261020584,9.570028295906782,12.798743427206396,213.2408530308208,33.67683078757425,9.572366881085044,12.798743427206396,214.40685395228178,33.6803506378748,9.574777591401542,12.798743427206396,211.58711982342706,33.651985783649685,9.555900677130289,0.014,normal
36.21842804062844,10.613278295963935,10.165767870031434,7.3893965165571425,36.215067593636704,10.612842482480774,10.165767870031434,3.3067151076025345,36.21168464613366,10.612647025150245,10.165767870031434,3.342919160854497,36.23823549429138,10.617794352923152,0.175,normal
34.251172995563856,8.905062362208483,18.41137831601226,104.6530328602733,34.25272547342258,8.899124843422745,18.41137831601226,108.75014607818365,34.25469820277287,8.893313418834634,18.41137831601226,107.84233829305943,34.24293985085056,8.940911284338043,0.003,normal
37.241107178226855,8.246655166088907,3.240818673863404,225.0313264085294,37.24181389829246,8.247362659374291,3.240818673863404,236.44342362888335,37.242366658424075,8.24819599978307,3.240818673863404,258.3905977975281,37.23788587921926,8.242111256119895,0.991,degassing
32.46100866418954,10.534042854144069,1.7436952426985541,10.006579281619963,32.46002387638306,10.533869092881949,1.7436952426985541,334.4324679567763,32.459121799150246,10.534300667517487,1.7436952426985541,353.02960832815734,32.46603668984408,10.535765254279783,0.865,degassing
37.27472867002868,11.135978986476136,14.928036229835254,25.673248877765012,37.27024389286764,11.133823187319805,14.928036229835254,22.736717425417233,37.26565456372367,11.131899972772521,14.928036229835254,18.87479035737622,37.30186660970945,11.148262680630543,0.152,normal
35.23672246948066,11.747482565147473,10.644070980940667,35.744189473640574,35.233842775583526,11.745409925537471,10.644070980940667,39.82719089743672,35.231117965579955,11.743137507807702,10.644070980940667,35.281251811659644,35.25126955445348,11.76291627812796,0.196,normal
37.47920822384715,7.954197576731243,12.439705154976243,226.80151285951663,37.48204666542065,7.957220369943703,12.439705154976243,222.02076372009378,37.48512716055669,7.959996082300603,12.439705154976243,218.608922756569,37.463553202118305,7.9349193506090545,0.145,normal
33.48997647734032,8.985213492175768,12.349318521837342,237.02052125104566,33.49221721433686,8.988666631606696,12.349318521837342,238.81324350428952,33.49434882726072,8.992188179641285,12.349318521837342,234.29054445645795,33.47231996699489,8.968093203190234,0.081,normal
33.81225295044832,10.967518966242027,12.881326771505684,120.32481746254768,33.81442088441296,10.96381267818704,12.881326771505684,117.83169376727696,33.81642554468875,10.960015594305917,12.881326771505684,118.51010465221007,33.79829884970043,10.989145649467673,0.12,normal
32.34393986879813,8.88799583415638,15.417483799221603,27.092995454071442,32.33936463546064,8.88565527472973,15.417483799221603,27.899485341033397,32.33482279976529,8.883250548749798,15.417483799221603,31.869697456164133,32.371958887550136,8.900846352014327,0.105,normal
35.98411938480794,8.09017889754672,12.853974122006942,270.3260039905258,35.98409500590788,8.094463486231144,12.853974122006942,266.0754517739106,35.9843882596425,8.098738096947057,12.853974122006942,262.8331833976006,35.9817175587913,8.064593982289606,0.029,normal
35.79346505484012,9.718818262928181,16.500997014613475,286.1229516674499,35.79193761528877,9.72410225613859,16.500997014613475,285.4359210219606,35.79047364410914,9.729404184487402,16.500997014613475,290.3246967174289,35.803923787744544,9.687594215346579,0.032,normal
37.7702383524422,10.46823142586087,11.207976391213247,323.2504788812291,37.76724485582057,10.4704667368403,11.207976391213247,326.96230007566265,37.764112928708876,10.472503565199652,11.207976391213247,327.0288423483037,37.789041977305644,10.456058129713558,0.102,normal
35.85765638696453,10.680423806830175,2.71113275227724,6.034938013695992,35.85666192899377,10.680318671943462,2.71113275227724,15.626670608711862,35.85569889171079,10.680049303809517,2.71113275227724,54.3518227400228,35.86306613984312,10.678359473543793,0.941,degassing
35.6411536817038,9.026559098657188,8.279525362596718,268.25857141460256,35.64123755048961,9.02931766580681,8.279525362596718,263.5380478539089,35.64154815246014,9.032059973796098,8.279525362596718,262.19240463882807,35.64007120856035,9.010052286867246,0.044,normal
35.16757220776557,11.676525980263254,18.560881618939366,163.96884639508565,35.173518567808436,11.674817389335088,18.560881618939366,159.8556203854302,35.17932705824788,11.672686680642165,18.560881618939366,157.8830507869837,35.1315972451472,11.68559752561059,0.018,normal
36.34720747376009,8.38350092673244,19.065258945176797,139.95385521571433,36.3520724607915,8.379412036509397,19.065258945176797,138.29976375670554,36.356817393454676,8.375184420621718,19.065258945176797,137.4085466682227,36.31674610995043,8.406353974672689,0.104,normal
36.58896609998588,10.783349202554966,3.8275844716571523,198.97892435357687,36.589911738254315,10.7836744228884,3.8275844716571523,191.8492177852774,36.590890429617296,10.783879759723916,3.8275844716571523,207.20604094746483,36.58606124037619,10.778812084423928,0.987,degassing
33.27468303841638,7.747341544037664,16.744554211592316,201.68052211321137,33.279869709932555,7.749403529138224,16.744554211592316,201.74627818026187,33.28505401157595,7.751471465414307,16.744554211592316,199.44474097991207,33.2440953066589,7.733737991885221,0.03,normal
34.20490582161356,10.483025379444694,2.822423950951543,273.4916859762522,34.2048449179111,10.484023523091183,2.822423950951543,240.99302877070056,34.20532983394353,10.484898083804625,2.822423950951543,268.2850064590506,34.20803452356397,10.478532723204596,0.861,degassing
37.66584466037046,9.392248625166943,15.669663264919137,326.5174231669497,37.661488213898416,9.395130189442387,15.669663264919137,327.5251865170683,37.6570817606646,9.39793468733605,15.669663264919137,326.4170680761802,37.69080912601536,9.373350485751985,0.04,normal
33.93646910041669,9.049024610471777,1.6541356079202216,343.6085167379834,33.935509744484065,9.049306809328161,1.6541356079202216,327.6068990544223,33.93466535204513,9.049842534452704,1.6541356079202216,293.70563706736414,33.941995565083154,9.047077608709445,0.979,degassing
33.93932807160767,8.031939814496223,9.41379557161709,268.0219598000317,33.9394363818971,8.035075876552636,9.41379557161709,270.45024093330755,33.93941172369645,8.038213711524971,9.41379557161709,270.5200432306314,33.93791360231257,8.013173201206078,0.12,normal
36.35451226851642,11.615990987316785,19.464960295547087,13.324982001012772,36.34819862389349,11.614495597977488,19.464960295547087,16.488127329994533,36.34197711281426,11.612654104672611,19.464960295547087,16.444959201103504,36.392526985741306,11.62408200015157,0.025,normal
35.24431084416872,10.86832124635691,15.953822129982923,105.93408061125788,35.24577078498397,10.863207630590058,15.953822129982923,105.40110846552018,35.24718309586057,10.858080655713696,15.953822129982923,106.58540444688191,35.23675867562744,10.899263345474747,0.041,normal
35.322622048592294,7.821319175407776,3.5466345046990173,305.5760026008014,35.32204026622713,7.822132519910173,3.5466345046990173,282.01116092436104,35.32183216400211,7.823110626992217,3.5466345046990173,302.65029534646783,35.32465878652146,7.816091500342356,0.818,degassing
34.64081329231599,11.343687542053502,17.896344899287502,336.2940779943317,34.63535120231744,11.346085905300571,17.896344899287502,336.33635190795115,34.62988734424784,11.348480237861526,17.896344899287502,334.33120046195245,34.67220768004348,11.326562794505904,0.164,normal
34.658686137169795,10.303714935679157,17.636234775302846,244.6893295289849,34.66119945481097,10.309029338404672,17.636234775302846,239.8781777498778,34.66414964540517,10.314114219657199,17.636234775302846,244.4524403114738,34.651324003634244,10.269398586699321,0.091,normal
35.2956655517984,7.904496979983136,1.1383755092229504,62.97696617889227,35.29521120313646,7.903606156042397,1.1383755092229504,73.3145255226684,35.29492408545127,7.9026482607272115,1.1383755092229504,37.92308238493929,35.29971302774635,7.908765289995921,0.934,degassing
35.40365157586013,7.950748572643361,13.47301794439028,176.91160235772696,35.408136059107996,7.950506612470722,13.47301794439028,176.18573612360427,35.41261711723447,7.950207860411742,13.47301794439028,180.50051932771447,35.37673958442895,7.951694610165992,0.152,normal
35.10206702727317,10.39623093665291,2.165540568175886,218.95354875458386,35.10284468318631,10.396859626783861,2.165540568175886,228.6147209179917,35.10350580230491,10.39760990773859,2.165540568175886,233.8648754427323,35.09762323740176,10.392403121587874,0.995,degassing
34.8170140944557,9.727347695463,12.926326733890452,128.46633033990122,34.81969438826348,9.72397403690214,12.926326733890452,126.20709048727363,34.8222396058091,9.720497340966816,12.926326733890452,121.6995961314711,34.79932607213663,9.746149555585545,0.119,normal
37.97908693860393,10.500905464020432,19.396959602805307,44.170349491113974,37.97444931116668,10.496400235605796,19.396959602805307,40.58226698172176,37.96953882416796,10.49219407479691,19.396959602805307,40.95883039256611,38.00484844344357,10.52987271358815,0.094,normal
34.39887696110379,7.980419620405293,15.77789348063503,121.48174204450055,34.40162350756041,7.975934456395644,15.77789348063503,125.52943525284424,34.40467979662743,7.971654349998526,15.77789348063503,125.65145532540718,34.3818615760424,8.006973183559685,0.004,normal
36.50161636589124,11.034135656431173,2.2009454452539288,324.62668255878924,36.500800968413536,11.034714557936919,2.2009454452539288,335.65665265158293,36.49988987673051,11.03512676170344,2.2009454452539288,309.02750304309063,36.506546524274704,11.030952739076861,0.75,degassing
36.40722590128306,11.032253562757022,13.328475088049258,224.8823070817227,36.41037389950885,11.035388654687393,13.328475088049258,227.36608035789922,36.41338307656002,11.038657224361753,13.328475088049258,227.71594016913355,36.39112183484736,11.011048030901181,0.049,normal
35.31786225226112,10.702776715464918,19.936327937996992,207.62386416921208,35.323750184459946,10.705857975334405,19.936327937996992,203.23556337161543,35.32985661952787,10.708479684456824,19.936327937996992,206.06804236430753,35.2817020704555,10.686063707077844,0.132,normal
32.64170322929655,10.868669172023852,13.520143023679728,334.37951181125226,32.63763962429952,10.870617912278862,13.520143023679728,339.04507614796336,32.63343097469174,10.872229663696539,13.520143023679728,341.3479729326099,32.66580976290878,10.856487399692814,0.162,normal
35.28657577244656,11.054803752146329,13.342035478514813,208.01316338112397,35.29050206536244,11.056892556327307,13.342035478514813,211.03374529779992,35.29431283448843,11.059185353229813,13.342035478514813,212.50433940603767,35.26371822449244,11.041059790413366,0.108,normal
32.518396766077345,8.444599195532716,17.843274006826025,287.7022033116125,32.51658823311365,8.450265325938279,17.843274006826025,291.95809674529477,32.51436419749454,8.45578161915189,17.843274006826025,290.83717917117957,32.528770407326036,8.410470407750642,0.063,normal
36.366696339998974,9.344960466453209,18.61326718889674,283.52508364346784,36.36524530529665,9.350992825491293,18.61326718889674,278.89242855766975,36.364286226741015,9.357122672601607,18.61326718889674,281.2121272996899,36.37812492869253,9.309677216799555,0.169,normal
32.90067709454667,11.207265210891354,19.69171314088709,189.52658950209943,32.90715047547165,11.208351571841392,19.69171314088709,187.83270496435188,32.91365314001142,11.209246107808754,19.69171314088709,183.34686953196677,32.86267626125075,11.197580022225603,0.188,normal
36.877997642144784,10.519010375992842,17.561166745626984,340.36682381697284,36.872484237412166,10.52097720908628,17.561166745626984,338.7900756122654,36.86702703958243,10.523095004168482,17.561166745626984,341.1515347015876,36.91048638610762,10.505763224609607,0.124,normal
37.849818303127414,10.917847129665493,11.169271227345789,161.3313745396603,37.853345505740364,10.916655389793851,11.169271227345789,162.60835922382464,37.856898391151795,10.915542552228116,11.169271227345789,163.83293531598486,37.8289414535807,10.92576634107363,0.181,normal
33.290921522554015,11.66403868605021,19.59645342990371,62.90500069798685,33.28794634190446,11.658223421768904,19.59645342990371,65.84422534701258,33.285273262418315,11.652263250242875,19.59645342990371,69.4003805325676,33.307026888229565,11.699747452444003,0.056,normal
32.48757919436604,9.22484081816182,8.334815497349377,43.25054131081991,32.48555559980172,9.222937174441412,8.334815497349377,45.81224022451883,32.48361911118488,9.220944988151976,8.334815497349377,44.193481745592145,32.50160695891477,9.233669907670501,0.176,normal
33.76021499659904,11.59142839910843,14.8761194357783,22.995088836969035,33.75565031715894,11.589491269388988,14.8761194357783,23.163404051223697,33.75109134802497,11.58754073859549,14.8761194357783,21.549401565276973,33.787933336997305,11.602209791739167,0.083,normal
34.99133471997107,7.689111720266089,3.459444130260567,135.92661123076056,34.99205316941057,7.688416141080886,3.459444130260567,151.94226239542456,34.9929356434634,7.687945780000352,3.459444130260567,187.99620325380613,34.9872206068928,7.69317532001983,0.829,degassing
35.54905392104845,7.878928359731715,16.61508851404852,14.29287076047333,35.54368699015897,7.877561057368287,16.61508851404852,12.475563063204518,35.53827939786548,7.876364642510074,16.61508851404852,15.168653158633187,35.57999998683254,7.890701778180622,0.163,normal
36.22923467191369,10.180528330209214,0.9318398902795451,245.05821104281313,36.229656369172,10.181435066897746,0.9318398902795451,240.36595126987572,36.23015082765952,10.182304268142637,0.9318398902795451,211.29584251418964,36.22394683972409,10.178114071605332,0.88,degassing
34.40017324362599,8.108491664281,19.43120665894797,305.65859871528886,34.39639740874805,8.113754314975528,19.43120665894797,308.9162765599711,34.392328616960086,8.11879389380161,19.43120665894797,313.881803830661,34.42441832537958,8.07814925736685,0.046,normal
34.20548858285457,8.537987938074936,1.5431488280924741,172.18948287143616,34.2064793057666,8.53785204064458,1.5431488280924741,205.5748514544825,34.20738132785933,8.538283730515003,1.5431488280924741,195.85024360608958,34.20015298774598,8.539774115378652,0.804,degassing
32.99465155568698,7.871188245454519,17.69368610666608,14.389093037507063,32.9889386744366,7.869722586011982,17.69368610666608,16.94365824446703,32.98329679610705,7.868003755392982,17.69368610666608,12.834836901352071,33.02944382199899,7.877576745740377,0.091,normal
34.954404820842576,11.34681981596672,10.306946965991704,254.26590501408396,34.95533647700234,11.35012673307685,10.306946965991704,250.19035822364924,34.956500805552544,11.353359073250855,10.306946965991704,250.18718796793598,34.949414125854005,11.326835153576697,0.127,normal
33.91580878511871,8.582636589123778,11.106411467370688,144.08982931339656,33.91880728497784,8.580465225930958,11.106411467370688,140.7625459456054,33.92167470559237,8.5781234918428,11.106411467370688,141.22709070649094,33.89803591509401,8.595906930792157,0.16,normal
35.81806955495259,11.27566058572204,15.66863305233942,297.757075645905,35.81563713647491,11.280282467552277,15.66863305233942,300.48060951277256,35.81298784882443,11.284783548116787,15.66863305233942,303.11726723919395,35.83217949233049,11.247703490236516,0.068,normal
33.81034032504934,8.763339884197174,0.651162155369448,201.23898939730157,33.81127240255159,8.76370214312363,0.651162155369448,206.13585922042253,33.81217015461051,8.76414264424814,0.651162155369448,176.27618823375886,33.810525056456186,8.758131284575047,0.955,degassing
34.15986123837194,10.106096831736014,3.3096119699673094,251.39177461469046,34.16018033373963,10.107044554346441,3.3096119699673094,282.79156880508236,34.1599589287397,10.108019736291517,3.3096119699673094,313.4022081953208,34.159827903638735,10.100315192524926,0.937,degassing
34.319685546630154,10.10585311313845,12.054240220936817,115.39343703282508,34.3214086265689,10.102223242203705,12.054240220936817,112.8113193260481,34.32296642697878,10.09851942992968,12.054240220936817,111.00831696672273,34.309021919523154,10.1274720251959,0.119,normal
37.7219368525874,10.732970056784428,1.2646935419582603,113.9681214059535,37.72234308088325,10.73205628516545,1.2646935419582603,110.13920993675752,37.72268738315942,10.73111742631417,1.2646935419582603,117.35784336092769,37.72201895011257,10.738926355370655,0.948,degassing
33.343018897113915,9.623772107772613,16.94515032838855,69.87473066405833,33.34107543617357,9.618468599962661,16.94515032838855,68.17393114036766,33.33897542230116,9.613225110928386,16.94515032838855,68.73353865586971,33.353214213939935,9.656017070661045,0.193,normal
33.00979141386127,8.423753429265775,16.21293061449892,78.17117208083344,33.00868359222788,8.418463882969668,16.21293061449892,81.74019679151286,33.00790719849882,8.413115632641986,16.21293061449892,86.22133934312917,33.01422207199486,8.455849464991868,0.197,normal
33.35025127912363,11.635048802859693,12.125478028151317,138.66983343208761,33.35328635310404,11.632379592597541,12.125478028151317,138.29297607089353,33.35630380509098,11.629690477316142,12.125478028151317,139.88274084193435,33.33221150684053,11.651229714262533,0.053,normal
36.95102184112934,9.010857305412546,17.358468557633326,190.50613173693912,36.956710994717,9.011912357479218,17.358468557633326,185.88766601692208,36.96246662847812,9.012505892158268,17.358468557633326,189.82132788635502,36.91694184511172,9.004631239305516,0.195,normal
37.947683027894115,11.880199569364555,17.608572664546692,139.36394497313373,37.95213718466222,11.876377030669904,17.608572664546692,134.85197920477586,37.956276828902084,11.872215941851538,17.608572664546692,131.25558082356292,37.92072342375044,11.902839030223705,0.015,normal
37.43048475629362,7.91663313964293,18.842803775611088,358.25342557130625,37.42420673973056,7.916824574700374,18.842803775611088,354.0283891283672,37.41795988821921,7.9174780160079985,18.842803775611088,349.38380846502105,37.46792656264909,7.920761030711815,0.16,normal
36.792470651657545,11.11817750644248,17.566442615570885,203.90826863405417,36.797823705790655,11.120550577804385,17.566442615570885,204.16937408834158,36.803165889934355,11.12294801911034,17.566442615570885,200.99503260991182,36.760040508285904,11.104724775790292,0.016,normal
35.158086803755204,8.896204585957307,9.800755912571852,245.8482108163854,35.15942348114653,8.899185533950096,9.800755912571852,243.54198553865544,35.16087903027723,8.902110279086399,9.800755912571852,241.73092938970834,35.14973825640986,8.878482170989926,0.173,normal
37.194634333620584,8.719970299391873,18.493353795987446,152.81065564630214,37.20011762144916,8.717153561208871,18.493353795987446,150.01146625027278,37.205456809565185,8.714072404013223,18.493353795987446,147.61425177664478,37.16219275861399,8.737720296659791,0.153,normal
35.25955579916779,11.73261847660852,8.160761914211353,72.5971026514801,35.25874220100218,11.730022741704135,8.160761914211353,72.662989987782,35.257931588341684,11.72742607291825,8.160761914211353,72.58610387387407,35.263273594450034,11.748508687956097,0.031,normal
34.90680656394386,8.69485768383528,12.106888875380243,241.76710738806855,34.9087156452923,8.698413202767345,12.106888875380243,242.1640734276839,34.91060004708708,8.701981863068776,12.106888875380243,240.95446543653478,34.891891355090706,8.675830075385328,0.114,normal
37.08838003898914,8.184253332269074,12.233979504674183,264.70451309477386,37.088756405768976,8.188313920444095,12.233979504674183,260.00919933077523,37.08946389703236,8.192330073378473,12.233979504674183,257.9588796331125,37.08339008930077,8.160335151005347,0.193,normal
34.24140842077792,8.961111429933078,13.152275756804752,42.551485845073344,34.2381787919789,8.958146677030351,13.152275756804752,43.11516838011954,34.2349784865871,8.955150294652734,13.152275756804752,42.07158823205412,34.26266722994882,8.976551917118266,0.183,normal
36.85538265689583,11.215794189844386,9.901415859354628,207.30367706603303,36.85831541599479,11.217308138053804,9.901415859354628,207.13236237013265,36.861252688690854,11.218813310543005,9.901415859354628,206.11946107294125,36.838314285696235,11.205832007908741,0.087,normal
34.880616870174904,11.471349220580837,1.1694427261035691,75.07699476338864,34.88035934938594,11.47038294782263,1.1694427261035691,87.66836638313298,34.880318665933565,11.469383775736999,1.1694427261035691,77.29520024916788,34.88116059346296,11.477090100994186,0.792,degassing
37.201306865636084,10.411991371030645,2.646841680297727,305.42225708262873,37.20072726786342,10.412806273737676,2.646841680297727,327.31070372943196,37.19988565617099,10.41334635684162,2.646841680297727,306.2787674379276,37.20699080573495,10.410582672168575,0.703,degassing
36.184506913551886,9.673871731352026,9.529337580917822,176.82782666952377,36.187678492325546,9.673695957673942,9.529337580917822,174.8825984073373,36.190842276939144,9.673412628850484,9.529337580917822,175.82742282114774,36.165515650018136,9.674309352752918,0.144,normal
36.9942745769043,11.876114853388405,16.145238935836055,326.79607152159866,36.98977152570714,11.879062008505096,16.145238935836055,322.3538442093658,36.985510270433046,11.882349088798474,16.145238935836055,324.936576118765,37.02076509115218,11.857689630505758,0.176,normal
35.12293201684933,8.058649061931721,10.673290510543673,230.4831478218046,35.1251958400806,8.061393653982378,10.673290510543673,225.63262377352376,35.127683629022464,8.063936995746216,10.673290510543673,224.52442944263117,35.109181147897225,8.04233717520271,0.083,normal
36.735782976899124,11.093547589752,12.234940282928614,25.188535521679263,36.732092461201646,11.09181186676121,12.234940282928614,28.5004282571781,36.72850838411613,11.089865836992896,12.234940282928614,33.30163739479337,36.75691492039354,11.105820923405515,0.115,normal
35.82471971253408,9.435203630326141,12.87895081051174,306.3805981439574,35.822173345217735,9.43865988866576,12.87895081051174,308.3695379250235,35.81950855707819,9.442025689074468,12.87895081051174,306.9203258424167,35.840837612673404,9.415136189131934,0.08,normal
32.87331530385554,10.680139660359956,13.194415281075951,27.313745962256146,32.86940752632226,10.678121518547872,13.194415281075951,29.637351309972264,32.86558478428411,10.675946601323464,13.194415281075951,26.52310340204459,32.896861784952975,10.692031129174037,0.173,normal
36.1308425216624,8.286875313180719,2.9286962544807214,157.55054385283512,36.13176673842212,8.286493444903622,2.9286962544807214,131.3717053625018,36.132427679776036,8.285743007346799,2.9286962544807214,155.52146403037617,36.12864872279001,8.29101164762519,0.996,degassing
32.60549120753693,8.317505232709118,13.707837337261854,104.78102261271411,32.60665694722241,8.313087160437991,13.707837337261854,104.39368597307823,32.60779279300484,8.30866130843349,13.707837337261854,103.0582756038864,32.600752576602105,8.344468256228375,0.019,normal
36.242605688951926,9.156084699242378,14.411857026147793,135.92460731281625,36.24605696894745,9.152743049276094,14.411857026147793,131.36438558366,36.24923163912412,9.149137577410436,14.411857026147793,128.32466741857837,36.22229523256787,9.17649314938649,0.119,normal
36.885393999013324,11.359245939121392,10.790842638375617,45.60144380267297,36.882877411438066,11.35667595495303,10.790842638375617,45.73830271517857,36.88036696979975,11.354099966903716,10.790842638375617,50.3823694854505,36.89868753430852,11.376148652345544,0.062,normal
37.58714605514754,11.882036337674888,3.560701635826837,234.76159947819838,37.58772303499742,11.88285309605583,3.560701635826837,206.09587880293827,37.588621094215,11.88329297063081,3.560701635826837,190.7353568324204,37.58215904124511,11.878992871144014,0.774,degassing
34.58368952297017,10.85526349686066,3.482259461734572,104.37342487271832,34.583937763578994,10.854294798455516,3.482259461734572,91.80277467385108,34.58396922274133,10.853295293417457,3.482259461734572,61.99411599266899,34.58047844609077,10.859872099811957,0.794,degassing
34.306288705173046,11.12756576519434,13.040322923271038,241.63935469124397,34.30835350944239,11.131390818162846,13.040322923271038,243.57863530625724,34.31028768988994,11.13528355407463,13.040322923271038,239.80599075088625,34.296142132859636,11.103572192300401,0.151,normal
37.08612177598152,10.789178227126415,13.827106222306908,212.08689853373474,37.090026750860666,10.791626569132797,13.827106222306908,216.1052665441106,37.093750555212225,10.794342538303884,13.827106222306908,216.09690054366183,37.06308691695614,10.773940936986568,0.142,normal
32.522878761022326,11.187560738099437,13.045568996455998,134.32566970623446,32.52591722998235,11.184449892772157,13.045568996455998,133.04856464041302,32.52888561014091,11.181272099275796,13.045568996455998,128.11845299744755,32.50318767207064,11.204625859725855,0.143,normal
31.99569898926811,10.366592705916926,16.07875478286426,198.31487692787184,32.000787078617144,10.368276896337465,16.07875478286426,201.7714990193832,32.00576436672999,10.37026479815548,16.07875478286426,203.86766768292753,31.96410682619583,10.360838762178224,0.08,normal
37.288540047421165,10.911313129155278,19.8637475880706,208.83029520308057,37.29434060489491,10.914506007779597,19.8637475880706,210.36350071398428,37.3000536561011,10.917852944712278,19.8637475880706,208.94806837591764,37.25334650650867,10.892903288544192,0.084,normal
37.20123733056525,9.02033191959562,9.211715020299055,170.159882623127,37.20426272946088,9.019807160675725,9.211715020299055,174.70554447853448,37.2073202009461,9.019523826034826,9.211715020299055,176.1623102769313,37.18289595363678,9.021922480708588,0.118,normal
36.29935648457578,8.102573981112428,19.535898209759694,189.54087245603725,36.305778374607065,8.103653346908569,19.535898209759694,192.4015917016926,36.312138392495804,8.105051872757699,19.535898209759694,189.81737430300387,36.26122138095872,8.094150949970262,0.168,normal
33.71032952697911,9.67647971242822,18.22536701889304,49.800210872909645,33.7064083096389,9.671839543679956,18.22536701889304,53.415253741617995,33.702787469161,9.666961365159741,18.22536701889304,51.767390200255036,33.73557039571001,9.70261436705347,0.133,normal
35.31061690685455,8.428942386002598,12.81753909269846,304.35878423877995,35.308205614527736,8.432469429653288,12.81753909269846,304.57568053916253,35.30578098769398,8.43598731997509,12.81753909269846,304.37139660805605,35.321965814602734,8.406004139576535,0.016,normal
32.96290713147358,8.875550642746282,19.830989720025073,339.69539125627153,32.956707560692685,8.877844500546528,19.830989720025073,341.91559430527883,32.950423779405455,8.879896464047496,19.830989720025073,337.17901183877564,33.00091721928766,8.864488006813966,0.02,normal
34.27594161877885,8.16756916858283,17.335869192538233,49.40760849565945,34.27218162254682,8.163181126553297,17.335869192538233,52.74827261959733,34.26868371807167,8.158581436476714,17.335869192538233,57.191404677072065,34.300287192137716,8.19223874776497,0.016,normal
35.38086449103828,7.714587861369751,19.076332823924666,98.25102370906474,35.381777041146904,7.708294904595155,19.076332823924666,94.63045046356613,35.38229037675468,7.7019568813054,19.076332823924666,97.97043273683164,35.37874516507479,7.752526462847022,0.111,normal
34.913052805022076,10.265152314761352,1.8356608323663535,123.50384725465577,34.91360479799929,10.264318466002221,1.8356608323663535,152.26104184901794,34.914489875351975,10.263853022042369,1.8356608323663535,185.6292333735325,34.90983296108584,10.269756897912092,0.867,degassing
35.26330899906612,9.257244627807001,10.931796419767112,257.944450692563,35.26407007045944,9.260808195089181,10.931796419767112,259.94241653750777,35.264706438905804,9.2643961299605,10.931796419767112,260.32218052242564,35.260187537805585,9.235692179803726,0.184,normal
35.622813114896786,8.61880507823276,0.5224039095738656,188.9226166013823,35.62380101361612,8.618960178588505,0.5224039095738656,154.46826685556547,35.624703360324396,8.61852916766283,0.5224039095738656,173.37272427317274,35.622193533656635,8.613891453667888,0.814,degassing
35.593940524415395,11.484943826589175,12.910483440178535,262.6485994046301,35.59449117544971,11.489211946570888,12.910483440178535,264.75393909095004,35.59488465753509,11.493497414641984,12.910483440178535,261.98331253024577,35.5899277153658,11.459492616826703,0.062,normal
34.050506226485226,7.883679363756267,1.0480033092351255,266.8626196383156,34.05056095674235,7.884677864932508,1.0480033092351255,259.88290937618603,34.050736617125786,7.885662315758955,1.0480033092351255,264.2881671532366,34.04565344152114,7.8842009114874045,0.789,degassing
34.75499647566841,8.458761713465764,0.8659826250327107,53.71606847678981,34.754404688533725,8.457955619186402,0.8659826250327107,20.882074213542857,34.753470372494654,8.45759917348348,0.8659826250327107,32.587078331671,34.759054182725535,8.462858439856793,0.767,degassing
37.622931921665305,8.692286906773804,2.532185577951588,218.57167145423094,37.62371375050473,8.692910399889922,2.532185577951588,258.2748745337713,37.62391696719143,8.69388953367968,2.532185577951588,256.2538494424942,37.61870585143746,8.688914289741613,0.721,degassing
32.09976437653849,8.252924920570265,2.0782209763458006,228.86905064608976,32.100422158739285,8.253678128759491,2.0782209763458006,217.19674902195783,32.10121872296114,8.254282682678056,2.0782209763458006,251.96733866995243,32.09449498900554,8.250577252103174,0.822,degassing
33.92439368059638,9.290616052088286,11.463445039509384,139.38735489616542,33.92729442001379,9.288128707014055,11.463445039509384,134.8815225875561,33.9299907869796,9.285421165717668,11.463445039509384,135.47339929622808,33.906410269173605,9.304811845687277,0.002,normal
34.45073019461651,7.978013289256865,19.05623810518088,357.5422457457883,34.444383958451105,7.978285683888327,19.05623810518088,355.0073101170302,34.43805598007999,7.978838496729187,19.05623810518088,355.32195700153653,34.488808635806265,7.97879187216691,0.007,normal
32.64949061030664,11.486024539503534,14.884812984182025,170.08328440412305,32.654378083925934,11.485170069416894,14.884812984182025,165.15627952764999,32.65917411051288,11.483898988583285,14.884812984182025,161.83480570177278,32.620674434712136,11.493422899213158,0.045,normal
35.96027156759886,8.858085671632137,12.8858852074975,208.11102813155998,35.96406017329929,8.860109535900783,12.8858852074975,203.709796264354,35.96799291907477,8.861836692638496,12.8858852074975,205.28536462935972,35.938381749795255,8.844591638054032,0.062,normal
35.4990146589547,8.29764711306726,19.75936073195788,217.66305692092203,35.504228611975144,8.301671546521401,19.75936073195788,221.5463753036289,35.50915803996099,8.306039854026436,19.75936073195788,222.68720703357496,35.46963488961773,8.27125324233951,0.055,normal
36.34237017157652,11.696883524632225,16.95497928367144,69.93946057443846,36.340431579694126,11.691574747035625,16.95497928367144,69.67893922392686,36.338468869160245,11.686274838978232,16.95497928367144,71.18897939940967,36.34951814656959,11.729987502110493,0.198,normal
33.641185854507576,8.406295403917374,3.1778715080441358,104.38474810606992,33.6414342865532,8.405326754590368,3.1778715080441358,69.40670107289222,33.64108255438478,8.404390653911115,3.1778715080441358,78.16534706021312,33.64104372469431,8.412048898498016,0.741,degassing
36.16956215390989,10.131980080346755,19.213553328237637,214.81027247839518,36.17482056320632,10.135636168367482,19.213553328237637,216.78767591047801,36.17994968659317,10.139471522487584,19.213553328237637,219.15794108192057,36.137010961437774,10.11161433360728,0.175,normal
33.40640187546487,10.48039884478996,18.07913574417133,166.50881909946818,33.41226196119949,10.478992916630643,18.07913574417133,167.55762187777682,33.41814679934106,10.477694487251048,18.07913574417133,167.14755756901693,33.37087541568028,10.487010104273695,0.011,normal
32.48772739641368,11.798279491401255,16.00666810012322,291.4431438070971,32.48577683575202,11.803245724510006,16.00666810012322,293.1761143261531,32.48367698124042,11.808150698436073,16.00666810012322,297.3444724123534,32.49404921357035,11.766965589206803,0.018,normal
32.265464047685235,10.828250996371098,15.861782768110768,186.4469757559049,32.27071787299472,10.82884466941425,15.861782768110768,184.7868815713637,32.275986691908976,10.829285889669393,15.861782768110768,181.2499372339543,32.233962271706524,10.824991162808578,0.186,normal
33.592621837322916,8.693067934096188,16.115228374806165,50.33518015959635,33.58919307926221,8.688932811512727,16.115228374806165,49.05420979143366,33.58567273622815,8.68487537321478,16.115228374806165,49.39217111136544,33.612400093282616,8.718503004918142,0.109,normal
32.12887622170929,8.460433496223073,3.0453226189626195,2.6403985596476893,32.12787728337271,8.46038742888424,3.0453226189626195,4.185018129183856,32.12687994977904,8.460314451470367,3.0453226189626195,21.19085919270462,32.13369159193199,8.458073169423525,0.827,degassing
37.49551565637557,10.248626812865854,18.171400379756818,15.73548124400034,37.489685520118314,10.246984139138931,18.171400379756818,18.297299147270024,37.48393463364342,10.245082516015346,18.171400379756818,23.147793797529555,37.53128516576543,10.25472185397115,0.127,normal
34.71430297735417,7.968191723471938,15.23003550533054,137.66081555061697,34.718055509104026,7.964772488166088,15.23003550533054,134.20367093074844,34.721595025370334,7.9611331902652624,15.23003550533054,136.60330366741545,34.6922224262293,7.989100606844188,0.192,normal
36.48261218037581,9.428772662722238,2.3974500076660656,314.3066894915785,36.481913681535396,9.429488273908529,2.3974500076660656,283.6031907012269,36.48167848529586,9.43046022181295,2.3974500076660656,253.83453601382536,36.481784985707584,9.423554141467626,0.8,degassing
35.558309625645215,10.453069245295717,17.251081106690318,252.68415213121023,35.560021156851086,10.458558990763725,17.251081106690318,256.0151575718627,35.561410818815865,10.464138908683895,17.251081106690318,254.02915324248096,35.546675323295766,10.420637096263262,0.047,normal
34.48672345302035,11.48415958688345,12.743237530426315,337.9076952637342,34.48278758027741,11.485757163329854,12.743237530426315,339.66768642460977,34.47880449821899,11.487233104408169,12.743237530426315,343.21014437843075,34.5094520452821,11.472666176743676,0.194,normal
33.17599083790573,11.23612691267242,3.484502230033588,329.74282681503945,33.175127065477625,11.236630794794005,3.484502230033588,324.5968240684154,33.174311969792974,11.237210121148369,3.484502230033588,336.89628718109867,33.17887469405197,11.231950387741279,0.766,degassing
32.903316594922316,9.093757271046771,13.556197213784923,338.81570202992526,32.89910322548403,9.095390201088401,13.556197213784923,340.1680233158232,32.89485249198887,9.096923239671565,13.556197213784923,344.1339225776321,32.9285510471703,9.083881539085985,0.14,normal
32.99100842771981,8.629608957938977,9.671784625465543,237.16224335931838,32.99275664150143,8.632317732877441,9.671784625465543,233.77663867492865,32.99466177236344,8.634918538424207,9.671784625465543,229.16115279000047,32.97956593695746,8.614026898429682,0.152,normal
34.08559037675815,8.328423005885874,8.0790019688654,175.0225415513707,34.08827322186708,8.328189350891776,8.0790019688654,174.51840969071762,34.09095390727828,8.327932099534314,8.0790019688654,171.06887163695873,34.06962893362653,8.330884441360135,0.065,normal
36.380354807678614,8.986718063715463,16.213174764160026,123.1409005635973,36.38330938762436,8.982192811702452,16.213174764160026,119.29088210100166,36.385953451981464,8.977479387033222,16.213174764160026,114.72093152312925,36.36786414914562,9.016574942520517,0.084,normal
32.81070741735661,8.582848620231502,3.110377816779003,8.677660714171566,32.809718864569234,8.582697744830666,3.110377816779003,336.324492470763,32.808803030237236,8.583099301148422,3.110377816779003,16.098847342638415,32.81424933213984,8.587308929983198,0.742,degassing
32.182171234401004,10.225072778258564,2.983124761934455,317.07142985981943,32.18143903102998,10.225753864320279,2.983124761934455,285.0832693780329,32.18117880845473,10.226719412978468,2.983124761934455,291.32111966247,32.18573519072066,10.220374919373926,0.983,degassing
34.60721296095055,8.689446490246224,8.367531629124962,167.86205899430007,34.60993978391123,8.688860021109575,8.367531629124962,165.51825107860597,34.612640341563136,8.68816252711255,8.367531629124962,167.61675241899678,34.59118242804696,8.694150253691152,0.026,normal
34.166959241923344,8.933501151823556,15.318074074178073,15.532557162438323,34.16203969719422,8.932133830424894,15.318074074178073,10.75030829997217,34.15702328633014,8.93118140709893,15.318074074178073,9.597569775509463,34.196070085598905,8.942966303685072,0.159,normal
32.26922409925156,9.758058357481193,19.80927307510636,197.55826935551246,32.275519556506076,9.76005034870644,19.80927307510636,200.208152882833,32.28171618686214,9.762331265915638,19.80927307510636,198.84854267514413,32.23459625707811,9.739071283406062,0.073,normal
32.52231947913571,11.613075970385282,3.3597497279657675,306.6647340892132,32.521722347599834,11.613878113719643,3.3597497279657675,279.8788149107411,32.521550782755035,11.614863286549166,3.3597497279657675,265.0129620568457,32.52411503136524,11.608402234459495,0.776,degassing
36.81613121946332,9.899344564585066,0.5244757382083334,332.46226760033073,36.815244512909146,9.899806897243202,0.5244757382083334,305.5206644502201,36.81466351637011,9.900620803270721,0.5244757382083334,307.8496366004667,36.82169775520547,9.899788706073828,0.908,degassing
36.38942006513887,10.194228663733426,11.911819792072674,68.17617391851583,36.38794397661802,10.190542625286856,11.911819792072674,68.74662722546086,36.386504659912816,10.186842073412727,11.911819792072674,68.11131842282897,36.39729085025299,10.216692673495922,0.152,normal
37.829769977464636,9.506870924850995,17.204651552556342,86.63754908792286,37.829433614143966,9.501145913715698,17.204651552556342,87.74700290012252,37.82920816390463,9.495415463037753,17.204651552556342,91.8693714446623,37.825769479614614,9.540861013313787,0.193,normal
36.65457017673995,8.39208429805268,15.141352335529229,249.3325798923316,36.6563515208487,8.39680660762233,15.141352335529229,249.1924010781173,36.65814441313146,8.40152454485886,15.141352335529229,254.11477706145885,36.64247557779904,8.3643296535385,0.184,normal
37.41546957643659,10.815374185694008,16.7662714872153,272.2374959060303,37.41525138160197,10.820958681878489,16.7662714872153,272.4458521689737,37.41501288021878,10.826542347673515,16.7662714872153,269.89483859206,37.41871669142821,10.78202645767525,0.042,normal
36.479608555405584,11.452640296044686,18.590177729314213,240.12277900502454,36.48269541134662,11.458013445251634,18.590177729314213,238.6956946512173,36.48591512674685,11.463308050500597,18.590177729314213,240.04074344135327,36.464994676964245,11.41847015095178,0.049,normal
37.39006934700777,7.539377868252634,10.846543088237176,8.297019854797536,37.386491675163015,7.538856132420541,10.846543088237176,3.494840547178839,37.38288288460212,7.538635735517701,10.846543088237176,2.3400752405874155,37.4110404908275,7.54487348661686,0.022,normal
34.71225726275885,10.114187921731222,3.103360690110559,314.3571545283495,34.71155813389269,10.114902917415474,3.103360690110559,280.2570020695865,34.711380070089746,10.11588693635944,3.103360690110559,269.0370405627519,34.71595593297232,10.110403404788357,0.874,degassing
33.25403805972183,10.2528058202605,2.6933612989552795,105.18196932177125,33.254299945201915,10.251840721304267,2.6933612989552795,140.84675514674888,33.25507540518821,10.25120932459089,2.6933612989552795,135.4314128511188,33.24932669059255,10.256420427526516,0.9,degassing
32.42946205589501,9.64730862079832,3.383339425647877,163.95311127217008,32.43042309169776,9.647032196874191,3.383339425647877,164.84865446538623,32.431388330490236,9.646770827263287,3.383339425647877,150.67341464076742,32.424264661109746,9.644834883212884,0.891,degassing
35.959609809434895,10.388021233591285,14.094332802409067,355.4449814889458,35.954926537327,10.388394340429693,14.094332802409067,358.95885923907827,35.9502292020235,10.38847970667571,14.094332802409067,358.1201770974224,35.98748971513868,10.383981922936698,0.153,normal
33.3638624765147,10.937912589713862,19.15635968637718,344.0372273513415,33.35772324262311,10.939668670623572,19.15635968637718,347.0815529743604,33.35149940990396,10.941096227705126,19.15635968637718,348.15567342772846,33.40012854140205,10.925636770103923,0.026,normal
34.925526653083075,8.802260858403777,11.956870724519776,276.5292352925954,34.92507344714424,8.806220631081258,11.956870724519776,277.95988629318725,34.92452151893168,8.81016785422272,11.956870724519776,280.5296297841245,34.92910825515871,8.77864201542759,0.062,normal
36.756326244460894,10.033666465466895,3.2971839671633973,233.53839102563018,36.75692052849003,10.03447072070792,3.2971839671633973,229.4574055011436,36.75757054165547,10.035230643654508,3.2971839671633973,256.6480102428519,36.75125581871205,10.030676608265471,0.822,degassing
33.0161176671881,8.172847101527744,2.771875946439754,4.489906762417789,33.01512073604846,8.172768818050416,2.771875946439754,15.315687162334385,33.01415625091265,8.172504680921628,2.771875946439754,4.7300536302783485,33.0205689300395,8.170016652709483,0.738,degassing
36.22031848038322,9.428762946578827,13.847462842001944,181.42563306867302,36.2249328725458,9.428877785543394,13.847462842001944,183.30949866927892,36.229540995502774,9.4291442547372,13.847462842001944,180.2893979511261,36.19265555798794,9.428277005624649,0.104,normal
36.93701519234539,9.312019724840317,15.928273408089655,139.9469284086445,36.94107928449412,9.308603126648764,15.928273408089655,135.34801987816417,36.9448563492922,9.304871669867964,15.928273408089655,138.92684987087273,36.911880845100946,9.331566983053397,0.155,normal
35.87610031645828,11.625841306774275,16.655625379127418,11.622959712444006,35.87066228478271,11.624722768033584,16.655625379127418,14.896525180734987,35.86529699889723,11.62329552426116,16.655625379127418,13.114372817984938,35.90927741960944,11.62776900865752,0.015,normal
36.12246378508756,10.88391463217297,15.057994371774052,301.5921824311911,36.11983430947556,10.888190090778044,15.057994371774052,299.18585630143656,36.11738666180395,10.892572180365613,15.057994371774052,295.7950606330307,36.13901956684066,10.858800874562355,0.008,normal
35.339535850091416,11.47958927963941,15.828413200077506,180.70912414074544,35.34481158373314,11.479654578360378,15.828413200077506,181.16882416044749,35.35008662366413,11.479762203207974,15.828413200077506,183.3715414362286,35.30798465872753,11.482013104431019,0.039,normal
35.96109369388691,11.229378824592484,8.309505280254994,268.99831480193075,35.96114211562939,11.232148236403606,8.309505280254994,269.78443033086893,35.96115253683373,11.23491805189263,8.309505280254994,264.8161409579918,35.9593484681725,11.212872894781134,0.169,normal
36.14021236878605,7.596690204429179,17.963778670204388,149.05658455878495,36.145348066568,7.593611264879692,17.963778670204388,147.78031274936572,36.15041391212792,7.590418700202208,17.963778670204388,151.2239977970835,36.10771097543893,7.611968266437552,0.088,normal
36.193440006431615,8.729296346131857,2.138359517630329,95.49056357230307,36.19353568824433,8.728300934161508,2.138359517630329,100.77245713175263,36.19372259733831,8.727318556947507,2.138359517630329,136.54383720219613,36.19400288626154,8.735012334794154,0.939,degassing
34.40053782411238,10.721945464378763,17.070673380284475,246.63989645752417,34.40279404783957,10.727169266528453,17.070673380284475,251.6267983858894,34.4045876361449,10.732569423507398,17.070673380284475,252.2513299658871,34.3861025742271,10.691030290756142,0.138,normal
34.40567496101685,8.874517198915246,3.544808026554433,179.3769253852139,34.40667490188785,8.87450632442607,3.544808026554433,207.8293065989909,34.40755924419216,8.874973163465581,3.544808026554433,196.95111318233347,34.40193615333387,8.878218630288025,0.781,degassing
36.7481907091785,7.880545371956439,3.9198644098551347,164.4371897843939,36.74915404609399,7.880277077366019,3.9198644098551347,202.8595463170275,36.75007550601087,7.8806655508163015,3.9198644098551347,221.92424718505922,36.74340205052942,7.883189953196,0.844,degassing
36.35081367538582,7.738757116988108,8.698581899849884,294.71077576632104,36.34960156298985,7.741391133332528,8.698581899849884,294.23105742546363,36.348411546556626,7.744035205845117,8.698581899849884,294.984569213784,36.35769525249727,7.722781941244425,0.185,normal
32.01180313044725,10.546265208565227,9.273623034032775,19.79766847866104,32.00889462998284,10.54521821765927,9.273623034032775,17.532540866263183,32.00594702122764,10.544286999352508,9.273623034032775,18.91133428257872,32.030084143396806,10.54925969979589,0.016,normal
33.0300086436146,11.554706549198864,3.665635017196059,202.4283945399067,33.03093300068451,11.55508807771327,3.665635017196059,190.5546161605186,33.03191608143268,11.555271250425697,3.665635017196059,192.68493488024518,33.026520762487664,11.550036210891212,0.776,degassing
34.07896388688678,9.223172840348097,2.6543553298147846,250.28914870296336,34.07930116044508,9.224114247033263,2.6543553298147846,277.02806888128356,34.07917880487352,9.225106733362695,2.6543553298147846,263.51214427946275,34.073909033489336,9.220654101207085,0.969,degassing
34.74331427498775,11.007437007980887,10.75723351851686,221.73436228973554,34.74599009769082,11.009823959284384,10.75723351851686,219.2184200294501,34.74876812189845,11.012091148108755,10.75723351851686,219.98093302652444,34.728902994410824,10.99148139405985,0.069,normal
36.84721235206012,9.559116106016576,0.6624926574512191,206.33877336095205,36.84810853844887,9.559559783778719,0.6624926574512191,188.45178579937718,36.849097678343156,9.559706760884179,0.6624926574512191,204.5898127429553,36.84168732114358,9.560276162406575,0.714,degassing
33.5189466101051,8.982999653895241,14.930705746219255,198.31019702938835,33.52367152939033,8.984563204477617,14.930705746219255,199.57134333899862,33.528360891355426,8.98623036884739,14.930705746219255,202.7447698584494,33.48967567676679,8.977376768065092,0.139,normal
35.19248415448525,9.352362556218324,14.140143150957352,156.45347634599344,35.19680508053557,9.350479590739843,14.140143150957352,158.2384060092005,35.20118256036588,9.348732126502513,14.140143150957352,153.28374951800316,35.167876922780415,9.366273811660946,0.13,normal
37.10900022828846,7.518808811694154,18.616996898311076,271.0786474247195,37.10888340764437,7.5250133776647,18.616996898311076,273.43167517416384,37.10851194749927,7.53120791584816,18.616996898311076,269.8474145004478,37.111929790032804,7.481736059692022,0.177,normal
36.747636448181524,11.380715875234566,9.690875825439592,254.62268740534665,36.74849303872779,11.383830524278261,9.690875825439592,256.80352975498914,36.74923048495507,11.386975513799898,9.690875825439592,254.21656808295387,36.74303785679698,11.361917233813514,0.144,normal
36.09503522460729,11.937661688613485,0.7821142220338932,307.5946676186938,36.094425153182534,11.938454035038161,0.7821142220338932,307.6717481450761,36.09381401635942,11.939245560011505,0.7821142220338932,311.0308518347696,36.09899557529007,11.933423083157914,0.856,degassing
35.52511088756569,9.94213713983648,13.647645562646646,159.77436375174503,35.529379591000925,9.940564393892393,13.647645562646646,162.19453943200406,35.53371089993722,9.939173307367051,13.647645562646646,163.90064523698976,35.50097546174665,9.954699974221924,0.043,normal
37.504497925184374,10.610964678247427,2.0223747390283844,28.065731758159586,37.503615516766935,10.610494194044897,2.0223747390283844,348.78202398208845,37.50263462259908,10.610688736152108,2.0223747390283844,2.152316369402115,37.506559022805256,10.61639881366973,0.788,degassing
34.52521944862998,11.054392161387348,9.425941341023615,133.58880248970382,34.527385775034624,11.052116404142396,9.425941341023615,134.49290738154164,34.52958774080659,11.049875112579821,9.425941341023615,129.68102356242787,34.51219856905966,11.067997447448139,0.05,normal
33.88991933726706,8.551309373073089,9.575836036195131,132.01336137049063,33.892055718701705,8.548937793545912,9.575836036195131,134.01827071888368,33.89427376232907,8.546642407400814,9.575836036195131,132.6616143222113,33.87780700097211,8.566109795947998,0.13,normal
34.723315401945825,11.443295820379484,18.338929152127534,150.91797029845034,34.72865768308829,11.440324539095796,18.338929152127534,149.6625369568505,34.73393358197894,11.437236923321853,18.338929152127534,153.6111385804707,34.69110154165106,11.460769896514295,0.139,normal
35.72300223297716,9.797217920725027,12.52050774380387,185.02703263508877,35.7271596820405,9.797583627002743,12.52050774380387,181.69322562142423,35.73133136230664,9.797706945910376,12.52050774380387,183.43219100544184,35.69804027784008,9.79546654698796,0.108,normal
32.25724055747693,11.651003896194494,15.361433083341321,304.48696256520907,32.25434124727639,11.655224475796913,15.361433083341321,303.4297560592271,32.25152030321569,11.65949783120288,15.361433083341321,299.20633136269583,32.27413499421575,11.625366052102171,0.016,normal
36.02947852892024,11.15985096151699,18.404572627363358,199.61761822456066,36.03525728410597,11.16191068615141,18.404572627363358,197.07126198875298,36.04112184213935,11.16371164038163,18.404572627363358,194.14456815188618,35.99474801593011,11.147725284096586,0.15,normal
32.810400517558165,11.735359042433293,17.333551675491705,245.80189865988828,32.81276881694723,11.740629214639219,17.333551675491705,246.17421439907432,32.81510282028272,11.74591466499905,17.333551675491705,249.7339629645407,32.79211919649885,11.705986998827607,0.149,normal
35.997295512554466,8.539473685316828,15.652721282836378,84.60902855700547,35.99680531402054,8.5342791900239,15.652721282836378,82.04157144890802,35.996082917105625,8.52911186783071,15.652721282836378,78.34071117548778,35.99773815266862,8.570759717667158,0.129,normal
32.33390963851314,8.99001725389456,1.7475850281865601,141.78476425699677,32.33469533093516,8.989398636550813,1.7475850281865601,106.46330023947019,32.33497873206725,8.988439635091831,1.7475850281865601,128.9973791588239,32.32863657202477,8.99252730060187,0.749,degassing
36.57304606106616,11.87928509540736,12.053013827534356,125.74320250172237,36.57539299731132,11.876024179471322,12.053013827534356,123.47874986624434,36.577609255963196,11.872673078149559,12.053013827534356,123.2666742599853,36.558536271220476,11.89852061121964,0.107,normal
34.15591150915144,10.125026878215014,3.5247941054345073,211.74753569773603,34.156761884008205,10.12555305556437,3.5247941054345073,233.11980179501734,34.15736202782144,10.12635294768424,3.5247941054345073,221.5259244435934,34.15232411973225,10.120675853844402,0.829,degassing
33.237151622670886,10.69625329292833,8.84663730545426,225.25083158692408,33.23922764658318,10.698347573872407,8.84663730545426,224.22795498672605,33.24134072597492,10.700404460704814,8.84663730545426,226.3937201869563,33.22417327197682,10.684237438793613,0.168,normal
33.6733494141236,8.232294929945526,13.858276404075063,92.87347678698627,33.67358098874067,8.227681312617294,13.858276404075063,94.64316728522441,33.673954930705335,8.223077047305466,13.858276404075063,94.09158161133789,33.674751501701614,8.259958857449197,0.018,normal
32.86147985569457,8.509930111945286,2.4240332520450663,127.51117461471983,32.86208877184273,8.50913687734915,2.4240332520450663,123.66202063407091,32.86264306467506,8.50830455562288,2.4240332520450663,92.37461878646081,32.85622389876247,8.512225304476374,0.706,degassing
34.69970579099817,8.23682337158881,8.850533127604526,274.17972090187465,34.69949076668804,8.239765702817941,8.850533127604526,273.0981915355384,34.69933131756165,8.242711568478823,8.850533127604526,274.2884754773278,34.70200888005332,8.219287433547688,0.074,normal
33.94465673407006,10.415492400602096,1.8535294232443946,258.8221539492351,33.944850589111276,10.416473430786644,1.8535294232443946,263.37331838871484,33.94496598884507,10.417466749920376,1.8535294232443946,252.85001757231072,33.945444184949054,10.410726066130481,0.956,degassing
32.86342316232026,11.699091914302425,3.629770259116386,12.825638478532625,32.862448112201186,11.698869929471199,3.629770259116386,12.775745120763645,32.86147286914669,11.69864879380096,3.629770259116386,1.1567268184917339,32.86846870078235,11.698059472099375,0.913,degassing
32.36401054535358,8.404763741108129,15.977732819513045,284.0397428217088,32.36271850664808,8.40993055476091,15.977732819513045,282.8101311953141,32.36153764076022,8.415123904652258,15.977732819513045,283.95295826171815,32.369665057855634,8.37332767821343,0.145,normal
33.01930173782752,11.956041218859239,11.428770602608346,312.198520151532,33.016742830545006,11.958863446882996,11.428770602608346,315.19576996351896,33.0140398550093,11.961548014027237,11.428770602608346,318.4670448592802,33.03491548045857,11.939373299390226,0.072,normal
32.9867972943279,9.654215294901533,2.4886408315148736,138.6755872094101,32.987548277177346,9.653554973192184,2.4886408315148736,113.29163168398034,32.98794368853231,9.652636469049371,2.4886408315148736,130.70658186101033,32.98432376261897,9.65921883751281,0.986,degassing
33.22610528605037,8.85997666223088,3.920879500480607,317.2609798720256,33.225370833472496,8.860655322242115,3.920879500480607,327.9097987982458,33.22452362068303,8.861186575937976,3.920879500480607,327.7226380022875,33.22822816216376,8.85492327680697,0.946,degassing
32.70374564528913,7.624304750001467,9.035748769299788,54.38477437921104,32.70199168892584,7.621856224606169,9.035748769299788,58.548944331936504,32.70042016133539,7.619286800435615,9.035748769299788,61.510781347796225,32.71616257927065,7.637393993229312,0.014,normal
34.47772010145833,11.15119474614824,9.404206588074707,62.97437444707073,34.47629571224996,11.148402313119126,9.404206588074707,59.28577821408359,34.4746946262288,11.145707300987079,9.404206588074707,57.524774364002425,34.488555801275794,11.166553014853662,0.152,normal
35.759048328253606,9.701402310898212,3.908297324480074,355.13260581109455,35.758051934509794,9.701487160808604,3.908297324480074,29.596229030057884,35.757182407072975,9.70099327616963,3.908297324480074,13.93442137942526,35.76445970228366,9.69968570187266,0.796,degassing
32.67399444815203,10.747611117431013,0.5802418900433819,328.54415909799536,32.673141405539994,10.748132958692372,0.5802418900433819,292.3293277463498,32.67276147584704,10.749057974058955,0.5802418900433819,312.40809631413197,32.67386574726304,10.742225853981697,0.804,degassing
34.138111141594514,11.370470991817708,10.713123805097483,168.22670226650237,34.14160705739038,11.369742357143402,10.713123805097483,171.1370265928334,34.14513545913643,11.369192160034311,10.713123805097483,168.57800020651385,34.11689787618882,11.373206812713006,0.063,normal
36.533196188896625,11.89506484505662,3.8393722411831592,6.547119896448184,36.532202710474955,11.894950824770378,3.8393722411831592,16.21786392232611,36.53124250382099,11.894671534273446,3.8393722411831592,10.351374743161045,36.53818176100631,11.893251655534748,0.819,degassing
37.16794367926898,8.105564634210326,10.618400486411613,266.69831061483,37.16814752942216,8.109098225944985,10.618400486411613,270.6173611040329,37.168109392461886,8.112637487309234,10.618400486411613,275.32457932686316,37.165630606256016,8.084503873617809,0.043,normal
32.17637047074794,10.899257195170877,14.41420100137438,121.27307629141463,32.17886469226016,10.895150575556162,14.41420100137438,119.31462900331037,32.18121711434971,10.890961115456742,14.41420100137438,121.46148736156802,32.16021783354921,10.923125927501165,0.17,normal
35.243849569272335,10.60300681754249,14.60491555442368,241.20660368768273,35.246194401468905,10.607273216180962,14.60491555442368,243.04295394992707,35.24840131323709,10.611612563576582,14.60491555442368,245.29947729414053,35.23306860050913,10.575977008278416,0.15,normal
35.242707608461,11.585876799324804,13.868468778918867,198.14826127047687,35.24710046307933,11.58731670213756,13.868468778918867,196.79920228532487,35.25152600020267,11.5886527833394,13.868468778918867,196.17327939373874,35.21527649702706,11.582645294914022,0.103,normal
37.652858589028256,8.705960171295061,13.893125393991822,129.9912643394039,37.65583482439529,8.702412133643797,13.893125393991822,132.71141483206839,37.658976088161005,8.699009339190846,13.893125393991822,137.32550356106813,37.637022120442374,8.728735013676818,0.155,normal
32.461417355029496,9.471554314792472,16.480803398335503,203.9182390064371,32.46643919283485,9.473781599790582,16.480803398335503,200.0019143262546,32.471601426500754,9.475660694515355,16.480803398335503,197.97143886035752,32.430181356673295,9.461132454566798,0.15,normal
33.988169182371784,9.020206151871191,12.54900610190757,225.51689067404973,33.99110020758485,9.023190544140405,12.54900610190757,223.1017057442142,33.9941543927826,9.026048770652434,12.54900610190757,225.51966202377142,33.970085129358374,9.002824815823558,0.161,normal
37.25682774474556,10.535411020771441,11.777130748105924,234.41452199776572,37.2591121817493,10.5386035978712,11.777130748105924,235.87279883027423,37.26131463102995,10.541853277567446,11.777130748105924,232.39680290471347,37.242523343241146,10.51672572281738,0.03,normal
35.12516199397302,11.102363029557104,11.20466798725626,165.58690501186044,35.128779332506845,11.101433373581903,11.20466798725626,162.0144994555111,35.132331715298655,11.100280128247663,11.20466798725626,166.02465281977956,35.103015092358014,11.105730765181354,0.168,normal
32.13142855063407,11.06291695548071,8.352519939621608,71.68543217208389,32.13055366915297,11.0602738127619,8.352519939621608,72.62155681852641,32.12972208739508,11.057616729244597,8.352519939621608,71.88568949069966,32.13634235897101,11.078868659595829,0.055,normal
33.52493440970751,8.710105548135049,19.534494978832708,314.15688974687083,33.52039833399109,8.714777124694196,19.534494978832708,312.246616208343,33.516020503314316,8.719597312348075,19.534494978832708,316.90735476475817,33.55164638673333,8.681649214412579,0.057,normal
34.571696103128275,8.989208110574106,9.014522222963416,57.55921736314236,34.570084223487626,8.986672186304189,9.014522222963416,54.133522979810756,34.56832369236943,8.984237109701578,9.014522222963416,52.16653040219991,34.58180044992638,9.004098392123403,0.178,normal
32.40363877860599,11.979081157092033,11.672395687784904,79.29203990478575,32.40291585606318,11.975258109034293,11.672395687784904,77.32086320961314,32.402061860925315,11.971462189414598,11.672395687784904,74.48930400719793,32.41125301124321,12.001080818529855,0.121,normal
36.12993326054613,10.577959065804437,9.085969160046222,16.774721700196555,36.1270334828104,10.57708496707322,9.085969160046222,12.315290819095674,36.12407451978341,10.57643898153661,9.085969160046222,11.753433896144651,36.14749948912468,10.58257327616158,0.156,normal
33.808947860418144,8.765736193203432,3.4861556627561807,252.9018333607052,33.80924187015959,8.766691995626497,3.4861556627561807,241.93384865584835,33.80971236082412,8.767574400598484,3.4861556627561807,225.4847334444647,33.811631749530115,8.761325071243693,0.86,degassing
34.13544426266896,9.326722906121216,19.922557254564317,174.610542319891,34.14205575762854,9.326099163193701,19.922557254564317,170.4275025698424,34.14860414264638,9.324994819724337,19.922557254564317,173.34631579485261,34.09615857400926,9.333221039700769,0.197,normal
37.19457271638638,11.819658008729071,2.8629752145362786,320.66231856893756,37.193799292896436,11.820291898392338,2.8629752145362786,354.8235727768109,37.19280337129382,11.820382121235559,2.8629752145362786,347.2621685023501,37.198240059623416,11.81529548360562,0.725,degassing
35.50917430320257,9.776825456977708,14.918748360050607,20.707495587848047,35.50452264850231,9.775067047672044,14.918748360050607,18.3929508380333,35.49980377460239,9.773497932044245,14.918748360050607,20.358638919680615,35.536739759989786,9.788177710725643,0.048,normal
36.012057509121135,11.865950438574613,3.4357382684909483,180.88493347476282,36.01305738984945,11.865965882963353,3.4357382684909483,216.364445410023,36.01386265173473,11.866558802263187,3.4357382684909483,219.68515010576522,36.00703666119879,11.863125537833703,0.709,degassing
36.527472841074335,9.325826734341767,2.54944576853074,221.2131449074327,36.52822510484563,9.326485596405018,2.54944576853074,228.2583658022386,36.5288908775721,9.327231750998036,2.54944576853074,214.99082820490048,36.521644355385824,9.325271051259458,0.792,degassing
36.01317163609897,8.103729968650189,3.010477133125614,79.91381877671061,36.012996506823555,8.102745423203348,3.010477133125614,40.47188529679134,36.012235782269165,8.102096348359941,3.010477133125614,65.35893229978302,36.011524462066994,8.108871373172967,0.926,degassing
36.2801169832875,10.917505502415812,19.2706455510891,266.1449367982578,36.280548856382104,10.923914516472653,19.2706455510891,263.1394522440376,36.28131616997445,10.930292071286344,19.2706455510891,267.77360768893453,36.2820634225433,10.879048969567263,0.145,normal
37.19822150758139,11.713375712625375,12.918150158013091,56.5652095145679,37.19584892754678,11.70978225592806,12.918150158013091,58.70123891649626,37.19361193180728,11.706102865065757,12.918150158013091,58.95351946482715,37.210590144404634,11.736052728744234,0.021,normal
33.62683223235947,9.647053644486688,3.50686590163433,112.74024047143422,33.62721878623156,9.646131377657634,3.50686590163433,126.03269509280037,33.627807033043176,9.645322696206984,3.50686590163433,150.52621636156672,33.62909617254011,9.652151008619759,0.986,degassing
33.0410967835253,11.665455190782598,10.672166756527611,344.6765007316614,33.03766586293954,11.666395297081968,10.672166756527611,342.0871355597962,33.034280917132,11.667489444147014,10.672166756527611,337.98193071563827,33.06217989329074,11.662201434693308,0.03,normal
36.47964594847987,9.167895607200258,16.497082462130187,45.401155579250116,36.4757848685113,9.16398007852801,16.497082462130187,44.65359676246291,36.47187303130766,9.160115258609936,16.497082462130187,42.05303347227841,36.500202380893306,9.193624099710444,0.099,normal
37.94554630980608,8.079966771555343,12.259428801877979,196.2480321226865,37.94946957002422,8.081110151432702,12.259428801877979,193.5402508883301,37.953442465473266,8.08206691160855,12.259428801877979,190.80694519964578,37.92172911671981,8.07420746847584,0.162,normal
36.945367077929255,10.791657512187188,8.638479740044977,254.8757206300326,36.946118376904465,10.794437265990592,8.638479740044977,258.44997136872934,36.94669491910215,10.79725845021924,8.638479740044977,257.60929760079057,36.93991030496172,10.775294384384532,0.107,normal
33.2626174435742,8.767106045973826,3.1811525068352493,97.85673202287096,33.26275414007941,8.766115432999218,3.1811525068352493,98.90747256835122,33.26290897931503,8.765127493319323,3.1811525068352493,110.10368316391744,33.26206366592521,8.77246573616046,0.734,degassing
35.43104930115902,9.236126958309876,3.9203521816724427,27.384633411834614,35.430161362381355,9.23566699665156,3.9203521816724427,359.8525865537501,35.42916136569113,9.23566956949872,3.9203521816724427,16.189194862584454,35.43688072598277,9.236620317761286,0.787,degassing
36.26431681948592,10.334915052258216,15.772315559064328,168.26620087490764,36.26946439339069,10.33384587374963,15.772315559064328,168.0422534445563,36.2746077489731,10.332756583548976,15.772315559064328,167.01690555395004,36.23382432414842,10.342937600738058,0.121,normal
36.06300388263451,9.832773567915632,1.2392941100974328,28.867334875260564,36.06212814272376,9.832290784725455,1.2392941100974328,55.66886672976903,36.06156416787434,9.8314649927606,1.2392941100974328,93.84028608920119,36.06603257741092,9.83702765581007,0.704,degassing
37.24631538652586,10.811123973813014,15.654757708706951,189.92720018912223,37.2514555093033,10.812023583568786,15.654757708706951,190.3497737091304,37.25658885745177,10.812961078457526,15.654757708706951,191.31704945930312,37.216530012173095,10.80163626836733,0.123,normal
32.00803760477607,9.876434949792456,1.013227306290023,6.012455079543525,32.00704310562682,9.876330205140356,1.013227306290023,37.75938536568018,32.00625251634826,9.875717858349208,1.013227306290023,64.24767928005552,32.01397254970961,9.876466243032441,0.975,degassing
33.19932942399298,10.048361760972188,16.929186846553975,115.46623633484656,33.201755823061184,10.043266985267367,16.929186846553975,113.84101118925936,33.204036749416936,10.03810544219574,16.929186846553975,114.48621360404802,33.19034587946894,10.08084080078155,0.094,normal
36.02901168124321,8.486501522271213,10.012937904976964,270.98427954444196,36.02895434691424,8.489838675756536,10.012937904976964,271.3722366252765,36.02887441777747,8.493175364525806,10.012937904976964,269.8041192753293,36.03045931273188,8.466533276925542,0.078,normal
35.484352815805266,7.6510334514198,2.4205043488583753,33.979214578901974,35.4835235754266,7.650474559306424,2.4205043488583753,15.79865707585418,35.48256135105151,7.650202301612355,2.4205043488583753,358.1988592487377,35.48877205196017,7.654775198050036,0.759,degassing
34.15324372830672,9.13161028975794,9.096388562113987,348.93595348024877,34.15026795612966,9.132192174094008,9.096388562113987,346.06703330182864,34.1473250376232,9.132922270042942,9.096388562113987,343.1174391127302,34.17054613183419,9.126155382301203,0.021,normal
36.50593681165732,11.152804177659391,13.021602788745973,263.19506746361907,36.506451119180376,11.157114134208971,13.021602788745973,265.6456514942051,36.506780672435376,11.161442139793493,13.021602788745973,262.29173551224574,36.502478227691924,11.126999601470198,0.026,normal
32.17901334148739,8.99568478994453,3.714367966769497,102.9538219248907,32.17923750716599,8.994710238894797,3.714367966769497,99.56819656318136,32.179403728585605,8.993724150440517,3.714367966769497,124.25759768759792,32.17368511610374,8.997339973139438,0.713,degassing
35.045948298742104,10.28583152942611,1.8827497814007046,144.76364445736493,35.04676507771587,10.285254578728033,1.8827497814007046,165.58415243373074,35.047733592054264,10.285005620947826,1.8827497814007046,200.9635251796041,35.04041609736102,10.287807559255295,0.962,degassing
35.173880706126276,10.185537665132738,9.34517575979215,67.60100851750666,35.1726937002724,10.182657629177964,9.34517575979215,68.7122495726232,35.17156277192617,10.179755114565834,9.34517575979215,66.8519570667279,35.18138765186395,10.202606180607713,0.06,normal
33.268671808133256,9.310302644675579,2.108445510313616,196.83200897045754,33.269628966010345,9.310592211245345,2.108445510313616,184.2661346670704,33.270626195286724,9.310666600561305,2.108445510313616,177.63902137096352,33.26344786130428,9.309135151514345,0.994,degassing
34.460557441579475,9.758239694020231,8.841558513504888,330.87254628568326,34.45798295924934,9.75967424867565,8.841558513504888,335.448494718678,34.45530223371982,9.760898837162816,8.841558513504888,334.06018966225395,34.47554706619367,9.748947136874103,0.163,normal
33.90038684461383,7.493822830004565,10.008203290652121,309.4018969677373,33.89826925526166,7.496400651460483,10.008203290652121,312.4716682136178,33.89601665705797,7.498861372788824,10.008203290652121,308.9258324144959,33.91186424519271,7.477475314039419,0.075,normal
36.49574211341022,10.449589908721407,11.542443389378679,30.984857180606976,36.49244365478994,10.44760918113429,11.542443389378679,34.08792953231991,36.48925725392485,10.445452804411394,11.542443389378679,33.303945607637786,36.51509557918079,10.462153159176678,0.115,normal
32.48304430945027,9.442234445712794,8.921634955676838,225.99958423651623,32.48511015444012,9.44437365975807,8.921634955676838,227.88769557376673,32.487104395442245,9.446579777406576,8.921634955676838,232.77301425223442,32.47147092250107,9.428676626844513,0.073,normal
37.46216381628263,7.961293267954014,9.844378915086889,146.51344560990228,37.46490060390036,7.95948275120633,9.844378915086889,150.10847382597925,37.46774553248523,7.957847404544246,9.844378915086889,153.03311670081763,37.445526418984954,7.971802392716853,0.198,normal
37.24905712676949,7.822243591533491,13.95232045917649,329.66390279084624,37.245043148726346,7.824592564562472,13.95232045917649,333.1189075785634,37.24089490627078,7.826695367109451,13.95232045917649,334.6313419579207,37.272727382022424,7.807498125321819,0.144,normal
37.48675838133646,11.965234397835339,17.9620055887638,216.71629339041417,37.49155786313717,11.96881394490123,17.9620055887638,216.81242706406908,37.496351332245084,11.972401539731166,17.9620055887638,217.51916475240182,37.455085883159036,11.948358009450713,0.129,normal
36.08628974180598,11.291815364609453,10.348004704054052,332.5604919070955,36.08322846451422,11.293404859058855,10.348004704054052,328.8123255139392,36.080277642398244,11.295191072960248,10.348004704054052,330.2405531930937,36.104449858909,11.28192753051105,0.111,normal
36.21553057155678,11.96815151829798,18.149821521654474,300.75134499920273,36.21243715675194,11.973350803343642,18.149821521654474,299.4186863873882,36.209465499395115,11.978620626176955,18.149821521654474,297.3797592058088,36.235069843989706,11.937581559204242,0.084,normal
34.44321025574855,8.742388973708664,16.26843946188302,30.411057297907274,34.43853353494351,8.739643944562294,16.26843946188302,32.859969505156734,34.433978376471146,8.736701592816768,16.26843946188302,37.72667859941494,34.47174620210031,8.757898341072472,0.047,normal
33.960087261157724,8.756376468382468,8.358045383116032,318.1625383516843,33.95801156832985,8.758234795473191,8.358045383116032,315.04698800876355,33.9560399432068,8.760203189403773,8.358045383116032,314.1407623661938,33.973786297758814,8.746832260450336,0.137,normal
37.47910871868354,9.056603589949535,13.845338844468436,232.41640267148568,37.48192356062747,9.06026090212584,13.845338844468436,236.63466232604867,37.48446176004806,9.06411535555344,13.845338844468436,231.80664219489435,37.46046756973344,9.036147374781168,0.135,normal
33.71911761925436,9.333973836662432,9.026903648209919,135.50101808241817,33.721263804422705,9.331864861332438,9.026903648209919,140.05205577427017,33.723570563838216,9.32993282905572,9.026903648209919,141.5980908706733,33.70622913349577,9.346602523421984,0.064,normal
32.80923824700058,11.017649342307596,0.9531702259974633,274.9977783551376,32.809151129885365,11.018645540384405,0.9531702259974633,308.21359013168046,32.80853253510801,11.019431250573616,0.9531702259974633,271.628399604191,32.81267090320056,11.012909991258098,0.963,degassing
35.77535405368467,11.046971458774498,15.80560294204707,140.22228941363892,35.7794030934442,11.043600593775167,15.80560294204707,143.6482762669414,35.78364633681087,11.040477720170744,15.80560294204707,144.9524987331063,35.7521403535886,11.068324225109546,0.03,normal
33.087301880707486,8.427655921980671,17.933644927391846,48.94499715040757,33.08337570827404,8.423148124408222,17.933644927391846,48.735008249311804,33.079433041178326,8.418654746491368,17.933644927391846,53.39654342291512,33.108332894046995,8.456669183456738,0.002,normal
36.395464369821255,8.533160470234078,9.051879422821207,72.77346014538988,36.394570796916526,8.530278528985146,9.051879422821207,74.05879154970764,36.39374209477746,8.527377268799802,9.051879422821207,73.90843635429,36.400787351486635,8.55045005336441,0.017,normal
37.26719858613374,8.735724194200682,16.93004344936199,95.8868306010942,37.267777389907586,8.730110607043715,16.93004344936199,98.11519331717494,37.268574026075726,8.724523770247004,16.93004344936199,95.18688947832695,37.26213442595932,8.769167948409953,0.039,normal
34.7913446336212,11.253049720152584,2.4039703274440503,232.96563803962266,34.79194692750125,11.253847994592897,2.4039703274440503,212.45964220063038,34.79279069719902,11.254384700002907,2.4039703274440503,228.16069114395185,34.7859142159945,11.253725776114251,0.851,degassing
37.75178815016992,11.113969784925864,9.807245689169946,205.34994843211715,37.75474245102866,11.115369428766758,9.807245689169946,206.91191206531323,37.757657502624205,11.116849080969345,9.807245689169946,202.1776712645451,37.73438557013286,11.104947714215921,0.069,normal
33.259866343731986,10.660034379871265,19.404202657924873,184.66503048412736,33.266312983941454,10.660560429179986,19.404202657924873,179.74362513192304,33.27278098674265,10.660531487354845,19.404202657924873,177.25377075462384,33.221170873756,10.657720268539714,0.111,normal
32.15194402569453,7.719304771883711,12.036913338201348,86.36313629564809,32.151689514671496,7.715300547725764,12.036913338201348,89.49625724143073,32.151654239066765,7.71128839835172,12.036913338201348,87.13409026098033,32.1516060564763,7.7433670264633285,0.099,normal
36.192502925334644,9.75869679644601,15.98151777351337,20.809562581624917,36.18752326340782,9.756804249244304,15.98151777351337,23.733490628428452,36.1826466231754,9.754660153197094,15.98151777351337,24.007110271773485,36.221395435083465,9.772317480790532,0.131,normal
37.05890484773709,10.699952796933061,11.083095084758305,341.705726686518,37.05539720753134,10.701112449100307,11.083095084758305,340.35002322690957,37.051917985720905,10.702354764903852,11.083095084758305,343.1513459401213,37.07965357652891,10.692177805390024,0.062,normal
33.2802507185728,10.175389633531385,2.1758871476232735,248.97680910019523,33.28060946436671,10.176323068829277,2.1758871476232735,259.9828411934927,33.28078340746452,10.177307824534376,2.1758871476232735,245.30082908177326,33.27480839312506,10.173242245783841,0.924,degassing
33.81348779783607,8.822815781414507,2.23717047479032,226.91801513707915,33.81417084199583,8.823546158492334,2.23717047479032,238.442427284051,33.81469419705798,8.824398273202288,2.23717047479032,235.02340192190752,33.8084310678281,8.82011008332879,0.943,degassing
34.1870849589175,10.15814533511781,11.06152372515354,181.22644273359663,34.19077128880439,10.158224254772586,11.06152372515354,184.03053747173965,34.194449344000475,10.15848341943349,11.06152372515354,179.25423110196473,34.16497523107964,10.158120238756943,0.111,normal
34.63385464164257,8.807042278186955,0.9118078643974776,113.77043102624094,34.634257714696524,8.806127110380936,0.9118078643974776,94.74603456028987,34.63434045393156,8.80513053914967,0.9118078643974776,59.40196384058371,34.63074242105821,8.81201050642847,0.823,degassing
36.57684859787432,9.309672305998214,3.884426970574876,341.8817010410774,36.5758981814141,9.309983285984936,3.884426970574876,8.917361871332389,36.574910268474305,9.309828276232349,3.884426970574876,351.5534719749099,36.58009244518995,9.313938846037278,0.851,degassing
35.222109167804426,9.660647385422575,3.168951466987087,259.29186107374517,35.22229497399913,9.661629971835065,3.168951466987087,236.0563354564474,35.22285335149019,9.662459558827175,3.168951466987087,255.14209515083598,35.218089464791966,9.657049123197547,0.97,degassing
37.79915686088488,7.658281097039992,12.22777393357787,89.99600242832439,37.7991565765044,7.654205172405386,12.22777393357787,92.4722571557601,37.79933239411907,7.650133041529023,12.22777393357787,95.65521937946988,37.798277324814514,7.6827090746738165,0.172,normal
32.59231120850964,11.85833190877789,8.349071342311934,62.08529257475696,32.59100831740485,11.855872702374722,8.349071342311934,61.511989867516284,32.589680885065036,11.853426655615651,8.349071342311934,64.16160024777227,32.60128012684028,11.872407875567937,0.082,normal
34.112270332154324,9.125513939737154,14.629818422182542,358.8497180543925,34.107394708748636,9.125611836916224,14.629818422182542,354.52920979351586,34.1025403158812,9.126076764158245,14.629818422182542,355.8064859538815,34.141489571274604,9.124866494438189,0.099,normal
34.75508566900385,9.84060607811026,12.393286845203283,170.67732025414392,34.75916219974661,9.83993686358254,12.393286845203283,171.42586696833786,34.763247125369844,9.839320962914016,12.393286845203283,168.54273698725225,34.73099386640842,9.846360776631512,0.13,normal
33.0763264530767,11.037277159255154,1.1719601392872183,302.3637451903613,33.075791160650795,11.038121826064472,1.1719601392872183,277.45084754988955,33.075661485039376,11.039113382535785,1.1719601392872183,316.41196262429946,33.07812336326325,11.032664227044807,0.755,degassing
37.8352978697534,9.75499973979176,8.895029121179745,58.09781647424346,37.83373094903237,9.752482590209993,8.895029121179745,62.227507449005316,37.83234936746622,9.749859135438316,8.895029121179745,61.190418666458925,37.84340346273799,9.770827559731687,0.168,normal
35.954130671845455,10.070068844040044,3.9343432461476078,66.93534639730166,35.95373890225148,10.069148780680683,3.9343432461476078,33.16434468476411,35.95290179735002,10.068601738283828,3.9343432461476078,30.739098647828932,35.95712014229653,10.07514935509851,0.754,degassing
33.08320449539471,8.86728847954319,8.68561816488207,242.4833830482603,33.08454209751503,8.869856170854153,8.68561816488207,241.82434272842775,33.08590914517168,8.872408306980056,8.68561816488207,242.9548035593834,33.07845743358212,8.850615663759735,0.039,normal
34.93532317202498,7.5341075963562885,1.6747498592651677,60.728714754858835,34.93483422668702,7.5332352819310415,1.6747498592651677,23.523657332611428,34.93391733133364,7.53283615424353,1.6747498592651677,55.85366319679246,34.93597097995117,7.539656443984852,0.906,degassing
36.12250178044856,9.392083383572912,3.7476405586798256,36.34742725231612,36.1216963424882,9.391490703480438,3.7476405586798256,38.40480780909829,36.12091270115545,9.390869489940984,3.7476405586798256,24.520786404742385,36.12075733802509,9.39675694304977,0.998,degassing
33.633933705153616,9.742117963324578,10.409174723957243,65.43296322890684,33.63249114056814,9.73896233369583,10.409174723957243,63.854434092703826,33.630962195150886,9.735847639995297,10.409174723957243,60.457862926427296,33.640774098901105,9.761774266643435,0.052,normal
33.60103364857176,9.497962386742122,12.242998675283129,29.607536976096604,33.597485505344515,9.495946143444586,12.242998675283129,31.856774658493613,33.5940192262891,9.493792201266661,12.242998675283129,29.474007514751364,33.62344343940747,9.50771059655802,0.001,normal
36.066019185711156,10.858990007608226,11.777846861943152,216.84591286771044,36.069160930671906,10.86134426201055,11.777846861943152,218.51825127314603,36.07223263167982,10.863789201295534,11.777846861943152,217.28081658354242,36.04628713292788,10.846144630075717,0.04,normal
37.55602286351207,10.125368390680702,15.285950880128052,63.6652284667667,37.55376250362864,10.120801879088612,15.285950880128052,65.63578983880707,37.5516605045486,10.116160343266191,15.285950880128052,64.6274336714478,37.56913454955563,10.152950042998079,0.0,normal
33.308372525840674,11.14666384823548,3.4345085814788887,222.2054057980061,33.30911326705752,11.147335638715967,3.4345085814788887,203.1578427938107,33.31003269200334,11.147728904235699,3.4345085814788887,239.48667780304845,33.302523482052194,11.147306286690947,0.828,degassing
37.97725794994611,11.801686790656948,13.182603396078973,138.00309465421225,37.98052363658562,11.798746672570681,13.182603396078973,134.43197743550598,37.98359984976125,11.795608852294311,13.182603396078973,137.24787222916808,37.9582968253547,11.81998682456864,0.057,normal
32.32265916333949,7.901169611706046,2.21231562291635,21.197309509279762,32.32172682255816,7.900808030916351,2.21231562291635,52.38330861541182,32.32111644661064,7.900015919053868,2.21231562291635,28.047786837948905,32.32622759225092,7.90567363562694,0.771,degassing
34.56192681981258,8.68901348446191,1.6250122529652358,112.52505801551453,34.56230990726231,8.688089772382387,1.6250122529652358,96.05989720070451,34.56241547534481,8.687095360304847,1.6250122529652358,106.36351475585094,34.55880561578099,8.693952333359306,0.928,degassing
34.41390954602309,9.8909150050715,17.074607742170567,115.20122711430267,34.41633299444735,9.885765201308642,17.074607742170567,111.73984145336357,34.41844109810719,9.880478474531099,17.074607742170567,115.88787705142488,34.40002201945708,9.922043750914892,0.038,normal
34.172194053134206,10.398305170785612,11.571150299306524,195.9110875278791,34.17590333299754,10.399362563034288,11.571150299306524,191.2507681990419,34.179686260871975,10.400115086900344,11.571150299306524,189.25194105927542,34.150011275126836,10.391786403249965,0.009,normal
34.42937345168012,10.385318864795584,0.6048686494331397,323.19460971231376,34.42857277666782,10.38591796372287,0.6048686494331397,0.32959982889931183,34.42757279321399,10.38591221115237,0.6048686494331397,37.06326440354747,34.43311107444021,10.380748109542806,0.952,degassing
33.272061654754204,11.693110924399933,11.416979225584857,127.52287911759632,33.274379599060026,11.690092616883142,11.416979225584857,123.7464699935855,33.276493715372915,11.686928196195813,11.416979225584857,120.06670316792042,33.257759088375344,11.710904599607366,0.078,normal
33.47159472800491,11.768207418612679,3.104720401148505,176.3622753212952,33.472592713174485,11.768143970986197,3.104720401148505,150.07190791648858,33.47345936541102,11.767645058267464,3.104720401148505,140.1379132045079,33.472322028080136,11.763449166176006,0.992,degassing
35.774558083586534,9.172886849186161,16.55895130260427,0.7343745206122207,35.76903888653568,9.172816104365321,16.55895130260427,359.48442937318447,35.76351945956659,9.172865771744911,16.55895130260427,0.25117401519527593,35.80762855426188,9.172226554650294,0.044,normal
36.936693253377946,8.245335831006294,3.4739015875394927,21.919961817337757,36.93576554712909,8.244962519988732,3.4739015875394927,61.66259791472632,36.93529088425469,8.244082352302623,3.4739015875394927,80.48362163579355,36.942417446390166,8.24433111001827,0.749,degassing
37.192357742527996,10.332713327591549,9.121015986063437,126.86915494188943,37.19418191419643,10.330281033015666,9.121015986063437,131.64923844231896,37.19620242781932,10.328009209105355,9.121015986063437,133.3856589839944,37.18321698536445,10.348475516082399,0.06,normal
36.68950729341274,7.649187649833193,3.8869625605322797,108.45060237715069,36.689823780352974,7.64823905296589,3.8869625605322797,105.9956686814261,36.690099345040686,7.64727777043568,3.8869625605322797,118.26845679041764,36.687048957799405,7.654483013648898,0.781,degassing
35.81949449961626,8.971259158832622,9.25973561776409,193.2542640911057,35.82249885848788,8.971966827434077,9.25973561776409,193.39406893526612,35.82550148166725,8.972681824721985,9.25973561776409,193.03622774480772,35.801587296476924,8.966605967952457,0.174,normal
34.7881660645602,9.38197003565597,14.311382531647387,189.0200391993081,34.792877531820785,9.382717948027498,14.311382531647387,190.63556136104899,34.7975660408609,9.383598390895493,14.311382531647387,192.2701265128847,34.75959734875915,9.380711763138804,0.078,normal
34.032759262465966,11.196427270502832,14.149985064960108,278.4540407362202,34.03206583757079,11.201092681459738,14.149985064960108,274.60628869313706,34.031687050353554,11.205794108660719,14.149985064960108,272.21177854950474,34.03823230454654,11.168693335641052,0.17,normal
34.15307219496675,11.016179549964214,17.599080214523376,217.8310197367716,34.15770558149303,11.019777592457931,17.599080214523376,219.5046071105421,34.162231909080376,11.023509420302386,17.599080214523376,220.82193414345517,34.12714544222516,10.992423575117632,0.099,normal
34.22138723156555,11.447214444706866,18.552607748631182,125.99417351247936,34.225021705847425,11.442210950100044,18.552607748631182,126.52039973884011,34.228701980192305,11.437241046445797,18.552607748631182,129.35214864802188,34.19618073423494,11.474417634082327,0.073,normal
35.28630633669408,8.895382832815546,1.9561913692687296,340.78507226398176,35.2853620460382,8.895711945497187,1.9561913692687296,313.14892220630145,35.284678149062,8.896441524091955,1.9561913692687296,279.3870825067781,35.28926437518773,8.89037743787128,0.97,degassing
36.66090091629384,9.44154376500745,3.069831451545073,63.19753167789418,36.66045000030066,9.440651198613788,3.069831451545073,40.61845529545706,36.659690938650776,9.440000179864692,3.069831451545073,56.52838807338345,36.65732619791451,9.446019002504336,0.888,degassing
34.9818657543076,11.6719607886761,8.670585990457369,291.91601152097746,34.98078699741127,11.674642115326298,8.670585990457369,291.3591677752199,34.97973435021245,11.677333799357024,8.670585990457369,292.7137975200782,34.98929714233173,11.656311064321965,0.194,normal
34.22986409673167,11.851208573305572,16.39226570462046,239.73206897412064,34.23261823939852,11.855927785321557,16.39226570462046,239.6423225544846,34.23537977071824,11.860642677542108,16.39226570462046,240.49619959114838,34.214135666046225,11.822474515214964,0.04,normal
34.211772656230664,8.985906317903453,11.852720001276616,168.39277613148644,34.215642766421226,8.985111389853259,11.852720001276616,167.60192475775497,34.21950153593566,8.98426312024605,11.852720001276616,166.34445244245865,34.18843787987941,8.989875678798219,0.105,normal
37.29817907342357,11.927040220530367,2.761804251948436,115.15521374995052,37.29860414531121,11.926135060936517,2.761804251948436,125.67090695446936,37.29918727409616,11.925322681209936,2.761804251948436,158.6312991712639,37.29511875193385,11.93164302826219,0.757,degassing
33.414122730339244,8.47292093457176,10.915925309041818,198.1871645317486,33.41757959283366,8.474056635070472,10.915925309041818,203.16277508107265,33.42092492765017,8.47548787540443,10.915925309041818,206.3133653734633,33.39325302252004,8.46654924448428,0.057,normal
35.115889466686916,10.888683772202397,2.084820214755603,142.38756715612158,35.11668162391374,10.888073455130714,2.084820214755603,160.5500370911346,35.117624556562866,10.887740471618784,2.084820214755603,140.73154105343076,35.1149342775054,10.893193235139142,0.783,degassing
34.49131339775638,8.739949823098911,13.557200340769661,16.697837287221873,34.48698488492402,8.738651385104808,13.557200340769661,14.047999244481812,34.48260097115289,8.737554450917287,13.557200340769661,11.383040358855018,34.51695117807877,8.748760135151402,0.171,normal
35.383166126101386,8.897123924958008,15.965016909388789,190.92933051705847,35.388391272759684,8.89813290389792,15.965016909388789,192.0891083956225,35.393594926689495,8.899247436033242,15.965016909388789,187.5903824704419,35.35269771976551,8.887686907421937,0.123,normal
32.92231471720046,9.189146669704407,17.10805270175122,296.7217385393376,32.91975046007233,9.194240312099845,17.10805270175122,293.6696999610187,32.91746104058228,9.199463258190928,17.10805270175122,289.28227279749626,32.93874403383313,9.15917751128524,0.028,normal
32.873649496520784,10.490024198766932,3.9117067648737485,231.7396621980708,32.874268732153716,10.490809403982725,3.9117067648737485,226.92486724600883,32.87495168896144,10.49153986274185,3.9117067648737485,245.62169311765007,32.868368341851635,10.487723883478715,0.854,degassing
33.792928431022936,11.473851484157395,11.921383186796819,180.681540493062,33.79690194428779,11.473898751826097,11.921383186796819,183.02658698444475,33.800870195803554,11.474108565567631,11.921383186796819,187.5120093626091,33.769146740251166,11.472660322253608,0.074,normal
35.017405357493736,10.027122738059695,3.6034233475771997,346.27190021391584,35.016433924644005,10.027360052657773,3.6034233475771997,15.730725255827451,35.015471378147346,10.027088936000661,3.6034233475771997,347.75235999262725,35.02311644038216,10.025889376766175,0.81,degassing
37.78418225894312,9.084733812107325,17.595633440005315,306.7112090043056,37.78067614135128,9.089435709727136,17.595633440005315,310.2019536034259,37.77689024298099,9.093915405623603,17.595633440005315,314.5874361015472,37.80652117623034,9.057586161688814,0.194,normal
37.65848684460407,7.6086866426001984,12.488794233860032,119.56135139784021,37.66054064863161,7.60506560863853,12.488794233860032,115.77011065710755,37.66235053040843,7.6013166986784215,12.488794233860032,118.53212959721367,37.649669978190126,7.631921316564152,0.085,normal
33.21948333046126,11.330624028080708,16.302070234715742,232.1223205618788,33.22281969994058,11.334913229537271,16.302070234715742,235.0502479959913,33.22593262277467,11.339367252647506,16.302070234715742,237.25875594146504,33.198123329206815,11.306061616163488,0.025,normal
33.61418144321955,9.552322678080879,17.342084363114115,309.5464374936434,33.61050085517588,9.556780222683164,17.342084363114115,306.8802150102447,33.60703160560657,9.561404153873664,17.342084363114115,306.07642701646466,33.633457966898675,9.523645369549593,0.043,normal
35.02086143460056,8.373993104868916,3.535713620646572,152.63972294173158,35.02174956882703,8.373533520713647,3.535713620646572,120.89173224887048,35.02226298625543,8.37267538171312,3.535713620646572,122.56094320045312,35.02010590580574,8.378447413441307,0.786,degassing
33.20580619784563,9.572141014574026,2.0645396585555646,94.09326292066001,33.20587757800618,9.571143565391019,2.0645396585555646,111.41978166737633,33.206242776220655,9.570212635606262,2.0645396585555646,139.019975261041,33.210896252156495,9.574666320355098,0.726,degassing
34.12656503135927,9.801039867385372,9.746549390305285,145.0195509603082,34.12922696902409,9.799177311917589,9.746549390305285,148.52163949059636,34.13199770977091,9.797480838895142,9.746549390305285,150.2040707907021,34.11217942991596,9.814130063328223,0.178,normal
36.48424133227688,11.2769795963847,13.239480335997861,240.83084882638158,36.48639226059803,11.280833099924521,13.239480335997861,245.80344512012852,36.48820107453876,11.284858540807454,13.239480335997861,246.5407856762846,36.46814805014791,11.25606243315804,0.194,normal
36.77716784050211,10.100699167033884,16.35514079800636,79.98470161281858,36.77621972687181,10.095330530175872,16.35514079800636,81.27894746142636,36.77539311614882,10.089941847973162,16.35514079800636,79.98250912020819,36.77886571574291,10.133250144774319,0.029,normal
35.166311029000596,7.656921434984323,12.751337887353074,100.69810968889786,35.16710005712277,7.652744866356592,12.751337887353074,97.85689661648405,35.167681090327065,7.648534321107432,12.751337887353074,95.3581348636163,35.16036029432978,7.681690497472797,0.061,normal
36.66599019351593,7.937381098540921,10.284336234727489,213.48690425539294,36.66884927996586,7.939272546952271,10.284336234727489,216.00877422593288,36.67162237228887,7.941287965367649,10.284336234727489,217.35852694090917,36.64887958783027,7.926001694972809,0.164,normal
32.717166913435406,10.97274799981949,2.0779302325231317,73.71555645790652,32.71688650733491,10.97178811835868,2.0779302325231317,101.97776331279107,32.71709403938767,10.970809890140378,2.0779302325231317,90.79476272034492,32.71888624578109,10.978131918750101,0.904,degassing
37.17375998084321,11.639671203073656,2.478891272894853,246.75895587815785,37.174154581078916,11.640590055974819,2.478891272894853,219.51354588471804,37.17492605525894,11.641226316605024,2.478891272894853,223.58708189811634,37.16921048487793,11.637168998548852,0.932,degassing
36.59226811405304,7.815512498233143,12.165935402015643,18.31743165398528,36.58841828528772,7.814237989591204,12.165935402015643,22.47780942655107,36.58467106494925,7.812687540128769,12.165935402015643,19.22473740392959,36.615514614264676,7.822657938382291,0.12,normal
36.33344632088945,7.694723138291727,3.010814147479957,200.35240758219828,36.334383892094976,7.69507093167086,3.010814147479957,170.7433369503704,36.33537086976176,7.694910074326409,3.010814147479957,136.49722365435858,36.33112764628484,7.689389655002681,0.702,degassing
33.06430389060041,7.5515775058590755,15.77639004471939,196.6661784781358,33.069341775519526,7.553085702822291,15.77639004471939,194.4537965055928,33.074434127251486,7.55439829429573,15.77639004471939,192.92826688689803,33.03474275888196,7.5407107707784276,0.013,normal
35.07509205804855,11.384694532330908,8.316674648808775,268.8807295517287,35.07514620989128,11.38746622827013,8.316674648808775,271.6779303480344,35.07506503575534,11.390237264459216,8.316674648808775,267.28502132874695,35.07502551772611,11.368076085930765,0.027,normal
35.98974075040355,9.887707813621716,18.12810553332564,127.30601795779181,35.993403062481775,9.882901389189513,18.12810553332564,127.68769566992391,35.997097311217885,9.878119467833347,18.12810553332564,125.78454681585578,35.96466124649709,9.913862513854996,0.113,normal
35.945343563344416,10.801339667931005,11.670904198349785,319.3668437372027,35.942391234673195,10.80387308467439,11.670904198349785,322.3440402640475,35.9393113089336,10.806249742499384,11.670904198349785,322.43546928528696,35.963330554132,10.786527898325735,0.169,normal
34.21299037461227,8.581941050175029,3.4186799153034975,45.38234219694024,34.21228800215559,8.581229240557152,3.4186799153034975,21.615895915084494,34.21135832783651,8.580860858065117,3.4186799153034975,8.584246051624632,34.21500874109052,8.587144909496207,0.825,degassing
34.18494733632141,8.049818881048315,9.356067790692839,46.44190395323372,34.18279827958631,8.047558841696446,9.356067790692839,46.94915788738821,34.180669315507195,8.045279865024229,9.356067790692839,49.32775540696535,34.19601903920235,8.064864034714802,0.107,normal
35.62515644915422,10.146121525772447,10.129325033784026,258.2307819052081,35.625845142402746,10.149426984895456,10.129325033784026,262.42824450779113,35.62629004850855,10.1527739860848,10.129325033784026,267.0672792378118,35.62122149599081,10.126264468411309,0.117,normal
34.21918851869371,10.560821786857067,8.915621242998451,76.2374601310208,34.21848151445679,10.557935235527014,8.915621242998451,79.06996463894947,34.21791801695424,10.555017273200889,8.915621242998451,79.2860628762247,34.22430820556622,10.577893175843617,0.034,normal
36.063710207746894,10.986547435001778,11.042973412280185,340.96209653782694,36.06023055581008,10.987748150685217,11.042973412280185,340.376791282351,36.056763351136205,10.988984349497413,11.042973412280185,344.2394275068074,36.08470414284755,10.979716636472949,0.017,normal
35.08006302413971,9.003203850509472,17.51858948865191,336.43047313678966,35.0747106540017,9.005538854264481,17.51858948865191,334.2182621827258,35.06945240586717,9.008078723392197,17.51858948865191,336.4492323206155,35.11325393894267,8.992060595684912,0.016,normal
32.44184840862027,8.076115719450726,11.621713397568975,105.17563782629429,32.442862514798094,8.072376906207106,11.621713397568975,105.14659479816373,32.443874725654496,8.068637579397002,11.621713397568975,106.64917311273369,32.436918909343234,8.098806211923728,0.147,normal
35.53744521082001,11.349433726564554,12.228063523037253,162.81811432293193,35.54133932652181,11.348229645373456,12.228063523037253,165.2522937185868,35.54528106778693,11.347192040240206,12.228063523037253,161.43168928905783,35.51445976041238,11.357603293385708,0.152,normal
37.53533683560204,10.412051076261394,17.62238577957348,91.06037048473647,37.53544554163723,10.406177953605834,17.62238577957348,95.9039556555537,37.53604976161227,10.400334983047024,17.62238577957348,93.73541640957131,37.535895019351464,10.447283055415618,0.17,normal
35.02888124513504,11.44493432246779,2.6395347127897772,244.87850401754758,35.0293057842753,11.44583973205377,2.6395347127897772,267.74827278050253,35.02934507421347,11.446838959906044,2.6395347127897772,256.42817526633553,35.02615647587,11.439860196977298,0.73,degassing
34.99427019924605,11.36005179417882,12.433175479974294,104.07852760261233,34.99527832886374,11.356031886432763,12.433175479974294,99.3017286810037,34.99594820181637,11.35194198987659,12.433175479974294,103.37664292253746,34.98726006995255,11.383887437402107,0.182,normal
36.98298258698885,9.040512555612052,1.8628516620430522,93.6316574564703,36.983045928935326,9.039514563729412,1.8628516620430522,80.54274970803422,36.98288161726587,9.038528155256577,1.8628516620430522,106.9733767297725,36.98512172138004,9.045793565664061,0.94,degassing
36.99639515216282,8.665616054954576,3.022598119951553,198.08654379022434,36.997345740832195,8.665926508142112,3.022598119951553,174.77377112887496,36.998341583636666,8.665835419675307,3.022598119951553,210.71587034479597,36.99417988508287,8.660284697700034,0.929,degassing
33.0721034895066,11.620117107952801,15.59729588985688,57.26417574273574,33.069291991810594,11.615743767436754,15.59729588985688,58.43447818485461,33.06657040260935,11.61131391656075,15.59729588985688,59.44087794544548,33.09088205284188,11.645016932226403,0.087,normal
36.81091889535848,8.14811924827279,19.28448297953149,125.3183985486416,36.81463514166294,8.142874177524094,19.28448297953149,121.27049032961003,36.81797186479718,8.137379859324385,19.28448297953149,125.59711994378893,36.78555824342247,8.177147905560274,0.036,normal
35.556260581773564,8.26303820028493,3.5197544537969025,255.51112361434065,35.556510773813145,8.264006396516761,3.5197544537969025,272.85989878655494,35.55646087988729,8.265005151039235,3.5197544537969025,304.648375700478,35.55435383953652,8.258790763372872,0.819,degassing
33.14533203310589,8.03430471785578,12.946256219278046,311.58393884833316,33.142467818208466,8.037532582772544,12.946256219278046,308.2954529813775,33.139793480933726,8.040919433675727,12.946256219278046,304.23780561003275,33.1624915516918,8.014934595139733,0.101,normal
34.344577963351156,9.140439591068354,0.7593599887088756,142.6509422538872,34.34537291768159,9.139832921790639,0.7593599887088756,107.49129490876754,34.34567347857702,9.138879159163913,0.7593599887088756,110.42320555078481,34.34006875474951,9.144222052812774,0.873,degassing
37.800667367982214,8.364065316858278,0.8978767205708664,65.4668855954298,37.80025214889183,8.363155595413561,0.8978767205708664,97.59697011559805,37.80038435286498,8.362164372880784,0.8978767205708664,66.20254025601753,37.80569283342497,8.362710294485115,0.775,degassing
32.08886344381053,8.052906862919075,18.520872479806194,324.8902689646195,32.083813097925784,8.056457587030096,18.520872479806194,320.4635735288969,32.07905187529618,8.060387522696168,18.520872479806194,321.5182133322055,32.11659252146105,8.028480211531672,0.048,normal
36.79072855107989,11.161674605060144,8.355653880024263,176.9070655186757,36.79350971190076,11.161524326741016,8.355653880024263,174.58965501997443,36.796282521594286,11.16126171393052,8.355653880024263,173.3988600961686,36.7740311720149,11.161260464559088,0.01,normal
37.249600117727,11.39479881709985,9.609122372422107,168.93098955285882,37.25274357122814,11.394183861496758,9.609122372422107,172.1462081271524,37.25591656745765,11.393746179837276,9.609122372422107,170.643321091392,37.23081092579045,11.398728794895542,0.151,normal
34.95482825368956,11.640604522489795,13.543424439817093,102.13800740125593,34.95577749936755,11.63619097340969,13.543424439817093,105.3095387035694,34.95696947252897,11.631836701619582,13.543424439817093,106.86288557019873,34.94705380362481,11.666470398768414,0.145,normal
36.27938003979549,10.117056150700224,1.1484807973232605,91.68503330867516,36.279409444935496,10.116056583124848,1.1484807973232605,87.57847762669581,36.27936719397795,10.115057476095254,1.1484807973232605,119.30663275986103,36.27949308078197,10.122634101990155,0.706,degassing
36.425912659875415,7.681540975215498,3.5674128928249473,108.20367571058557,36.42622505573708,7.680591023203228,3.5674128928249473,86.34183841264607,36.426161252141966,7.679593060728357,3.5674128928249473,53.2149653625475,36.42684909115434,7.687010727219772,0.757,degassing
36.230970946806714,10.753002001742615,17.781149429316784,129.4587599673754,36.23473772126761,10.748425831989616,17.781149429316784,134.4257948365979,36.23888656680579,10.744192984230976,17.781149429316784,129.45919365441716,36.20859950262043,10.780554886842012,0.156,normal
35.01243241083942,10.678023615122392,17.22436339295143,154.09633572343895,35.01759702046673,10.675515407243571,17.22436339295143,150.97766936325775,35.02261752445267,10.672729937966594,17.22436339295143,146.6340300482274,34.98009982242012,10.689813779970574,0.067,normal
37.088484204849316,8.35163458566899,11.928873981148037,6.877849518553405,37.08453652805783,8.351158412730287,11.928873981148037,6.059499172653457,37.080582453022394,8.350738670747997,11.928873981148037,8.118046528166179,37.11223921095971,8.353677030845283,0.195,normal
34.571117286660844,9.310268056836023,2.61892178680269,112.64499195986471,34.571502306823,9.309345148674431,2.61892178680269,150.2099119967714,34.57237015823838,9.308848324841643,2.61892178680269,163.39594194716682,34.571709449593556,9.315899444568085,0.84,degassing
32.23873005735468,10.689586470609205,3.391207060772955,306.129702601046,32.23814044220795,10.69039415494033,3.391207060772955,302.53030022580276,32.237602696656715,10.691237262123392,3.391207060772955,291.8662247167693,32.23590440383329,10.684715054709214,0.902,degassing
37.12242208119814,8.953179341263816,17.85323725223588,44.86048549513566,37.118203798762586,8.948981551898102,17.85323725223588,42.36844060541932,37.11380698297063,8.944971146288122,17.85323725223588,45.7561265122143,37.14500440296128,8.980814230472788,0.021,normal
35.218803117926555,9.311273014213219,8.6460581257711,355.43908340513525,35.2159302248894,9.311502189422166,8.6460581257711,352.62438742316465,35.21307205165021,9.31187216430527,8.6460581257711,349.95590518404276,35.23602767198187,9.309822777720226,0.19,normal
36.0750872681974,11.63940236425147,14.009597941017086,41.78319992949106,36.071605082666096,11.636290767844496,14.009597941017086,46.545843166607,36.06839327038701,11.632900795844867,14.009597941017086,44.4816239560995,36.09799253317657,11.655509881145425,0.152,normal
35.646753149251566,9.648463873318091,8.128940332796375,333.3887677700799,35.64433054500011,9.649677617236785,8.128940332796375,335.58772488640744,35.64186315382431,9.650797512966287,8.128940332796375,330.9612724090864,35.66141073247235,9.641451371268325,0.059,normal
32.40128486341084,10.336335150851058,9.463504543997011,38.94288614061784,32.39883137762768,10.334352403434496,9.463504543997011,36.49089921269018,32.3962953119352,10.33247643685445,9.463504543997011,38.15131854566809,32.41545957890814,10.348804239324448,0.172,normal
32.769472293402764,7.893947819133954,17.373245216317933,142.11243173442944,32.77404271558977,7.890391434911513,17.373245216317933,141.11333272634442,32.77855043138682,7.88675589836264,17.373245216317933,138.10595781650593,32.738980516345656,7.91036424866681,0.013,normal
34.791593845294585,7.829141643197102,15.27765761647029,282.1221430147073,34.79052442744351,7.8341206427773855,15.27765761647029,284.89007888568824,34.78921581736133,7.839042190401203,15.27765761647029,280.1804649236816,34.79615487131069,7.798983481966682,0.082,normal
36.977134931152456,10.38570974407824,17.939590489047017,278.4550391989013,36.9762556922619,10.391624615708993,17.939590489047017,277.89983326523895,36.97543380987496,10.397547729482762,17.939590489047017,281.7651410926408,36.98673209491909,10.351240801909201,0.097,normal
33.97305452616263,8.360038511378406,17.206776677172726,205.0050181213642,33.97825252574255,8.36246293265924,17.206776677172726,203.38826929729697,33.98351685829983,8.36473973324474,17.206776677172726,205.1353756677441,33.942840183400904,8.343698436516608,0.006,normal
35.10642241562971,11.309509938380874,8.101197970533896,334.50130563801594,35.10398504844721,11.310672434713812,8.101197970533896,329.86596650942573,35.10164959898556,11.312028101456978,8.101197970533896,327.4771509672448,35.120280643792555,11.30112147250304,0.044,normal
33.71064882193082,10.922548172944706,17.106136972224526,21.00534600981554,33.70532569440048,10.920504245848418,17.106136972224526,19.230036833580662,33.699941801024075,10.918626210494468,17.106136972224526,17.147972786610545,33.74184212939059,10.93649498702481,0.195,normal
37.54051763209305,10.833395271366918,9.67805823795226,165.12463041558453,37.5436355363904,10.832567096238469,9.67805823795226,169.90798900670683,37.546811641613104,10.832001802628819,9.67805823795226,165.65232113567626,37.521968206819665,10.83875455097121,0.139,normal
33.679870728803614,11.741167658995758,2.9291968751661415,346.00475986550134,33.67890041298295,11.74140950028289,2.9291968751661415,347.32672944506766,33.67792477598321,11.741628891360058,2.9291968751661415,353.12486042886445,33.68455781400149,11.737898218202972,0.865,degassing
32.69992645499613,7.579610277307039,13.558230739790309,38.95479892620226,32.696411970891035,7.576768892001937,13.558230739790309,42.38449717543059,32.693073763815576,7.573722346007143,13.558230739790309,45.07519238357869,32.72275307134614,7.594161707339182,0.106,normal
37.24754000239748,10.460132207699314,3.339499412760598,138.14544812003777,37.24828484344719,10.459464965756188,3.339499412760598,127.01846985630274,37.248886915887056,10.458666524288606,3.339499412760598,106.63745478575134,37.24373416318807,10.463982068529944,0.778,degassing
32.96531498120831,9.604914455371565,2.3458873102384947,80.24969191324429,32.965145626405004,9.603928900223135,2.3458873102384947,104.91774705470051,32.96540305851553,9.602962603835648,2.3458873102384947,70.12612687165756,32.9686160260173,9.609705417181953,0.936,degassing
34.20628755144548,7.854910616044008,8.682433994553143,291.54357543004403,34.205224796242646,7.857602571600838,8.682433994553143,288.954283763574,34.204284738629376,7.860339790084048,8.682433994553143,291.5339543192007,34.21272025388581,7.838799832569475,0.042,normal
32.55350945668427,10.4303383207606,9.481666035029843,57.90530286061863,32.55183018986812,10.427660789612496,9.481666035029843,56.53542808025717,32.550087392464846,10.425024169180954,9.481666035029843,58.957083429003596,32.56358848597463,10.446359516687568,0.157,normal
32.76690887290752,7.8290900425402095,11.177340432758644,247.94300572730862,32.768308010328795,7.83254313566952,11.177340432758644,243.66845695549966,32.76996063475524,7.835882337698212,11.177340432758644,244.43014092736843,32.760302988354326,7.8077577737186825,0.022,normal
36.00641379120483,10.283729061309694,11.732996249508977,261.04639910303007,36.007022477801435,10.287592403366558,11.732996249508977,259.02863412601664,36.007766812801606,10.291431918521983,11.732996249508977,259.89776314360023,36.00373014134989,10.260438838836787,0.128,normal
35.19033748985852,8.701349210003713,17.804330901989253,223.40838209096182,35.194648951885604,8.705427551926721,17.804330901989253,226.5786578686093,35.198728268937046,8.709738091341428,17.804330901989253,221.9037875689571,35.16296241139265,8.67860777489857,0.175,normal
35.11923185113053,9.00517763006984,13.950048266305231,330.46361268375443,35.11518613814591,9.007469977354146,13.950048266305231,328.80708527565525,35.11120838272507,9.009878319405805,13.950048266305231,328.8363421621918,35.1439959982611,8.9925103826495,0.056,normal
34.95008721609677,9.689402255081996,18.916964525592867,101.87209773509967,34.95138446358859,9.683231482688715,18.916964525592867,100.99909284819815,34.95258754125219,9.677041661437656,18.916964525592867,103.35365969093864,34.94688109435775,9.727033592998463,0.025,normal
34.75023607717266,11.115157269006017,13.962069046137067,295.78190681304886,34.748211824895094,11.119348012728134,13.962069046137067,292.6261598317306,34.74642134406524,11.12364383728526,13.962069046137067,289.7745863133674,34.7653002440848,11.091699403858096,0.031,normal
36.864111476595085,9.106199353769028,13.220766607837982,67.32382285295837,36.86241250924123,9.102133093419468,13.220766607837982,66.58877607628655,36.86066151712811,9.098088963114984,13.220766607837982,67.24737401794992,36.870716687270196,9.131784894256748,0.134,normal
32.62563036922005,9.648984436382797,2.899731821416665,61.52034062556841,32.62515352247949,9.648105449928963,2.899731821416665,71.78170397767795,32.624840884226295,9.647155577662478,2.899731821416665,94.37317437914609,32.62747178164135,9.65456471610449,0.981,degassing
35.4513305159772,8.193717711601343,13.128556825888637,339.8335856533056,35.44722261125234,8.195226392897277,13.128556825888637,335.73031195874603,35.44323318917273,8.19702514578522,13.128556825888637,335.73655728935313,35.476493753647,8.186300834910389,0.175,normal
36.332371916292296,10.764538978063781,18.488982315769512,185.9365569857549,36.33850185843844,10.765176399138397,18.488982315769512,182.92635544637795,36.34465681587189,10.7654910343777,18.488982315769512,179.2946833576694,36.29548547779874,10.76256396804173,0.133,normal
34.334359687868734,9.571648782184615,11.247484807118067,332.2759837991669,34.33104093487737,9.5733929413812,11.247484807118067,327.49104346397996,34.32787923898831,9.575407858706,11.247484807118067,325.82790152219616,34.35392158848667,9.560587797068466,0.001,normal
37.21496789676336,8.080866585939757,9.94322306256244,261.7035506229823,37.215446148822075,8.084146307465655,9.94322306256244,259.9118412121039,37.21602671126735,8.087409472427199,9.94322306256244,258.4133471911089,37.213360587077986,8.061152148627656,0.055,normal
33.26281020237035,10.663385843599722,17.024101903668353,85.8433237296383,33.262398876999725,10.65772606986473,17.024101903668353,86.27525778878686,33.262030230087895,10.652063356138411,17.024101903668353,81.32746207880098,33.26409775112624,10.697366097918495,0.002,normal
34.94760352846623,10.909123709098496,10.324520518842382,28.137252520461075,34.9445687373993,10.907500744987003,10.324520518842382,23.17053488261608,34.94140483004661,10.906146618113079,10.324520518842382,25.65672456437263,34.96415727386923,10.921300151466939,0.095,normal
32.14390651031094,8.312891753985852,14.713187056292183,192.2033170524219,32.148700084595724,8.313928451924276,14.713187056292183,196.9001050456395,32.15339267439523,8.315354179111665,14.713187056292183,197.36834496235292,32.11595264740411,8.303766844633918,0.095,normal
37.6777157687805,11.721899323899844,14.206331194032924,264.05050594758626,37.67820660584161,11.726609260875238,14.206331194032924,267.45141549923926,37.67841717456402,11.731340020660502,14.206331194032924,262.66436689361893,37.67902339679294,11.693610187497852,0.012,normal
32.14676251773584,10.450328284738784,18.456932230885812,173.4255630668241,32.15287437055826,10.449623882465083,18.456932230885812,172.5821308307137,32.158975192280565,10.448829589195038,18.456932230885812,176.36974460089712,32.110171284935944,10.455053172077236,0.066,normal
36.67389559945498,10.28849706526109,19.35291478193816,257.42249364039986,36.67530036361827,10.294793228549304,19.35291478193816,254.5268949590502,36.67702139261067,10.301010389775591,19.35291478193816,255.91911063971799,36.65955884476061,10.252595971837387,0.093,normal
37.73672607932912,10.810823636142981,10.65242093200282,39.76499231099959,37.733996664597996,10.8085523974026,10.65242093200282,38.5122578327152,37.73121824705595,10.806341373623368,10.65242093200282,39.075239385104695,37.75268213187795,10.824927927302696,0.019,normal
33.76262754002554,11.23688041965157,18.815083138475504,159.4857755625273,33.768501516265374,11.234682567626614,18.815083138475504,157.71422952701803,33.7743047397136,11.232304175732985,18.815083138475504,156.49398392047135,33.72965185536969,11.254923459267784,0.045,normal
36.611600190798484,8.961887517917598,19.453163983414303,9.221193871732016,36.60519960018023,8.960848418595885,19.453163983414303,13.160738542984838,36.59888552366492,8.959372029276738,19.453163983414303,14.147077758454454,36.64990078256583,8.968476115384766,0.143,normal
34.69187267283962,11.858843139140085,3.630423515109311,187.48091425433086,34.69286416112545,11.85897333506576,3.630423515109311,193.92369798934396,34.693834778163776,11.859213964583724,3.630423515109311,163.76266013003772,34.69143237109982,11.854890491054347,0.819,degassing
34.62240854341584,10.382715083827458,1.5139391818915398,294.2331422635903,34.62199809284237,10.383626966674504,1.5139391818915398,315.34113678835604,34.62128678853376,10.38432985086166,1.5139391818915398,319.53319605205377,34.625799229506136,10.378100819599492,0.922,degassing
36.02908049978044,9.863261097108317,18.726238095046302,62.07195565676735,36.02615694493545,9.857745992225592,18.726238095046302,62.68655780928018,36.02329271675246,9.852199844759566,18.726238095046302,57.82089647603972,36.05036269116384,9.894069815785707,0.116,normal
37.39846573176908,11.564934220387515,0.6756097705504128,146.888901496135,37.39930334468706,11.56438795616608,0.6756097705504128,110.09805418238761,37.399646972488945,11.563448850243526,0.6756097705504128,87.90331881003857,37.394114812179545,11.562876591475343,0.997,degassing
33.49792347222239,7.607717426975066,13.494017689800117,284.65151861975437,33.49678574935093,7.6120691672836776,13.494017689800117,281.774802096362,33.495867861350824,7.616472522670779,13.494017689800117,281.01372958372593,33.50218431454593,7.581074860231804,0.174,normal
36.86655644374165,8.455052160974368,0.661622073071019,266.1253470442505,36.86662401766075,8.456049875244817,0.661622073071019,233.97541471337925,36.86721215000342,8.456858639949479,0.661622073071019,271.50932248318765,36.869627881206696,8.451171803086371,0.78,degassing
35.61427473398852,11.363881059014039,3.309453942210729,299.0526474973479,35.61378912090935,11.364755232873941,3.309453942210729,299.1858461154809,35.61330147690469,11.365628275441466,3.309453942210729,336.97679621329985,35.61108835332655,11.359190106711337,0.783,degassing
36.39602601887706,10.470168630886974,18.700846131151334,353.14901254763,36.38983691308852,10.470912223656782,18.700846131151334,353.7721835729622,36.38364008592623,10.4715884586675,18.700846131151334,354.89699060591846,36.43338226734642,10.468843657311764,0.142,normal
36.99475954975309,10.82873679039569,1.8112970360866947,88.12390630445893,36.99472681159191,10.827737326432956,1.8112970360866947,86.2420647943772,36.99466127026437,10.826739476577325,1.8112970360866947,91.91546190511411,36.99832562134513,10.832724970874557,0.881,degassing
33.03987928327544,8.447382933605855,14.86344127404915,82.44747394180897,33.03922809090818,8.442471434366377,14.86344127404915,85.39793047809029,33.03883056852852,8.437532927280603,14.86344127404915,88.7875982620396,33.041482242726765,8.476964531987901,0.164,normal
37.83555446987393,10.47997917711095,16.620495433190854,7.291633353115446,37.83005910811878,10.479276020650934,16.620495433190854,4.48597139532203,37.82453591519166,10.478842696618576,16.620495433190854,6.90029650422303,37.86828128256805,10.485706700517005,0.059,normal
35.54224204466887,8.543090582724819,9.184766805339102,33.374761244582494,35.539685341542445,8.541406363044688,9.184766805339102,34.6689301162109,35.537167329688074,8.539664828345389,9.184766805339102,32.283050561602685,35.55671495354287,8.554374041220054,0.172,normal
34.37383280981008,10.039872162391934,14.001607239652955,47.46177131094153,34.37067739835776,10.036433244403304,14.001607239652955,46.054164773325404,34.36743846242301,10.033072876510273,14.001607239652955,47.63393545385218,34.39190679580737,10.061227339339945,0.119,normal
37.97357684967751,9.617037673995133,11.310487432039665,105.51780241997581,37.97458551055282,9.61340494384493,11.310487432039665,103.64841198447152,37.975475130480035,9.609741243326235,11.310487432039665,104.33716488326854,37.966587349751556,9.63854681974942,0.055,normal
36.78704487298151,8.14056980578399,19.52111182497075,138.37700222583587,36.79190908856999,8.13624766038998,19.52111182497075,141.75473122448943,36.797019507746974,8.132219614966504,19.52111182497075,146.38050113427707,36.758792061159596,8.167391694323184,0.022,normal
37.22529300552666,8.684218632073865,12.243700914227242,6.205014570838207,37.22123568176329,8.68377750636867,12.243700914227242,5.974312520945613,37.21717661469771,8.68335272105144,12.243700914227242,7.7404797784379955,37.249696061767914,8.683192759387392,0.091,normal
33.26375554186692,7.828191521154019,2.5015455154995028,175.31607879603837,33.264752202208726,7.828109862332899,2.5015455154995028,178.81395191597724,33.26575198796218,7.8280891633671,2.5015455154995028,166.80059850759824,33.261763935559564,7.823968202362111,0.952,degassing
35.44994731571226,10.684452885400681,13.248357206370937,265.51986329139595,35.450292274140295,10.688855510902885,13.248357206370937,265.1810168520177,35.450663263449776,10.69325601934646,13.248357206370937,265.5412641471197,35.446057590605115,10.658291609247883,0.026,normal
37.603559858564516,8.881424263544465,2.962884253423084,142.65005574503175,37.604354803508166,8.880817581966893,2.962884253423084,118.51344518620881,37.60483216848094,8.879938876849822,2.962884253423084,142.83934979795467,37.59978737760742,8.885470187192704,0.952,degassing
32.292942025323484,11.159421008372117,2.7924262840909675,88.8476344813698,32.29292191410695,11.158421210623086,2.7924262840909675,63.79241728855406,32.29248028951191,11.157524010691603,2.7924262840909675,35.85669571564638,32.29195296345208,11.164737692813965,0.836,degassing
32.77737504605914,10.976765399915282,15.643300778439478,294.6453028037565,32.77520062944271,10.981504833433332,15.643300778439478,290.65493378545193,32.77336129557358,10.986384092456147,15.643300778439478,289.31581804106855,32.79315109926281,10.949807025570516,0.043,normal
35.608298356355405,11.936943574585833,2.326733183449552,119.25079084183385,35.60878698963974,11.936071085323182,2.326733183449552,128.58992247831827,35.60941073176834,11.935289455131207,2.326733183449552,110.04646620316717,35.60918543538326,11.94229962767314,0.785,degassing
37.37424282771244,7.765957216620834,14.350635018723528,315.1619978829008,37.37085080052947,7.7693301166218225,14.350635018723528,319.6692951985088,37.3672042008197,7.772426019298503,14.350635018723528,315.18863394439154,37.39373408563239,7.744922865815759,0.113,normal
32.14870845137463,8.690464135181795,3.747554557450651,309.087086537851,32.148077950490446,8.691240323712398,3.747554557450651,299.5082303009017,32.14758540191244,8.692110608664757,3.747554557450651,337.58434918302214,32.148688338258765,8.684817948256342,0.893,degassing
34.11721479046022,8.665879548041202,13.250852685624997,139.66999821192857,34.12058196263366,8.663020945801456,13.250852685624997,142.41757919187532,34.12408229377848,8.660327038400066,13.250852685624997,142.6594265321154,34.09852523722602,8.684626367392305,0.043,normal
36.4722081275701,8.075236916480748,2.1193496545948807,356.5572967805138,36.471209932221164,8.075296966837687,2.1193496545948807,31.039366185982647,36.470353118989735,8.07478133995083,2.1193496545948807,59.93249305415938,36.47644136710631,8.071246403958442,0.862,degassing
37.3255028201965,9.757730479575626,17.748273859601895,321.7192805629079,37.32085877794346,9.761395586349323,17.748273859601895,317.87362577487323,37.31647100735876,9.765363911614045,17.748273859601895,320.7214419214216,37.35446435893055,9.737247205036029,0.12,normal
36.72017035879193,8.910158641310689,9.050409550869613,238.04825110352047,36.72176686582102,8.91271838089799,9.050409550869613,235.15054434607964,36.72349073395645,8.915194139387898,9.050409550869613,238.34294713475776,36.709890524150154,8.895274904615292,0.001,normal
33.516800154672595,9.262765087762222,12.707551771436243,307.1661892968939,33.51424115461461,9.266140580160092,12.707551771436243,310.56250846653825,33.511486677348564,9.269358543058527,12.707551771436243,313.45985546799307,33.532799890665935,9.24306275641986,0.03,normal
37.74319528228734,9.292050137162626,1.6169904027151834,150.95913913157938,37.74406955602687,9.291564703924823,1.6169904027151834,140.78314896296564,37.7448443145984,9.290932446733612,1.6169904027151834,177.02656333685312,37.73898081028417,9.288480021268859,0.704,degassing
37.4018670022526,10.514317768311717,19.70563517277038,76.18549643823805,37.40029856980678,10.507939225857795,19.70563517277038,76.94421069352713,37.39881473745809,10.501540473968983,19.70563517277038,74.63536786611265,37.405119446977785,10.553558016224692,0.006,normal
36.82272002884261,10.386145286975664,16.54085439029712,83.90600566687912,36.82213470399333,10.38066282587636,16.54085439029712,81.01648074718013,36.82127375055595,10.375216841661985,16.54085439029712,82.4794101711898,36.824168492791614,10.419180042515702,0.063,normal
37.84287115792053,10.890366027242413,14.1760823160217,297.64235263664267,37.84067882214093,10.894552039456338,14.1760823160217,292.71841274550565,37.83885387603504,10.898910778509803,14.1760823160217,290.42752678719694,37.856340166347685,10.865425337873289,0.184,normal
33.37157345786351,8.482262353763973,1.0370617481930855,246.75017715221844,33.371968198879095,8.483181146194623,1.0370617481930855,264.98638897911684,33.372055591272535,8.484177320160137,1.0370617481930855,273.37346599072384,33.366596536788045,8.48313917271862,0.89,degassing
33.190387870038215,10.385929518185808,1.887745938794646,343.47338031202423,33.1894291823607,10.386213978968643,1.887745938794646,11.95963456558227,33.18845088852691,10.386006756443871,1.887745938794646,46.35269877555597,33.192903920681864,10.38132356867856,0.705,degassing
34.171147936755055,10.910231008885143,3.9262907568298755,68.13315208344555,34.17077548589302,10.909302956970988,3.9262907568298755,59.5447083047153,34.170268620019876,10.908440932037102,3.9262907568298755,87.31838591237346,34.172422449658384,10.915180198113621,0.903,degassing
36.87362115556974,8.396522232197237,14.549239826307092,22.093037769992225,36.8691275048042,8.394698185880218,14.549239826307092,17.10582410949344,36.86449229585082,8.393271693634247,14.549239826307092,19.981647513445647,36.90101342246657,8.406307425988702,0.075,normal
35.369419129819725,9.433817853014403,8.058485538960154,249.46118458340464,35.370361547826896,9.436333268241436,8.058485538960154,252.35756847108001,35.371175658241214,9.438893090441887,8.058485538960154,251.0197427175926,35.36312564727415,9.41898485148152,0.114,normal
34.26419989645864,10.043124001664323,1.2375029759494893,306.4023318877263,34.26360644481406,10.043928871309387,1.2375029759494893,310.5682598137847,34.26295609131073,10.044688503010084,1.2375029759494893,339.1479846457268,34.26967540181179,10.040860744916184,0.716,degassing
34.800968811721496,8.355930881240887,10.89156036853629,251.82478517572346,34.802101257890115,8.359380264089683,10.89156036853629,247.04337512008433,34.803517284752346,8.362723248428239,10.89156036853629,243.29098937877586,34.79303102749892,8.335658680310555,0.079,normal
35.295242327024,10.893656821657956,16.344763295809408,278.78002085805025,35.29441069876634,10.899041231634563,16.344763295809408,277.6192815727772,35.29368831496464,10.904441383298929,16.344763295809408,273.1928157947361,35.303244850357345,10.862138966978229,0.072,normal
34.555524095301195,10.687058933583696,9.040131082792394,153.05553106280166,34.55821035853998,10.68569349192533,9.040131082792394,149.5545874645427,34.56080822799077,10.684166561859115,9.040131082792394,151.82386063782647,34.538698838278975,10.693638127838176,0.117,normal
35.87189130641713,11.057801469692956,3.8794465454550227,114.78917086702322,35.87231058691849,11.056893612952505,3.8794465454550227,104.25814833638911,35.87255687804849,11.055924417059364,3.8794465454550227,81.4542086078297,35.86849548540727,11.062507702983229,0.754,degassing
32.91229769430719,10.117269513658634,10.594989127504482,135.93764006137877,32.914835488453654,10.114813450810104,10.594989127504482,132.67793875016466,32.91722952035533,10.112217058101066,10.594989127504482,135.2542796480162,32.89670424878044,10.131586515893694,0.119,normal
33.1294036570517,11.262641422801142,12.172205323373841,61.96791122489677,33.12749681621744,11.259060017044714,12.172205323373841,64.51906235914312,33.125751278227064,11.255397284965577,12.172205323373841,61.037365369861625,33.13999717651019,11.284556076917386,0.2,normal
37.69649186950594,9.209196013011454,19.513815541587007,127.48468426117643,37.70045024266901,9.204034504466804,19.513815541587007,123.09457416379601,37.704001904281746,9.198585138600654,19.513815541587007,120.51696942486288,37.671374194545095,9.239022824623765,0.099,normal
32.67854223759242,9.579918827897002,18.7749111994086,223.2434098537894,32.68310109753645,9.584206386832676,18.7749111994086,226.9096664840139,32.68737646134178,9.588776685504351,18.7749111994086,227.38770586709788,32.65284222628021,9.552657458760814,0.109,normal
33.69114496418734,10.702993005121895,10.144654527667958,225.78668641556717,33.693503027147095,10.705416727401229,10.144654527667958,224.12603010634524,33.695930338848235,10.707771095366317,10.144654527667958,227.99347059971737,33.67579914396052,10.689726138793189,0.142,normal
34.175490586737055,10.451640978292518,9.96830958917062,8.318114872154904,34.17220277208282,10.451160276345112,9.96830958917062,8.64489036607479,34.16891775247754,10.450660830896858,9.96830958917062,12.657608683236816,34.19526856570703,10.4540534773081,0.089,normal
36.80147145221588,11.944955111530994,17.952037907418934,175.8508252168368,36.807439781065995,11.944522147372735,17.952037907418934,171.3199757155099,36.81335525618772,11.94361906304126,17.952037907418934,168.9514269694233,36.76613840967994,11.951175368526835,0.123,normal
34.909960489208665,11.127913936415354,10.504588631455583,342.55296484744673,34.906620049215896,11.128963779165925,10.504588631455583,340.8158744973608,34.90331296853472,11.13011439922243,10.504588631455583,342.9867418998083,34.929293729118996,11.11975690578981,0.1,normal
33.737213592222325,11.684772958960055,10.792218546420553,157.76076106671943,33.74054339312874,11.683411431449153,10.792218546420553,158.23991858829723,33.74388446375007,11.682077797937811,10.792218546420553,160.734885018055,33.716621570333615,11.691045516587351,0.102,normal
36.2973709737166,7.535292273032789,9.961046914029058,182.0196177059349,36.300689260150506,7.535409287707509,9.961046914029058,177.20060896495167,36.304005646804924,7.535247124672637,9.961046914029058,175.78820012169194,36.27745783939268,7.534941912801759,0.032,normal
33.53531510686519,9.424686260581039,1.8417309065876317,71.43024865074793,33.5349966479638,9.423738323912202,1.8417309065876317,63.70721519898797,33.53455368967011,9.422841781693425,1.8417309065876317,32.843619225763945,33.5397995361016,9.424220960549203,0.916,degassing
35.99943217243748,8.736252519063616,17.74396018902725,125.44952428676358,36.00286258577051,8.731434283996347,17.74396018902725,125.347373060053,36.00628440334405,8.726609940591045,17.74396018902725,125.99107104364879,35.97994536866023,8.765875110701831,0.127,normal
32.495710963326644,8.608032846664276,14.254587154430478,354.67132202228316,32.49097996876983,8.60847411623089,14.254587154430478,358.67333761318974,32.486229713396085,8.608584126281704,14.254587154430478,354.53419772815926,32.52418572083082,8.608814202001573,0.068,normal
34.37985241913342,7.631440847535274,14.8189314442824,174.68234980495336,34.384770803688426,7.63098305458451,14.8189314442824,176.61811351188288,34.38970184524775,7.630691661110069,14.8189314442824,177.11960885665837,34.350319796497445,7.633277921692639,0.07,normal
34.698491464149335,11.439960551631845,15.885422539948065,150.16363443628265,34.703084733281514,11.437326088638143,15.885422539948065,153.67595010747934,34.70783076999409,11.434977971922832,15.885422539948065,156.77998471544646,34.67049900454618,11.45497194053592,0.035,normal
33.038671857842566,10.232155117219644,10.579523828204326,350.0304574029734,33.03519860044447,10.23276564266279,10.579523828204326,346.11296569245496,33.03177516944106,10.233612034082356,10.579523828204326,344.10709240926263,33.05946201217056,10.228280511078312,0.106,normal
33.71909982923965,8.789163512446288,2.092193881940967,51.98476355261123,33.71848395823341,8.788375665441043,2.092193881940967,34.15784712094835,33.7176564643546,8.787814190703832,2.092193881940967,55.55635369135006,33.72412170374896,8.790705617116364,0.842,degassing
37.88625875625693,8.527326964829134,11.740854104902219,74.99714817660448,37.88524564921769,8.52354675051634,11.740854104902219,78.41677236689618,37.88445982931849,8.519712836953198,11.740854104902219,79.51248174809143,37.893207516065054,8.549671374978402,0.176,normal
33.0617885180718,11.434396380956196,1.0996454678400487,84.82452788343747,33.06169831183036,11.433400457849723,1.0996454678400487,110.26873693046039,33.06204473567732,11.432462379751556,1.0996454678400487,105.74035604796468,33.06680164918681,11.436132832968582,0.781,degassing
32.872861471215685,7.851096933014666,11.181653310901691,167.55310057195092,32.876501085129206,7.850293588214621,11.181653310901691,166.87680978177679,32.88013096344441,7.849447340187102,11.181653310901691,168.94653167487672,32.851190032187475,7.856583546918023,0.022,normal
32.98135620254218,7.999407995183818,12.894445056299334,353.0103967158679,32.97708999695695,7.999931033577422,12.894445056299334,356.2740217787154,32.972800933788434,8.00021034772525,12.894445056299334,354.85720822555714,33.00655601341795,7.9939737105995725,0.124,normal
34.96616376784924,10.93794687546886,9.419061961185957,197.23784859945357,34.969162429250574,10.938877287350758,9.419061961185957,197.59067141611723,34.97215530443194,10.939826146991908,9.419061961185957,202.56967038552645,34.94882543663426,10.930647449092207,0.047,normal
34.79976259798524,11.50885515827493,11.891382253779492,56.71594216594393,34.79758730648236,11.505541584611564,11.891382253779492,54.47376119986677,34.79528404197352,11.502315652785354,11.891382253779492,58.71156441870005,34.81343119993724,11.528282160786086,0.041,normal
36.90604701772149,7.832415310538204,12.989152402870024,99.23933552965353,36.9067421921922,7.828141765662493,12.989152402870024,98.33595543449528,36.90736990224878,7.823857791638959,12.989152402870024,95.97214223215542,36.90419146666684,7.8583146759609335,0.172,normal
37.47443072879429,10.18176179415632,8.443688993372692,253.1433746588945,37.47524688950491,10.184455424896226,8.443688993372692,249.64833175571383,37.47622574182917,10.187094290750307,8.443688993372692,250.40092540135157,37.467815823285356,10.166237487609063,0.182,normal
33.124092207222894,11.925599797581649,3.7492455492894607,101.95175993634729,33.124299295290754,11.924621475276808,3.7492455492894607,62.34933188020247,33.12383521574446,11.923735681748548,3.7492455492894607,69.09941616760597,33.11950337601542,11.928783269674598,0.742,degassing
34.76062346660564,9.287112228629898,15.254130555487928,143.1296465042323,34.76469121048102,9.2840613701554,15.254130555487928,143.077096898036,34.768756154509425,9.281006782177784,15.254130555487928,138.42811703654866,34.74074259381516,9.310034093832545,0.098,normal
37.08173695829953,11.6360268891499,19.757067175564003,23.913726782511446,37.075716605428234,11.633357310216697,19.757067175564003,21.86741976063972,37.06960476857253,11.630904403650026,19.757067175564003,25.170847790741746,37.11566170914416,11.656246437749456,0.14,normal
33.014686832253005,8.544816509538304,13.986949933576026,125.76189318667602,33.01741157456136,8.541033260161525,13.986949933576026,124.75370888472506,33.02006932792426,8.537202654001163,13.986949933576026,123.15293474400985,32.9974389867395,8.566832591018477,0.135,normal
32.03611331443892,8.751911813293145,14.837606315822137,311.1584325074399,32.032858223462235,8.75563552120902,14.837606315822137,308.0735484872268,32.02980824216111,8.759529007047192,14.837606315822137,309.6635470920993,32.05843760146111,8.732426227319987,0.042,normal
34.821626490895106,11.630072510920956,13.834035395978692,8.448117893442372,34.817065182079745,11.629395040761255,13.834035395978692,12.577392227683788,34.81256449649928,11.62839088278955,13.834035395978692,9.605407247323136,34.84925259725995,11.631440289354362,0.171,normal
33.77538979703231,9.754935954335311,15.278524515021068,347.55847344800276,33.7704165538462,9.756033172092591,15.278524515021068,350.15444621425564,33.765398718388376,9.756904011867373,15.278524515021068,351.10164945006807,33.80465450645548,9.746294829883059,0.136,normal
36.64728145252745,9.582627073272949,18.505801516149706,84.09652460564875,36.64664699424703,9.576491187445669,18.505801516149706,81.1074970513493,36.64569344512034,9.570396732895997,18.505801516149706,77.98331872004239,36.653483079519965,9.619004450191609,0.119,normal
32.48963996294403,9.722140868334492,10.038769231924427,115.75955799954686,32.49109423093715,9.719127143634065,10.038769231924427,113.24442090569468,32.492414845714784,9.716052504049518,10.038769231924427,113.44147396645067,32.47845587025369,9.738771535460163,0.175,normal
35.38535458794685,7.737773069569617,1.2842468606435284,359.58888355975444,35.38435461368946,7.737780244843538,1.2842468606435284,4.576351682641182,35.383357801794524,7.7377004573375405,1.2842468606435284,23.039955514142527,35.38567968507029,7.732907204147297,0.766,degassing
34.04935862298825,10.700850381203002,19.299061948800546,72.5530896221812,34.047429862082126,10.694713310562607,19.299061948800546,75.07651198754047,34.04577317315246,10.688497271915002,19.299061948800546,76.32535135804204,34.06748160349154,10.734765807157794,0.049,normal
34.433204793320115,7.803332543810313,14.306924417259657,205.69796134198398,34.437502080516126,7.805400500157265,14.306924417259657,208.902380161329,34.441677053041516,7.8077054351043165,14.306924417259657,212.46314990396095,34.40761835962368,7.790600507499239,0.017,normal
34.30791838410895,11.96865473584625,3.398952123395709,75.9905522990839,34.307676302221196,11.967684480024511,3.398952123395709,75.62228093916227,34.30742798901133,11.966715800227155,3.398952123395709,97.10971004470915,34.31192948221547,11.972932430551415,0.975,degassing
34.8367848459822,9.992932137059746,9.900149257554425,14.182709298936285,34.83358538394222,9.99212357597743,9.900149257554425,16.77975550062734,34.83042584515252,9.991170872977815,9.900149257554425,21.465604483233285,34.85555726630717,9.99910482019076,0.075,normal
33.80293407942813,10.282851097897666,11.002329221324416,19.9860138753467,33.799487504148054,10.281597599777134,11.002329221324416,21.6777775143555,33.796079437648395,10.280242896328673,11.002329221324416,25.56951001236198,33.82344860966929,10.29078169543098,0.047,normal
35.71296464879636,10.890450153168338,10.993867861204647,71.54419096372831,35.71180452770246,10.886974009040506,10.993867861204647,74.48644100947313,35.71082436424324,10.88344289893982,10.993867861204647,70.69865933265581,35.718031605985885,10.911835489136543,0.028,normal
32.08697210231241,9.477669579490602,1.6193917186025308,301.61876722065256,32.08644783745157,9.478521134747583,1.6193917186025308,317.86247040376134,32.085706300909244,9.479192047228006,1.6193917186025308,298.1544682984664,32.0919723875566,9.475243442430218,0.741,degassing
37.012280847667,10.11511639859492,10.091178677958158,85.18781992857622,37.01199866575624,10.111764529341409,10.091178677958158,86.91590507206391,37.01181769183186,10.108405674988793,10.091178677958158,87.54808239764152,37.01671829862324,10.134729567548648,0.022,normal
33.099120369770695,8.690346186035935,14.712071919672429,3.8519244772312504,33.09422742399926,8.690016742857672,14.712071919672429,359.94853968537655,33.08932340200401,8.69002114741565,14.712071919672429,359.0311317651727,33.12803721517478,8.695608136472051,0.117,normal
36.896788106783944,10.467014691842722,11.582325944235233,98.66519165636788,36.89736977220579,10.463197984967945,11.582325944235233,101.28262608167223,36.898125128191445,10.459411822878721,11.582325944235233,103.06832907432164,36.89644084191198,10.490085486990994,0.073,normal
37.329860377397154,11.042924589220647,13.639112779089132,185.15892484456492,37.33438833150635,11.043333392578194,13.639112779089132,182.51393907598955,37.33893032691518,11.043532807487855,13.639112779089132,180.63900454076557,37.302746406132336,11.040391828966785,0.069,normal
32.78653352590289,9.767394546636705,17.569482030677108,3.727823055566339,32.78068942327662,9.767013775595984,17.569482030677108,3.892245083310022,32.77484643741339,9.766616235291252,17.569482030677108,8.125067035010307,32.821330578420216,9.772162485983976,0.149,normal
32.78146993343582,10.592237700607095,18.622909748690837,25.120524442534215,32.77584943508111,10.58960241121312,18.622909748690837,28.345655068512645,32.770386098434365,10.586655089610437,18.622909748690837,30.10951849473368,32.81451503293904,10.609344515847422,0.1,normal
37.75423800283787,10.561727341621122,3.5957919833765573,142.38059577170642,37.755030085799355,10.561116928169326,3.5957919833765573,154.57850431709687,37.75593326010487,10.560687654161418,3.5957919833765573,153.93128008738177,37.74990063213699,10.565496966085066,0.713,degassing
37.60515120090466,8.59108872186151,15.670719922854095,90.69657368380923,37.60521470495503,8.585865534584029,15.670719922854095,92.56073799752653,37.60544808601848,8.58064717743074,15.670719922854095,88.73465539758148,37.60465266082852,8.62241611905776,0.102,normal
35.65504894202938,7.817480976283281,19.385543836235193,47.70137265313292,35.65070015200418,7.81270148842512,19.385543836235193,47.02628944422557,35.646295351184094,7.807973570426144,19.385543836235193,47.72972320347228,35.67582746413234,7.85009866563958,0.125,normal
36.43536205393469,7.885975635360673,1.2856340125545334,104.39790918385714,36.43561070847652,7.885007043125091,1.2856340125545334,140.32188950343414,36.43638035201276,7.884368569298596,1.2856340125545334,140.7490398560466,36.43096207643471,7.889352494805351,0.982,degassing
33.687340553442965,10.131002444829678,8.11977762972679,251.6521440966474,33.688192549116984,10.133571442020525,8.11977762972679,255.57295240051425,33.688866888795054,10.136192683938722,8.11977762972679,258.53495739190953,33.68262952718519,10.11546219613147,0.078,normal
32.88900551433924,8.37320439254448,12.179576106415277,148.40617457193116,32.89246363457744,8.371077456461874,12.179576106415277,149.87831925833711,32.89597525640266,8.369040064786725,12.179576106415277,148.4665869172184,32.868589645151324,8.386479588547047,0.142,normal
36.48390046325126,9.611140026189885,17.028766345452755,7.065296265009793,36.47826730976407,9.610441844475556,17.028766345452755,4.97081300535506,36.472612402900964,9.609950006813307,17.028766345452755,4.733203248310543,36.51770349756414,9.615232735975217,0.103,normal
32.07931126987822,8.594685338832033,0.5115705795851583,61.02352970081954,32.07882681947957,8.59381052010152,0.5115705795851583,47.2156013153421,32.078147577990975,8.593076605256213,0.5115705795851583,18.659796929037498,32.08218439753953,8.599308154868465,0.913,degassing
37.592614029493284,9.768316506816763,13.813119661376069,29.51208117645998,37.5886070651986,9.766048360019392,13.813119661376069,32.42110250652244,37.584720373243144,9.763579781805793,13.813119661376069,29.32570977723584,37.61709535961302,9.78108556117307,0.17,normal
33.68334365055389,7.561453192751442,16.206421657622062,77.33934432750198,33.682159629566456,7.556182403735485,16.206421657622062,75.66091398899849,33.680821735448305,7.550948556022949,16.206421657622062,73.48965981808654,33.69051640521549,7.593004900397397,0.142,normal
32.76812206451499,10.597702461600207,11.960268147100589,339.83880598445825,32.764379590264,10.59907654685053,11.960268147100589,338.5252115282696,32.760669599814086,10.600536065489003,11.960268147100589,342.543774889583,32.79030109589455,10.588773010990828,0.155,normal
33.70148676275446,11.358659671354884,14.501729244318526,102.43068486609256,33.702527302215465,11.353939082293873,14.501729244318526,99.4374610705573,33.70331992307093,11.349170598716013,14.501729244318526,100.88206098511006,33.69276736207273,11.386218902020396,0.083,normal
33.46652635906721,10.773465026125642,12.224585274499368,144.63999872917674,33.46984953922155,10.771106854798118,12.224585274499368,144.55855942018874,33.47316936415287,10.768743962338956,12.224585274499368,146.0947701853072,33.444158206459015,10.7831985161305,0.163,normal
37.739622007288446,10.03047172036854,1.4223913440957978,227.9528281470652,37.74029174950218,10.031214314044213,1.4223913440957978,199.7562532536617,37.74123288863164,10.031552333480027,1.4223913440957978,224.57930275668832,37.73918426036705,10.024586839099209,0.953,degassing
34.05800382246194,10.991539355714547,18.987579825576745,343.18227076383926,34.05194532868459,10.99337056860893,18.987579825576745,347.27823119483094,34.04577151111841,10.994764363491365,18.987579825576745,346.4520256692229,34.09351587569851,10.978145220145043,0.192,normal
36.54256416340756,9.226784942420007,0.9095781112246737,5.83743039086869,36.54156934892944,9.226683236205222,0.9095781112246737,354.8680118296041,36.540573357648846,9.226772686576831,0.9095781112246737,27.91118588527918,36.54561336951133,9.222352009446245,0.7,degassing
37.42936857141456,11.557552327390706,16.543474633812675,338.94203043927456,37.424222352137846,11.559533752168868,16.543474633812675,334.50700132995365,37.41924476315617,11.561907193747041,16.543474633812675,334.01567554173903,37.46021453916332,11.545639831428776,0.045,normal
35.01896151280099,11.944048584819491,1.971846064109697,112.78994400307839,35.01934886658504,11.943126653669141,1.971846064109697,106.4455268906525,35.01963197021794,11.94216756434429,1.971846064109697,95.19760166835076,35.01510613856657,11.94828765263907,0.778,degassing
33.205422125563125,8.59965690876242,3.0403110466113175,177.00745749796465,33.206420761901356,8.599604702786136,3.0403110466113175,137.44209197980044,33.20715735605242,8.598928367768101,3.0403110466113175,101.74023552000679,33.19981932709377,8.601615962837316,0.86,degassing
32.98045924617788,8.467566081246787,19.611347161811317,40.08128831925496,32.97545749159384,8.463357003791375,19.611347161811317,36.25931150710291,32.9701862981639,8.459490687486577,19.611347161811317,37.03509510261123,33.01357912487639,8.488415002921927,0.059,normal
33.89365351844591,11.035464011627736,8.15595320232677,277.81856746265316,33.893283682315534,11.03815738959289,8.15595320232677,276.1033411360985,33.89299462974775,11.04086063065494,8.15595320232677,271.9396920107082,33.8983766002292,11.019867164122461,0.099,normal
34.416655306290934,10.061362662395753,15.634727803118537,287.71574807882195,34.415069450344426,10.066327094350838,15.634727803118537,291.6694029782203,34.413145073166746,10.071170367644566,15.634727803118537,290.625577659087,34.424477632055016,10.031125002426919,0.132,normal
35.923040486403465,10.700698136806528,8.813167730292493,130.5042124003591,35.924948548826414,10.698464415309079,8.813167730292493,128.9420570610995,35.92679500777592,10.696179507589758,8.813167730292493,124.91214637873982,35.91271890765331,10.714979627319734,0.124,normal
35.54083368117854,10.796124443950363,17.259199661569784,79.54496736220185,35.539789707958136,10.79046689194546,17.259199661569784,80.06838490363263,35.53879746135207,10.784800039075845,17.259199661569784,79.64597053302799,35.547124352522836,10.830047612874191,0.168,normal
36.68871423789059,11.243409498828402,1.2435835598007778,56.872758222135225,36.688167737690655,11.242572039855398,1.2435835598007778,52.86369425236368,36.68756402443113,11.241774838312327,1.2435835598007778,14.96176971948254,36.6927528306035,11.247169149552134,0.761,degassing
36.11709369298074,9.515428303056238,12.617942787895549,5.759811766936907,36.11290894659097,9.515006197345631,12.617942787895549,1.9852366225554698,36.10870549014871,9.51486049382592,12.617942787895549,1.8872426253061567,36.14225648617048,9.515339052518128,0.011,normal
34.67942348981766,11.288554981576707,15.11498795180874,188.4111412477661,34.68440762640228,11.289291965168813,15.11498795180874,185.2831953131655,34.689424551623844,11.28975588717788,15.11498795180874,182.46084528248596,34.64982969639652,11.282549165239981,0.007,normal
36.51070351612843,8.328384046113893,8.155271221031027,242.4924035426462,36.51195906420374,8.330795150977366,8.155271221031027,242.60437045584976,36.513209898124536,8.33320870481655,8.155271221031027,243.82365637328786,36.50342302326004,8.313791490189368,0.038,normal
35.47233437342396,9.357867101545564,16.37616229326919,337.85116088002394,35.46727846476869,9.359925115163955,16.37616229326919,339.68761073939874,35.462159200594456,9.361820047009253,16.37616229326919,337.23660439326426,35.50325822049366,9.347194283693943,0.065,normal
35.920348134083035,11.763117976933195,8.582367721843376,207.254254304095,35.922891327488344,11.764428046542946,8.582367721843376,202.7714645861653,35.925529135470576,11.765535333374844,8.582367721843376,202.5652079011095,35.904766925072536,11.75596394703392,0.057,normal
37.97066441644263,10.426421049575017,12.964494027278391,25.350539546140148,37.96675905607511,10.424570777853784,12.964494027278391,30.258085144695123,37.96302629990626,10.422393192855106,12.964494027278391,25.359037864438854,37.9933540477495,10.438854744673927,0.102,normal
33.49173221256962,10.296438513708496,18.79938265777551,272.95031260624575,33.49140967835086,10.30269666868521,18.79938265777551,269.40920995797495,33.491474292134264,10.308962796444346,18.79938265777551,267.5277038695211,33.495642157498885,10.25905778752135,0.176,normal
34.83214241865075,9.884014488433694,9.601721382358237,343.57138314468057,34.82907251520431,9.884919676503198,9.601721382358237,340.33250931723535,34.826058657574656,9.8859968648803,9.601721382358237,339.8933496700421,34.84991324662243,9.876768984018689,0.155,normal
36.11368672506641,11.604427802184548,19.226299327256655,137.2949723020776,36.11839623966808,11.600081221973609,19.226299327256655,138.11530583332774,36.123167501700635,11.595802513531781,19.226299327256655,140.6059330415754,36.08156335213803,11.625427522696139,0.15,normal
34.4894312872457,7.930602005949794,10.270521663249134,350.8398678091734,34.48605143906956,7.9311470087012115,10.270521663249134,354.0513368094605,34.48264636691014,7.93150181186061,10.270521663249134,352.94423550649276,34.50977375772207,7.927850136107099,0.153,normal
33.10965297245414,8.583432960253036,3.5363950063527074,158.40902015082182,33.110582806882846,8.583064982080863,3.5363950063527074,176.44304716595593,33.11158088050504,8.583002941411216,3.5363950063527074,176.2990373609139,33.10786300136333,8.588778824062619,0.967,degassing
33.35975851958429,8.40598980481654,14.061035914778344,327.24403193671054,33.35581682379259,8.40852576923024,14.061035914778344,325.56665267852753,33.35195104879774,8.411176026748118,14.061035914778344,328.6588124320898,33.38455360730305,8.392855213364255,0.143,normal
32.55303721119278,8.15258146483611,12.400232380004159,263.46234852457536,32.55350782525553,8.156687997094647,12.400232380004159,263.06340149368964,32.554007021213565,8.160791152975422,12.400232380004159,266.3372106844968,32.55060128720323,8.12791489695705,0.042,normal
37.11294062339827,9.963295611830722,15.175819080301313,62.827380576117974,37.11063049526783,9.958795300027372,15.175819080301313,63.159073276734354,37.10834645859145,9.954281690078849,15.175819080301313,65.26427569864838,37.12741798043869,9.989925427611162,0.193,normal
36.62304107221131,8.57792143059585,18.686602122058776,71.55519479290598,36.62107031488395,8.572012547087116,18.686602122058776,68.30148096085979,36.61876736096347,8.566225043998283,18.686602122058776,72.81046612893188,36.633778531826025,8.613697837751312,0.199,normal
37.665480398662424,7.772094667512962,9.175055866377576,343.3916634781203,37.662549638102185,7.772968829524262,9.175055866377576,344.0763350902844,37.659608641001704,7.7738079080297755,9.175055866377576,341.3903006958305,37.683549616877016,7.7690130707330995,0.185,normal
32.91482830249202,11.530252547181453,3.1733267860961822,40.168199845635954,32.9140641483408,11.529607513513206,3.1733267860961822,55.19230066960538,32.91349332443333,11.528786441003213,3.1733267860961822,95.04567413070279,32.919176289087304,11.533466185986503,0.826,degassing
32.618730310430806,8.669048356021325,10.391019509236129,246.269932586029,32.620124190323125,8.672219180941216,10.391019509236129,242.17979034916843,32.62174068182924,8.675282510345227,10.391019509236129,240.93719472827158,32.61034819485933,8.650108693222835,0.094,normal
37.09105915449197,8.166550610148697,1.7220104314083167,72.20169273105353,37.0907534873166,8.16559847172499,1.7220104314083167,90.29724615727378,37.09075867521746,8.164598485182239,1.7220104314083167,57.40322924571065,37.08735119205593,8.17084062523393,0.906,degassing
35.701881895386315,9.188159081262215,2.8142813578674857,44.9528863881025,35.70117420739908,9.187452556165194,2.8142813578674857,10.54236514963894,35.70019108750731,9.187269593659748,2.8142813578674857,22.857810311283174,35.70760661122029,9.187269820921392,0.837,degassing
34.143184849259825,10.811893343020042,2.4701736995345773,25.18584228887793,34.14227991702548,10.811467787323037,2.4701736995345773,51.919090348206254,34.14166314338302,10.810680646754928,2.4701736995345773,47.726830622277774,34.14745344497624,10.815858025439342,0.853,degassing
36.081677815821514,8.121491345384724,3.555288120162979,302.7545488571469,36.08113677457963,8.122332341445704,3.555288120162979,277.5268131243992,36.08100578442803,8.12332372511522,3.555288120162979,307.9109567319028,36.080448841606945,8.116856245583316,0.88,degassing
35.6042442965008,8.593306202016274,19.570574285507128,92.519802483197,35.604531101142456,8.586788984940267,19.570574285507128,90.10111150701938,35.60454261338791,8.580265470336428,19.570574285507128,91.44736406422051,35.606713236184326,8.632341858732945,0.19,normal
37.03632107035486,9.66993060943442,1.39911740077066,128.86286722990053,37.03694852890976,9.66915195947335,1.39911740077066,156.51407953891726,37.03786568694279,9.668753435769588,1.39911740077066,149.16439931424998,37.03208595151567,9.67288340064637,0.897,degassing
35.541908578305254,7.711630343850136,0.5712381837103496,155.030665087149,35.54281511215061,7.711208210710934,0.5712381837103496,173.24010583264942,35.543808160295725,7.711090501826412,0.5712381837103496,152.92419654837147,35.53640437079531,7.711688710008598,0.718,degassing
33.50857621258376,8.653870369608688,10.77805396032334,194.09781251246588,33.512060690301695,8.65474546849013,10.77805396032334,197.84907073042461,33.51548044909864,8.655846664562507,10.77805396032334,202.131846663596,33.487872853974096,8.648054559985713,0.079,normal
34.918211583098305,8.447558208642155,11.337638133663729,98.36080148066297,34.9187611040216,8.44381916124054,11.337638133663729,103.31168073839535,34.91963126068803,8.440141488594351,11.337638133663729,104.54130958849564,34.914925063908086,8.46993544595604,0.039,normal
33.25190597860162,10.390841159949836,18.291054320284015,133.55774479729894,33.256107344061306,10.386422771321804,18.291054320284015,132.70144199763078,33.26024220861716,10.381942087791476,18.291054320284015,130.91763464960914,33.228617325820125,10.419000943969658,0.075,normal
34.60135720286913,10.0161445468282,19.22385544043658,339.82285820562305,34.595342502540106,10.018354801654215,19.22385544043658,340.5493211661421,34.58930026222328,10.02048861945281,19.22385544043658,338.143668680455,34.63704603279093,10.001872946729417,0.122,normal
35.089975717329786,10.904147898274296,1.2321749727958038,106.67894618010101,35.09026272587025,10.90318997025106,1.2321749727958038,127.45259563456617,35.09087083070036,10.902396113516133,1.2321749727958038,89.20636732237409,35.08632712371344,10.908543947800792,0.964,degassing
37.18964480332295,7.936159649116822,17.716160142637243,93.064591543158,37.18996051541186,7.93026270769594,17.716160142637243,93.51161967506958,37.19032222602673,7.924368408952621,17.716160142637243,91.31354034946959,37.18786503074377,7.971537091653145,0.083,normal
35.623407388912426,9.121468745530084,19.719948845522488,282.7322595395682,35.621958660045635,9.127880427962305,19.719948845522488,283.22506185901926,35.6204548384169,9.134279412838834,19.719948845522488,283.4323138439577,35.63335279556132,9.083346702550813,0.17,normal
37.53453703712201,9.82350506052611,11.520055277081548,270.99767027890374,37.53447017567615,9.827344496820245,11.520055277081548,266.3339097745048,37.534715712956924,9.831176657170937,11.520055277081548,264.5896263742588,37.5335474148665,9.800499290597278,0.101,normal
36.7942740837837,10.557121889388526,19.07836639072061,152.58059972432915,36.799919114912015,10.554193357784882,19.07836639072061,152.51759385504533,36.805560922239174,10.551258620338976,19.07836639072061,153.6455384198442,36.76362083628976,10.579623284564303,0.187,normal
32.862457228052634,8.97561015429272,9.91775598071963,172.02909297265813,32.86573120693925,8.975151721704325,9.91775598071963,175.59338651806695,32.869027352940726,8.974897714371595,9.91775598071963,175.061115254408,32.842681593379716,8.977084769527076,0.191,normal
35.74013683358901,9.31037296208037,11.506441304080537,235.40437735670432,35.74231454595479,9.313530251901854,11.506441304080537,230.410491484917,35.744758832009396,9.316485987994296,11.506441304080537,231.93374348949666,35.7284177570366,9.290580080242258,0.074,normal
34.975763175485916,9.731124060058002,17.01651244958522,47.371310471915606,34.97192172917719,9.726950714633878,17.01651244958522,45.271446739908015,34.96792994553778,9.722920927400281,17.01651244958522,47.71875656566839,34.99953145745228,9.755398627272431,0.172,normal
36.362800349808104,8.892646993659717,13.334395864790473,284.8049477957119,36.361664573761786,8.896944230860425,13.334395864790473,283.96182501456,36.360592153400454,8.901257715455872,13.334395864790473,284.09915149657985,36.36993401121067,8.866985588809525,0.199,normal
35.46521804949616,10.848594000704324,18.365539018049894,57.58572863759526,35.461936512826746,10.843425972096632,18.365539018049894,53.38872393218423,35.45828554858911,10.838511965306026,18.365539018049894,49.86176044178179,35.48519649631083,10.879340221257403,0.167,normal
37.638566778220586,11.869784193107677,16.00190009036496,99.21504484106624,37.639420961708474,11.864519065256289,16.00190009036496,95.81996891630826,37.63996184209443,11.859212592875268,16.00190009036496,91.71738285108755,37.63198365477316,11.90107799068131,0.065,normal
31.99314330070733,10.360604324414842,19.140639474189207,175.37537875973732,31.99950274195347,10.360089905345207,19.140639474189207,170.74525129068013,32.00579990413671,10.359063811596895,19.140639474189207,173.17340123959988,31.955480036289206,10.36723078084332,0.096,normal
34.62952245947337,11.956442342432377,2.5147862097254925,317.1040959109282,34.628789867913675,11.957123010932206,2.5147862097254925,348.8972244972929,34.62780858457692,11.957315580433951,2.5147862097254925,333.81469860699434,34.634053655979926,11.95262473880324,0.707,degassing
35.05379966594092,10.332644285499885,16.631475425410475,174.96864350159544,35.05932212989745,10.332158086927622,16.631475425410475,171.3225521173075,35.06480249680105,10.331321680444614,16.631475425410475,174.9676180706723,35.02086153226375,10.336545869572133,0.062,normal
37.29914107258879,8.076287506503935,17.91393368984101,153.1017472787606,37.304466355577915,8.073586040440738,17.91393368984101,149.1884472032018,37.309594855841695,8.070527438987577,17.91393368984101,149.51451582888816,37.267950837826724,8.093879389285,0.163,normal
32.38120505797237,8.641025596101096,18.450172602298647,244.56505899908234,32.38384642121068,8.646579550360547,18.450172602298647,248.21439836543422,32.38612891971627,8.652290365385104,18.450172602298647,252.2784315559575,32.369567150615595,8.606043742058814,0.127,normal
35.758175337088595,10.421790338483492,12.942483214542577,244.07934169183795,35.760061169494584,10.425670495940025,12.942483214542577,246.84270588011603,35.76175774230618,10.429637059496294,12.942483214542577,249.63015938738,35.748717044495315,10.397776757255235,0.006,normal
33.33204351169244,8.031525506253605,17.67746470364169,146.4098727758534,33.33695205211635,8.02826549881479,17.67746470364169,142.28368568576064,33.341613301255045,8.024660755542195,17.67746470364169,139.71160564463725,33.303855159172194,8.05280795614806,0.196,normal
37.79206984847741,8.20117531437477,8.433414807510005,342.5461734185635,37.789388137900424,8.202018479097504,8.433414807510005,339.5677390595095,37.786753860781644,8.202999846729883,8.433414807510005,339.6406193060382,37.807719609965275,8.19493532158131,0.187,normal
35.581465562655175,11.447261665459122,13.170627000178902,83.92205450881788,35.58100072153495,11.442896134815872,13.170627000178902,85.57479261316784,35.58066198321163,11.43851901345446,13.170627000178902,84.09322102919003,35.58459493316333,11.47339891623296,0.175,normal
34.02071557079577,7.798895357340487,13.452109349007783,349.6756470321381,34.0163041355997,7.799698988096971,13.452109349007783,352.16386581593133,34.011861970844734,7.8003103432897225,13.452109349007783,349.51155353209487,34.047152001962765,7.794116762956358,0.079,normal
32.456447683713,8.150883039423267,18.991306611734387,255.27543288401154,32.45805670737443,8.157005576229867,18.991306611734387,252.15135436130421,32.45999700851583,8.163031324778547,18.991306611734387,254.66874348361387,32.445697723435146,8.11447568844089,0.138,normal
36.313072406231036,7.82052775788994,11.269634876569528,208.10993594507767,36.31638584857633,7.822297709824966,11.269634876569528,204.31271886154624,36.319809232714306,7.8238443419957715,11.269634876569528,203.7571541301055,36.294042765499725,7.8085315504564035,0.027,normal
32.65303654276391,10.8888817163764,8.09943169902219,213.4257352385598,32.65528980607341,10.890368922331254,8.09943169902219,215.18943000807752,32.65749622956692,10.89192477337214,8.09943169902219,211.6726568722577,32.64021690891827,10.879016751389186,0.142,normal
37.9641709136395,9.97157313671581,16.338537906561427,273.91918379193277,37.963798670923175,9.977006579855452,16.338537906561427,269.10989980905447,37.96388327489035,9.982452101975534,16.338537906561427,270.7188686051397,37.968592920978395,9.939235175963136,0.047,normal
34.46339945004041,9.374750717333043,8.264484574470668,103.5881619153311,34.4640466729233,9.372072997985446,8.264484574470668,106.9805289867965,34.46485121141576,9.369438269122968,8.264484574470668,105.61681613396931,34.45911975368112,9.390705878660079,0.113,normal
34.376566987111374,8.213191487350523,3.330540164829541,222.8453630748702,34.3773001788085,8.213871509361397,3.330540164829541,200.17165914258752,34.37823884251518,8.214216343300787,3.330540164829541,174.28490083894553,34.37520106414219,8.208081369751957,0.953,degassing
34.20546182695573,11.871007899028589,16.58520709587692,132.63714281690721,34.2092065069549,11.866940884839241,16.58520709587692,133.72971164995863,34.21302805502948,11.862946012747894,16.58520709587692,131.13958663908303,34.1829432895966,11.895303329573325,0.114,normal
33.74306017614341,7.95450990660951,0.6381264541243851,134.85720180454382,33.74376551840901,7.953801039704968,0.6381264541243851,118.34180262742709,33.74424024888236,7.952920908477438,0.6381264541243851,88.29074962548088,33.74073054766677,7.959270445769203,0.995,degassing
34.31473615205478,7.925664769897343,0.8455805713243887,62.929871626048566,34.314281071329205,7.924774319711643,0.8455805713243887,73.8039112672243,34.31400214577778,7.923814006983018,0.8455805713243887,44.49134440958211,34.31388362473784,7.931510059497229,0.794,degassing
35.10815461603206,9.157502806853982,3.739281371067372,267.2204744606543,35.10820310887862,9.158501630383858,3.739281371067372,269.31438592072124,35.10821507481613,9.159501558789465,3.739281371067372,255.2880733077904,35.10834125416069,9.15186316769496,0.975,degassing
32.84853119245495,9.554335778608127,9.666276059150041,247.3669272416957,32.849771144204304,9.557309731641178,9.666276059150041,244.30492240921802,32.85116818424129,9.560213204754294,9.666276059150041,246.945358918253,32.84003059377663,9.536981954609557,0.167,normal
36.677048188199045,7.648177311428896,3.2419863101027464,50.65644611529879,36.67641421926811,7.647403952912676,3.2419863101027464,19.135084338755007,36.6754694709008,7.647076156447683,3.2419863101027464,351.5828550927339,36.682045605859216,7.650590212316543,0.898,degassing
33.597914559068585,8.512496774471636,10.56256499387976,132.49392048454663,33.6002929387753,8.50990067549676,10.56256499387976,131.06853655300858,33.60260600437276,8.507246217461963,10.56256499387976,127.2663781794933,33.583571086517004,8.527976157721772,0.193,normal
35.81991982563942,11.49828148161451,2.2022333432656302,180.83303883827773,35.82091971994608,11.498296020372797,2.2022333432656302,169.16106797329653,35.82190187964594,11.498107971645142,2.2022333432656302,171.5055251930937,35.81582476355366,11.502378749796625,0.867,degassing
36.73809587474253,10.394867396920551,16.53884024700623,167.7388964641297,36.74348307100809,10.393696628688323,16.53884024700623,166.2953950347441,36.74883906461383,10.392390522125835,16.53884024700623,163.7660436702364,36.70566965086768,10.401231926448245,0.153,normal
36.620785377774205,9.56524051528905,13.350815445880842,81.91731406282078,36.62015966042132,9.560834451623567,13.350815445880842,85.85080676369788,36.61983766632436,9.556395843842797,13.350815445880842,89.20225166409705,36.62394852750313,9.591738423369982,0.106,normal
34.35944103142441,10.946810675676966,17.986221120253035,179.44004935306344,34.365436152152554,10.946752083601966,17.986221120253035,176.60234150452837,34.37142102077048,10.946396762335418,17.986221120253035,179.83888155299832,34.32353415095104,10.94482931975911,0.119,normal
34.832155388760796,11.452102946244024,19.42615449925662,209.33737796669163,34.8378003043827,11.45527556919013,19.42615449925662,212.56079555231605,34.84325789374404,11.45876058383852,19.42615449925662,210.73610093449753,34.796994733104185,11.435621340110579,0.095,normal
34.46872678082213,11.939279158912127,2.338687195075838,278.1151286760393,34.46858561818411,11.940269145331037,2.338687195075838,257.17798596445556,34.46880754133472,11.941244209490579,2.338687195075838,255.59258765184865,34.46987701779806,11.93365517115482,0.993,degassing
36.222359076988,7.779311875899881,12.023791737704501,254.44760260193533,36.223433681375475,7.783173058741754,12.023791737704501,253.12203081665012,36.22459732096419,7.787008348878828,12.023791737704501,255.82546713522242,36.21655052309932,7.7559840885873585,0.076,normal
33.75531273167269,11.819885795144453,3.572505796157765,16.288552182687113,33.75435287032207,11.81960532021225,3.572505796157765,359.6485479777637,33.75335288913496,11.819611454168735,3.572505796157765,354.03316275181527,33.759306028556466,11.82393278038663,0.753,degassing
36.0056173375753,10.185361836228939,1.6190788321221112,101.07001423967958,36.005809345955726,10.184380442942919,1.6190788321221112,113.85443085106485,36.00621376027931,10.183465867054935,1.6190788321221112,127.98538882038858,36.00595866298802,10.191241157735691,0.853,degassing
33.5772282463675,11.730607276413624,13.804969599861879,175.48912386763354,33.581815648912254,11.73024536379609,13.804969599861879,178.74416924556076,33.58641620013635,11.730144511008262,13.804969599861879,182.17790337500765,33.549795641565545,11.728302585557595,0.103,normal
37.69769020500665,9.056500772361439,2.5521330433087055,97.76714266464825,37.69782535239394,9.055509946855253,2.5521330433087055,123.36383126153176,37.698375306015336,9.054674751659915,2.5521330433087055,136.81283968823024,37.69617845517642,9.06186341804457,0.764,degassing
36.72246840035785,8.082524796288897,3.191639003692735,252.67796375280054,36.722766142415765,8.083479442645904,3.191639003692735,288.8309099824867,36.7224433660682,8.084425917912064,3.191639003692735,290.2623916283862,36.72021725642877,8.077125328623355,0.755,degassing
37.75194494107797,9.350948515223754,19.895414195336805,336.95244801395216,37.74584248531823,9.353544833328447,19.895414195336805,339.3104435243181,37.73963837598922,9.355887878661807,19.895414195336805,339.49675089182404,37.78992892989572,9.339419758407358,0.092,normal
33.019320153546126,10.957882169820664,1.9811838846771563,163.8494563596639,33.02028068769254,10.95760400772122,1.9811838846771563,124.68390723915054,33.02084973627655,10.956781703818134,1.9811838846771563,145.0855169086962,33.015778182701396,10.961859081539632,0.918,degassing
34.939890863048305,8.9427439689849,3.893548406368688,57.11315827589767,34.93934788143578,8.94190422439965,3.893548406368688,44.21825098065922,34.93863119293926,8.941206830967676,3.893548406368688,24.52883763854862,34.944341645417516,8.946641509122369,0.755,degassing
33.56447240768736,10.629397230343205,10.45531484391637,283.36538974549137,33.563666789979195,10.632787943631978,10.45531484391637,287.2922225129976,33.562630859019784,10.636115525869235,10.45531484391637,282.9718666926,33.56935056748992,10.609072369720126,0.126,normal
34.36066587366769,11.967104625633333,0.5577845664011314,38.20756524187783,34.359880098435006,11.966486113480096,0.5577845664011314,66.60011576336696,34.35948295239865,11.965568358051996,0.5577845664011314,90.53199672021441,34.362927388841335,11.97228788420904,0.954,degassing
33.81033072430972,11.599933082063055,10.453780449112857,47.02569538621985,33.80795538041793,11.597383546195928,10.453780449112857,43.10574401036742,33.80541130041291,11.595002359796228,10.453780449112857,40.45426619191162,33.82308430235923,11.616385894198753,0.177,normal
35.571440362483344,10.114033400367253,2.0423336372735954,147.1286649086255,35.57228025399136,10.11349064604459,2.0423336372735954,158.28530120740157,35.573209291676626,10.113120660937655,2.0423336372735954,193.39016763181962,35.566198941374076,10.113808793766532,0.798,degassing
33.09008879580081,11.2012491557677,8.595511793213296,168.67803013525494,33.09289820860745,11.20068665933571,8.595511793213296,165.91872685637554,33.095677285378336,11.19998956905771,8.595511793213296,168.44585544725058,33.07338880144234,11.205223799391034,0.169,normal
34.15344946667509,9.652929005148396,16.902195180135504,251.44697509023317,34.155242125639035,9.658270265574531,16.902195180135504,254.71915865003947,34.15672698633104,9.663705141638083,16.902195180135504,254.45615112349927,34.142687756476086,9.62090620616411,0.031,normal
34.20698258865431,11.46216480241924,11.877961983356364,248.73318434660845,34.20841868001311,11.465854499115006,11.877961983356364,243.84998919237,34.21016364309285,11.469408556507329,11.877961983356364,248.59166900462057,34.19779090898604,11.440287584112253,0.029,normal
35.16050438661686,9.741815941355698,3.628204764266332,167.25261096912402,35.161479738993535,9.741595288367263,3.628204764266332,155.33914665541386,35.16238853246166,9.741178042118282,3.628204764266332,122.9031289045386,35.15514276310532,9.740662083173191,0.745,degassing
32.636023410352756,7.5413075880316445,19.984526832457902,349.61021438155973,32.629471125926315,7.542508949845604,19.984526832457902,354.11741163300366,32.62284469642935,7.543191689572553,19.984526832457902,351.85766777231976,32.67568691899593,7.536559267210163,0.13,normal
32.075557883175925,7.498840130163593,14.67270543184745,327.5671514797959,32.071429861347475,7.501463173492428,14.67270543184745,326.6217439184473,32.067345680961736,7.5041539709760405,14.67270543184745,327.4170722012743,32.0997202381976,7.482290237572059,0.077,normal
34.3421626052793,8.983629658077817,10.807643440396959,342.00490476102226,34.33873628341981,8.984742613271663,10.807643440396959,339.56737306818394,34.335360395867504,8.986000283332725,10.807643440396959,340.14051484595996,34.36279490050966,8.977267549577604,0.023,normal
34.066772958665034,8.314927303614107,1.223576060853549,188.42073570275227,34.06776217806485,8.31507374465697,1.223576060853549,205.35678457585308,34.06866583662567,8.315501998326484,1.223576060853549,205.457851257671,34.06250887111395,8.318468774403417,0.843,degassing
35.38408854264445,8.23930684771627,1.7439098680255087,68.56481010130761,35.38372309409348,8.238376016175874,1.7439098680255087,30.444276295078105,35.38286097172803,8.237869316040701,1.7439098680255087,34.37252920888523,35.38897490338678,8.242180285893541,0.77,degassing
33.217877648276065,9.483513644646921,12.200896995422784,190.31251951197646,33.221878915954015,9.484241701437838,12.200896995422784,187.8374397970526,33.22590789187295,9.484796284854536,12.200896995422784,189.84305134294578,33.193834782517776,9.479583993109237,0.159,normal
34.34332890244859,11.649381788018417,14.773843972694829,83.91153994648393,34.342806579106856,11.644484951503667,14.773843972694829,84.13682348900294,34.34230351381835,11.639586099103257,14.773843972694829,84.34790341050375,34.34891246579176,11.678332548957952,0.171,normal
37.57337910713979,10.88995029613458,13.628899246344876,301.08584058214035,37.57103347497383,10.893840868533841,13.628899246344876,299.3977040091635,37.56880347431287,10.897798852983536,13.628899246344876,298.4714300321168,37.58872561140785,10.867439109044772,0.148,normal
34.276077668871764,9.988955622986595,11.87023652160379,101.53945660302072,34.276869186965484,9.98507885447196,11.87023652160379,103.76696590023393,34.277810787569344,9.981235779750909,11.87023652160379,103.05043997125105,34.27077613088537,10.012079474603915,0.011,normal
34.43567563256232,8.565918703947107,3.2700195177020266,189.07725974696055,34.43666310906302,8.56607647010499,3.2700195177020266,153.4861280166993,34.437557935368645,8.565630055630807,3.2700195177020266,164.0119341978129,34.43128361395013,8.562750662441537,0.975,degassing
35.35404663736446,10.949413663505114,13.648273215077579,121.89733471658865,35.35645054795052,10.945551219161016,13.648273215077579,119.11465963647107,35.35866411100715,10.941576624714864,13.648273215077579,118.59435421554336,35.33649582440131,10.970277623621207,0.049,normal
34.29413703524837,7.621657364339012,14.832593261817244,187.21598944281075,34.29904207340429,7.622278405496321,14.832593261817244,182.916659973087,34.30397986646416,7.622529982776548,14.832593261817244,179.8125241821799,34.265836885643814,7.612918395173428,0.189,normal
36.37367507060062,11.866705897506586,2.9019403292679398,201.74872241873453,36.37460388841595,11.86707643423341,2.9019403292679398,223.24289659478956,36.37533234432772,11.867761526916633,2.9019403292679398,227.9274380513972,36.36795740580976,11.866169980396798,0.921,degassing
32.71825534899742,9.577225919882425,15.008644212884807,127.44571101686769,32.721297148100916,9.573253983256622,15.008644212884807,122.98966898131515,32.724021156016555,9.569057722633048,15.008644212884807,118.41725595960983,32.70016634295254,9.601164767182926,0.134,normal
34.971415901222414,10.68716490567571,16.28819103991571,279.4594671433594,34.97052358072012,10.692520474370935,16.28819103991571,277.0429245692009,34.96985786660728,10.697908904258023,16.28819103991571,278.39726151671675,34.976281123028365,10.654993396341387,0.016,normal
32.264719378372305,10.230789333543681,8.777910332037393,152.67010457366897,32.26731874526346,10.229445982192109,8.777910332037393,153.78883826676878,32.269943844724196,10.228153637845644,8.777910332037393,157.72126600704672,32.249627193682294,10.239724840216615,0.154,normal
37.87573122438506,10.770453409619337,9.013653566482201,55.9846618311129,37.874050433928375,10.767962973656099,9.013653566482201,60.95943819815168,37.87259193862776,10.765336165839686,9.013653566482201,61.16500841601933,37.88372409224223,10.786593454359592,0.196,normal
37.61061399995052,9.830108862589507,13.316545262505102,38.799967234571064,37.607154635265005,9.82732746522923,13.316545262505102,40.44024580740546,37.60377630378658,9.82444818550592,13.316545262505102,41.49358792435988,37.63029226654467,9.848014507747438,0.058,normal
33.90891436769843,10.850339916680394,3.6091792549693205,229.49923099229483,33.90956382595265,10.851100313929217,3.6091792549693205,241.19590344544758,33.91004564228002,10.851976586162422,3.6091792549693205,228.48072046703294,33.90335454940902,10.851086616967464,0.796,degassing
34.6739482810787,8.45220763696179,11.50353286469625,169.20908790816063,34.67771498622169,8.4514897187011,11.50353286469625,172.71929961086022,34.681518580231746,8.451003769249123,11.50353286469625,172.99299090525588,34.65163782092481,8.45769815259398,0.049,normal
32.06884137169623,10.52840401845393,16.166378631186888,147.36981466009104,32.07337964297391,10.525498302968535,16.166378631186888,148.70257417233026,32.077984270405786,10.522698928951815,16.166378631186888,150.26981031007713,32.042905755004774,10.547680687388935,0.067,normal
37.70424147737949,10.003231696355966,15.514319194336924,49.27967113296498,37.70086779892999,9.99931224708147,15.514319194336924,48.572878165722194,37.69744602860099,9.99543471220586,15.514319194336924,44.83147435565054,37.722754539805145,10.028112510310818,0.165,normal
37.519115119552055,8.51305882209635,1.2390801084673324,167.99120487770602,37.52009323522602,8.512850760258567,1.2390801084673324,196.78283045442407,37.521050641293314,8.513139505167295,1.2390801084673324,213.3523277493039,37.514482719978595,8.516182887158555,0.789,degassing
33.09300161626138,8.711071431973004,17.40113514178168,231.40097702517807,33.09662027668565,8.715604608132377,17.40113514178168,232.38720093873232,33.10016037600212,8.720199397157735,17.40113514178168,230.2852654621482,33.07132501225937,8.683874644917388,0.175,normal
37.204249240177695,9.933066653818317,13.949782487627832,258.02630729773534,37.2052139260094,9.937615412655957,13.949782487627832,260.01039609036894,37.20602054653914,9.942194843738296,13.949782487627832,261.8486199422516,37.199036020272594,9.905673882705877,0.194,normal
37.82070295667483,11.816015686972262,0.8592654934531001,347.9587611231804,37.819724958972756,11.81622430263499,0.8592654934531001,337.8222220540204,37.81879894191279,11.816601784296335,0.8592654934531001,359.4364017499064,37.826199393831054,11.814128007861484,0.811,degassing
32.92043469768532,9.076006739379796,9.52676875365154,149.79009636538677,32.923179003593965,9.07440888009648,9.52676875365154,150.84347493455647,32.925952220587604,9.072861741862283,9.52676875365154,150.83768900347377,32.903495380640614,9.084702929895663,0.007,normal
35.38698128233156,9.766176500004594,9.436795842610056,283.56515425884317,35.38624347919048,9.769234348458442,9.436795842610056,287.6696395651028,35.385288701264614,9.772231545441281,9.436795842610056,286.14934939743796,35.39075121188341,9.747701885191457,0.09,normal
33.99884353446481,11.319442506635546,0.8667608186224605,87.70817608019505,33.998803545257246,11.318443306523818,0.8667608186224605,50.22451052745876,33.99816376427987,11.317674749238385,0.8667608186224605,69.32564370478158,33.99574545132649,11.324047605162354,0.952,degassing
32.68514222542406,8.484044670498122,2.12017537990188,232.8721834831645,32.68574582055957,8.484841961481635,2.12017537990188,234.0636857988698,32.68633270620481,8.485651631315214,2.12017537990188,226.4687156286214,32.68019203024985,8.485084537720523,0.945,degassing
32.01215571142948,11.123337468325388,16.11048231611239,99.62867319071374,32.01305393611563,11.118042959931712,16.11048231611239,96.9996777204919,32.01370836410175,11.112712823842594,16.11048231611239,99.38438223248767,32.00843550297314,11.15530358596368,0.163,normal
32.895881074937115,7.892857983202519,19.26624847557077,189.96616297103432,32.902206249381805,7.893969430933109,19.26624847557077,194.24222165663016,32.90843094511138,7.895549402732808,19.26624847557077,195.64136899246665,32.857483173277764,7.889885369642486,0.108,normal
35.07729691512435,8.719438701894248,19.071929052942068,316.71861523112045,35.072668822030195,8.72379715812715,19.071929052942068,317.0104847916139,35.06801858673503,8.72813198201306,19.071929052942068,317.6244669358837,35.10151904616047,8.690003809486438,0.081,normal
33.4731141989489,8.202542392535399,13.385903726263951,148.7620297154677,33.476929274197104,8.200228443860674,13.385903726263951,150.84782568167438,33.48082604015636,8.198054881651412,13.385903726263951,151.55237974483313,33.44987671797384,8.21581216412507,0.092,normal
36.11383497489838,11.905462161130576,15.285164232007402,96.06923193805736,36.114373675508276,11.900395664856296,15.285164232007402,96.89841580794199,36.11498563942394,11.895337494929306,15.285164232007402,101.16917807257711,36.10922699719734,11.935626124456236,0.001,normal
33.39098758110637,10.41039460927522,15.75400461268985,313.9967279642582,33.38733991311254,10.414172311769207,15.75400461268985,317.0828316065697,33.38349415635532,10.417748157527988,15.75400461268985,320.21557611020575,33.41318853753865,10.38808685344718,0.136,normal
33.20261191854418,10.428501181375665,15.976962471729225,281.3619490240854,33.20156273120756,10.433722464564235,15.976962471729225,286.204707343955,33.20007650089374,10.438836534534119,15.976962471729225,290.2463485858563,33.207453794408956,10.396928059074456,0.139,normal
35.86703698990542,9.14683086835682,0.8862202818515892,114.25477207174639,35.86744778469578,9.145919140524507,0.8862202818515892,82.72724137716058,35.867321191699446,9.144927185780944,0.8862202818515892,51.90357869787552,35.86715410514957,9.152082714890367,0.828,degassing
37.06966813508739,8.566334207614354,8.715255405578352,139.401645571564,37.07187393717294,8.56444371646068,8.715255405578352,140.29766581168838,37.07410903278263,8.56258795051147,8.715255405578352,135.7919207031772,37.05608682422606,8.577242223776873,0.156,normal
32.875704452283394,11.811315494117693,2.74428362658283,197.97135109150472,32.87665566319478,11.81162403552829,2.74428362658283,210.98328641908702,32.87751298069923,11.812138823539573,2.74428362658283,188.87534118865418,32.87101781748571,11.812147735892106,0.818,degassing
37.291641510024625,7.783093939776802,15.341440720344828,205.98441053939518,37.29623838499969,7.785334437428575,15.341440720344828,201.42425262771815,37.300998840623485,7.787202364492958,15.341440720344828,204.58489777980574,37.26414675321735,7.769497054294671,0.023,normal
37.72737919024928,9.633272479847223,14.305452437928642,68.91723104360268,37.72566388917218,9.628823189649301,14.305452437928642,71.11149604006962,37.7241201993128,9.624311486792456,14.305452437928642,75.28392533916119,37.739952757409796,9.658947302717419,0.08,normal
32.037264310302604,8.288265671852496,11.41454322568515,239.74537284524914,32.03918135901128,8.291552279615459,11.41454322568515,235.81724707237979,32.041319053306495,8.294699838898334,11.41454322568515,232.56399931017907,32.02526450864271,8.268863347817257,0.031,normal
33.240485352161414,8.108370120064812,2.876505342209998,149.60238734287321,33.24134788691478,8.107864122239482,2.876505342209998,186.62857564960206,33.24234120223318,8.10797955480957,2.876505342209998,200.3906734518106,33.235508431251034,8.1090667785566,0.852,degassing
33.859376546099114,10.20287393311135,8.625344698795425,167.97676286682116,33.862188590174426,10.202275022596854,8.625344698795425,164.6750936883659,33.86496147352809,10.20151515182307,8.625344698795425,163.38335212117477,33.84246229601475,10.206199992027017,0.13,normal
33.666708861620975,11.628487587545454,14.475950076535735,192.05729642490388,33.67142772795533,11.62949554672035,14.475950076535735,189.64045745860864,33.67618490168545,11.630303618054603,14.475950076535735,194.50434780292264,33.6388990359272,11.62058499440695,0.073,normal
35.00365727350195,8.781548022166863,9.319895458774408,80.52579087980543,35.00314591063754,8.77848376544077,9.319895458774408,79.7189257523817,35.002591447652556,8.77542701355997,9.319895458774408,77.98562972902658,35.009845002448984,8.799069776913738,0.17,normal
37.905046491914696,11.153151751823408,16.238906791840215,142.35809465538227,37.90933271444439,11.149845919239969,16.238906791840215,139.9256831727257,37.913474772704504,11.146361154396594,16.238906791840215,135.0287596912212,37.881471889023636,11.175405903082808,0.013,normal
34.68321879117259,10.203125397859713,11.797228824953184,209.60708284160484,34.68663776124653,10.205068202266004,11.797228824953184,211.26259195867098,34.68999917648036,10.207108970002261,11.797228824953184,213.7621051342925,34.661771569516816,10.193370012605177,0.154,normal
33.39652124302333,9.108513607417294,3.9921063057363666,265.38282296793744,33.39660174077414,9.109510362207658,3.9921063057363666,267.63541553170086,33.39664299884446,9.110509510730967,3.9921063057363666,278.10899584024054,33.39324330276318,9.103839470892657,0.844,degassing
34.371970210241045,8.973488204608456,10.022378471033523,156.57843560172435,34.3750357387281,8.972160261919264,10.022378471033523,157.91511112020572,34.37813141031135,8.970904191005893,10.022378471033523,153.24649259067215,34.354630094650965,8.983414448709569,0.136,normal
37.08270799738353,9.716560610982102,3.189517585319021,282.38894915122626,37.08249345043475,9.717537324659066,3.189517585319021,297.11627248846924,37.08203765271789,9.71842740804915,3.189517585319021,258.3139466901829,37.087012823634666,9.71523782112107,0.73,degassing
33.90604403285024,11.808166310052044,1.40320390514051,4.269141210399827,33.90504680747874,11.808091868407496,1.40320390514051,20.848129225027048,33.90411228042675,11.80773597630433,1.40320390514051,51.56736586284943,33.91155182027005,11.807709827108742,0.841,degassing
36.28581143970194,7.913683872450142,0.5019117510942825,306.2673749193045,36.28521988552681,7.9144901377029475,0.5019117510942825,321.4461448029989,36.284437862848534,7.915113387677413,0.5019117510942825,313.67724719735537,36.291685022514166,7.913437981114931,0.848,degassing
32.538348717560545,7.628785619616731,2.775879465557139,298.8174946103853,32.53786669633869,7.629661779157958,2.775879465557139,328.7596969090654,32.537011696681525,7.630180407720848,2.775879465557139,0.47739865880553367,32.53731120636352,7.623217767835406,0.876,degassing
37.045697430415665,8.672077378948327,14.836836611970515,20.5117380210634,37.041065367930365,8.670344440056004,14.836836611970515,16.212877386510502,37.03631643798883,8.668963590867033,14.836836611970515,12.692016517076043,37.07368330685578,8.681760361123146,0.025,normal
33.23388900797392,10.933030747404239,3.8613786608932426,132.98708024135476,33.234570841402,10.932299239935817,3.8613786608932426,106.08980829700796,33.2348479851487,10.93133841146847,3.8613786608932426,78.69916489722286,33.230609867859314,10.937778573616894,0.953,degassing
37.37379719269431,11.476467590682871,8.879443567686778,43.08165774186317,37.37163540046997,11.474445919001628,8.879443567686778,45.46454255717375,37.36955953300223,11.472336114208675,8.879443567686778,41.2588895966935,37.386989061628604,11.488334435175773,0.078,normal
37.062211833067614,9.733594691249081,11.897021191268404,157.30203469943075,37.065870372479054,9.732064443716459,11.897021191268404,152.83641638460165,37.06939865904071,9.730253984637939,11.897021191268404,155.5002100901135,37.040609953513524,9.743412031675451,0.196,normal
32.62592116912535,8.504090910283207,2.742685817096544,295.97288968550384,32.625483223304826,8.50498991165044,2.742685817096544,285.35397406494667,32.62521844173474,8.505954220065908,2.742685817096544,262.17354398518876,32.62831385345622,8.498830061876653,0.924,degassing
35.34605050969278,10.95485497161536,8.164289349999082,81.01338917748781,35.34562541242035,10.952166947736265,8.164289349999082,79.67340420481221,35.34513757191172,10.949489599850061,8.164289349999082,77.9366058198246,35.34684849435694,10.971157534181192,0.094,normal
35.61082354052121,7.642818912893645,14.02355719552324,239.93895719205221,35.613165111726296,7.646864672745909,14.02355719552324,241.31083573877572,35.615409150146576,7.650965333675441,14.02355719552324,237.94982295578734,35.59740732653726,7.6182244431006625,0.182,normal
33.95310269541145,9.283829745945615,13.37226306813946,208.43223079161953,33.95702246622929,9.285952008631849,13.37226306813946,209.84754120656322,33.9608886227907,9.288170439522453,13.37226306813946,207.47002520359874,33.929946386456145,9.27049152162395,0.146,normal
35.03614872109263,9.303335070538367,18.545166218847942,76.82993177774236,35.03474026372868,9.297315939733913,18.545166218847942,78.94973065580378,35.03355541202217,9.291248830519406,18.545166218847942,75.03234351511911,35.04668922178886,9.338855071610864,0.076,normal
35.0663912994786,11.504183324182232,14.126269904709574,224.35486284862597,35.06975817182046,11.507475217206068,14.126269904709574,222.79357259537974,35.07321348606456,11.51067415336068,14.126269904709574,220.43650015669803,35.04582803059759,11.4848538772512,0.03,normal
32.96378288140656,8.586179896004772,1.6526328874052365,319.3005466481124,32.96302474084885,8.586831987175358,1.6526328874052365,359.1158134810816,32.962024859919275,8.586847418528814,1.6526328874052365,28.155546684602243,32.96964823074569,8.585922096533038,0.778,degassing
36.74379861393048,9.725855109519705,10.263547492978631,250.86750822598407,36.744919919206986,9.72908731683966,10.263547492978631,253.5422766664439,36.74588916684585,9.73236833020398,10.263547492978631,252.0366955637823,36.73716799122375,9.706445249873997,0.179,normal
34.23299153629709,9.79301154525363,16.50690945533902,24.65602265949576,34.22799088558755,9.7907161515063,16.50690945533902,19.880678238568755,34.22281650397156,9.78884502487613,16.50690945533902,21.456883503314835,34.261307365844985,9.809897511804968,0.115,normal
37.07503393268507,10.5768877366663,15.293542575901146,181.71089299191414,37.08012950759989,10.577039939421478,15.293542575901146,182.7570812200904,37.08522145410777,10.577285153923853,15.293542575901146,181.6883060711222,37.044487535998236,10.577604160577993,0.014,normal
32.526219975529365,8.952666606332784,18.657755074200825,29.51168055110683,32.52080763884272,8.949602996829057,18.657755074200825,34.00443190308138,32.51565191454217,8.946124836605941,18.657755074200825,32.44840405797606,32.560568043952024,8.967208859411912,0.163,normal
37.2717266413181,8.280338613364151,16.75141743952948,54.634310532479546,37.26849477391224,8.275785161878717,16.75141743952948,50.57082235948797,37.264948365151234,8.271472173093764,16.75141743952948,47.00980155528189,37.2894477742929,8.30874755973384,0.041,normal
32.63195300765748,9.65998758558072,3.9123076180845784,355.88453287627107,32.63095558621179,9.660059352283811,3.9123076180845784,354.35017687519087,32.629960444043974,9.660157800573993,3.9123076180845784,359.18165609153425,32.63724534720586,9.65817045255232,0.885,degassing
33.255076999086924,7.807161386277289,1.3115979228973063,83.97175376011728,33.25497198034714,7.806166916034248,1.3115979228973063,99.84406519131252,33.25514294765604,7.805181639332357,1.3115979228973063,72.4480606674056,33.251574802927216,7.811547552908658,0.769,degassing
33.3504141686764,8.443407311455596,11.002488515513798,19.811499135888635,33.346963741458474,8.44216429891172,11.002488515513798,16.388359208632128,33.343445250822,8.44112952753046,11.002488515513798,19.697855230931136,33.37150332743287,8.449617668780244,0.026,normal
33.57279439559334,10.741781592746994,17.348656014607005,232.789381110594,33.57629157658591,10.746387185861897,17.348656014607005,235.9973908181752,33.57952554334877,10.751181267819005,17.348656014607005,235.44333034330816,33.55289616698933,10.713398220261674,0.033,normal
34.898790541082164,9.098792254160173,19.90524706582114,162.63961294890524,34.90512337453682,9.09681247177395,19.90524706582114,164.42834000258836,34.9115149192716,9.095031327825666,19.90524706582114,166.48046942767334,34.86013807725085,9.10818019209939,0.14,normal
37.415625872586226,7.8974034321495346,19.84299672267628,215.4504176247131,37.42101402496583,7.901239733092776,19.84299672267628,210.46142130491606,37.42671538558065,7.904592922340736,19.84299672267628,208.49180294769735,37.38475637952005,7.872486876575614,0.098,normal
37.848196631667804,7.533247317978228,13.827745011946838,338.8134486611092,37.84389892861451,7.534913126700967,13.827745011946838,339.6717620206139,37.83957675424283,7.5365143696356345,13.827745011946838,342.5596873751929,37.87509230692377,7.527082684873156,0.037,normal
37.837708688827504,8.857406467584719,14.706566655935319,107.83649266080987,37.83921023747166,8.852739904873632,14.706566655935319,109.23463546955432,37.84082520215073,8.848111368933118,14.706566655935319,111.79629117367776,37.825550141772226,8.884097015912621,0.183,normal
35.82352923333903,8.064625942846197,19.839340432784567,295.0878686798884,35.82072522246348,8.07061516590744,19.839340432784567,299.74580845507234,35.817444106450466,8.07635690323831,19.839340432784567,297.26542875975684,35.84115680762923,8.029114143637068,0.114,normal
36.73527332841445,11.322724726980722,3.3025629429622194,195.7767297799704,36.73623565691305,11.322996616408217,3.3025629429622194,210.03006153928294,36.737101419861226,11.323497070719382,3.3025629429622194,228.9857605791717,36.73313695387102,11.318670176704286,0.991,degassing
37.57682069862625,10.35239052827548,19.684939225931423,335.6106569203282,37.57084461038175,10.355100061978169,19.684939225931423,333.95084411781744,37.56494951161274,10.357981557092812,19.684939225931423,329.71843655609,37.61229101719132,10.335413370079394,0.136,normal
37.89903808235462,7.809262684209003,18.36914276728072,316.3417960959697,37.8946082353716,7.813489759732965,18.36914276728072,317.8506501470734,37.890068619426714,7.8175987253998045,18.36914276728072,314.11938060619207,37.92281681420028,7.781451341668514,0.001,normal
32.25769328037247,8.82356865842084,16.558525330931886,5.46874129080254,32.25219889485162,8.823042634459682,16.558525330931886,4.236040163425239,32.24669446453672,8.822634933137724,16.558525330931886,5.648188992831789,32.290394989335326,8.828463444195771,0.121,normal
34.37517443267089,8.10428247432154,0.7118158585656014,215.11104202370922,34.3759924715583,8.104857637236448,0.7118158585656014,199.3766123838258,34.37693582972282,8.105189413325759,0.7118158585656014,196.94906955459675,34.37043211515373,8.101075652486017,0.718,degassing
34.219655859318834,8.985411674124887,10.88317496557678,5.375944995535615,34.21604409128786,8.98507179137622,10.88317496557678,1.695763653307779,34.21241795505839,8.984964438510922,10.88317496557678,6.480420607179593,34.24133621923771,8.986673815340655,0.077,normal
36.61144915515933,11.153709595551716,16.2893748249787,228.56281267013992,36.61504258353051,11.157780210916867,16.2893748249787,231.9997147833549,36.61838551834217,11.162058928453098,16.2893748249787,229.23078027844437,36.588110505946574,11.131023938425487,0.119,normal
36.552681251319086,10.38624574598356,17.10927625119805,218.50890084533017,36.55714398611996,10.389796697604265,17.10927625119805,214.09416006948595,36.56186681633044,10.392993592053331,17.10927625119805,216.01105199571512,36.52499714630965,10.366204668011667,0.137,normal
34.96301408415565,10.696830780256047,9.885426263315114,295.63803842085656,34.96158832765672,10.69980150067109,9.885426263315114,297.3918906408008,34.96007231804984,10.702727193110574,9.885426263315114,294.910228850412,34.97303739655322,10.679856670914708,0.062,normal
36.57367864870143,9.944240070101857,10.815530349192258,329.88346005122224,36.570560146953405,9.946049005281653,10.815530349192258,328.43985241179206,36.5674882075799,9.947935930855875,10.815530349192258,327.6394580589189,36.59256795847949,9.933735003760718,0.095,normal
37.124424443380214,9.616860777683408,2.3589581598229943,13.586473758668422,37.12345242689497,9.616625865034928,2.3589581598229943,41.7452240837456,37.12270631401763,9.615960045559198,2.3589581598229943,59.8103465352482,37.12642903499541,9.612170141706436,0.908,degassing
32.33171401056439,10.23912600563532,15.216659324442734,215.76202097059308,32.33582987032722,10.242090311938112,15.216659324442734,212.3759836020334,32.340113625971455,10.244806347840763,15.216659324442734,215.73916522431895,32.3060952932279,10.222714543579494,0.084,normal
33.910121188236104,8.022936625206032,3.4600029385395823,267.71099330408384,33.91016112831312,8.023935827282816,3.4600029385395823,243.99070866863235,33.910599645206474,8.024834550229137,3.4600029385395823,221.09195525653044,33.91256107073852,8.017869316493181,0.998,degassing
34.143804386547714,9.510546042075264,19.335681550971206,310.2886283622778,34.13963665516649,9.515462440002908,19.335681550971206,305.32840776074613,34.135909623905015,9.520720784935007,19.335681550971206,300.63577458152935,34.17096119201274,9.483040383179125,0.064,normal
32.79244277153343,9.249606146358143,2.2171401560617836,263.8317411326969,32.79255022012561,9.250600356999827,2.2171401560617836,244.1264565672633,32.79298660649284,9.251500116377938,2.2171401560617836,262.7571328762572,32.78933075484403,9.244706731245955,0.907,degassing
32.01661116329693,11.570883518082079,3.9989042839297975,210.6959287440019,32.01747105184391,11.571393999900332,3.9989042839297975,188.2681725478223,32.01846065766929,11.571537806403615,3.9989042839297975,152.10703161966336,32.01275199395371,11.566561157098171,0.964,degassing
37.69861622038508,9.99972110213929,18.097948933099584,4.190418037682237,37.69259969775424,9.999280287933205,18.097948933099584,2.739277843853742,37.68657394133223,9.998991980329732,18.097948933099584,0.3854670356867018,37.73467971546543,10.002311026625064,0.061,normal
35.86551209788895,10.961398339153488,17.647712974682356,341.7058138006141,35.85992684772084,10.963244855340912,17.647712974682356,346.24398113893824,35.85421300594947,10.964643659716968,17.647712974682356,344.3243426720765,35.89939858664775,10.951671472222213,0.098,normal
33.717118939077025,11.970207728574092,12.675094174716891,213.17926930673931,33.72065513139503,11.972519921072543,12.675094174716891,214.8425404193522,33.72412272131866,11.974933779059523,12.675094174716891,215.55927073221056,33.69707825879277,11.954740216883447,0.012,normal
32.8469368446458,7.733773214782433,8.253617393125817,237.45103592867693,32.848417048832346,7.736092294105674,8.253617393125817,233.95136100126865,32.85003605592516,7.738316692760314,8.253617393125817,236.7937720459397,32.83710633463794,7.720534274949865,0.152,normal
33.699006509565926,9.991676684107073,12.552017301864078,32.90804492241514,33.69549385434797,9.989403545840162,12.552017301864078,31.800060244476562,33.691937900737194,9.987198756013738,12.552017301864078,33.27547831237691,33.72091446020532,10.003920059780878,0.199,normal
33.57613794891909,11.617380805346887,0.8356087686158468,175.39763774844266,33.57713472449017,11.617300565326362,0.8356087686158468,150.6199873989653,33.57800610949805,11.616809965521995,0.8356087686158468,179.01317132918675,33.57548063880409,11.613464757970668,0.746,degassing
37.55349037011977,11.2177018762352,10.493697797150382,206.12620132333117,37.55663087606817,11.219242175446766,10.493697797150382,204.36684456042636,37.55981719142231,11.220685329540087,10.493697797150382,200.5615000934288,37.53456706875993,11.208673357442903,0.011,normal
36.90738249253843,10.779911007422248,13.698777537674502,318.96179671324495,36.903938291232016,10.782909040152678,13.698777537674502,314.0073619716623,36.90076587904548,10.78619332452078,13.698777537674502,311.0784622156389,36.929013348757074,10.763117133809976,0.172,normal
33.81516630515308,10.981933001867143,16.29168496720667,187.13407660076155,33.82055482476106,10.982607432242423,16.29168496720667,184.94711449830612,33.825965156058096,10.983075743200105,16.29168496720667,180.40542209547013,33.78373222572121,10.973687639519941,0.105,normal
32.99424288497234,9.711618821070216,17.461432266686053,88.08129245195056,32.99404800662601,9.705801606973004,17.461432266686053,92.56120047911043,32.994308103364155,9.69998694386071,17.461432266686053,91.3954353215103,32.99601161886501,9.746418601158311,0.02,normal
33.33045159882202,10.497418117678249,8.218994881420823,13.00539180951625,33.32778220930473,10.496801575951668,8.218994881420823,9.047222587045772,33.325076628314704,10.496370767871335,8.218994881420823,13.272292489557811,33.34673024718412,10.499558994485538,0.073,normal
32.60125303513965,10.303348024560792,12.291254340218021,74.75066202212801,32.60017541962695,10.29939519664879,12.291254340218021,76.05034650128815,32.59918773871108,10.29541894337422,12.291254340218021,75.22594838530206,32.607948939305906,10.326922262132392,0.044,normal
32.29269452126026,10.644150612993464,15.96897509930026,19.824399643139202,32.287686989047934,10.642345381213806,15.96897509930026,23.901644498215994,32.28282048473229,10.640188676231297,15.96897509930026,23.22937189123534,32.32068034426609,10.65936114163183,0.195,normal
33.26301005734325,11.254307706204983,15.60341924360083,175.79169379033286,33.26819717403481,11.253926032122859,15.60341924360083,172.04417863304363,33.27334825325745,11.253206144965795,15.60341924360083,168.6295829929175,33.23219885968738,11.259022351212796,0.19,normal
33.55758923380143,11.928334140326264,10.50459309138818,148.17077275806034,33.560564217817856,11.926487470442586,10.50459309138818,146.2461586270894,33.56347550403469,11.92454192884166,10.50459309138818,148.54692080014033,33.53996348996463,11.939710760262033,0.166,normal
36.997256974817105,10.704481194873996,17.434114369679403,9.925067352510293,36.99153257627866,10.703479546443077,17.434114369679403,14.096011976592663,36.98589619120499,10.702064201429497,17.434114369679403,15.706393948444278,37.03202292133913,10.70618009096254,0.166,normal
34.44275727773417,10.996549191682586,16.433394330359153,292.1571679610667,34.44069133418879,11.001622469656693,16.433394330359153,289.59122290987386,34.43885458875276,11.006783151621168,16.433394330359153,285.32182416240227,34.45838228507196,10.967642297109991,0.167,normal
33.859463200736634,11.379601166626093,12.641480230450295,279.8828515826249,33.8587399637314,11.383752463298022,12.641480230450295,277.96036512090853,33.858156399121725,11.38792568605393,12.641480230450295,276.3311168783692,33.86344499198579,11.354669948349096,0.023,normal
36.98313226178186,7.941306798127146,19.574114968449344,10.945153420665921,36.976726245180814,7.940067957335567,19.574114968449344,10.952992275517921,36.97032039813027,7.93882824012394,19.574114968449344,15.196605863767434,37.021417184111144,7.94925081392714,0.054,normal
37.41178328435342,11.587031788340965,9.648786749613091,99.22201606008473,37.41229872410369,11.583857097060891,9.648786749613091,102.7725103920466,37.41300977732676,11.580720419491564,9.648786749613091,105.16674137129895,37.40879209823769,11.606082372900918,0.132,normal
37.291627741250736,9.35085003170708,2.660983464239395,65.13846870797475,37.291207314526666,9.349942705211443,2.660983464239395,93.70010476559803,37.29127184865961,9.34894478971117,2.660983464239395,130.26007437359843,37.29631190105919,9.354112376486732,0.896,degassing
35.211568973631444,11.5696285553896,12.319367311309113,77.88406208274536,35.210707067396264,11.565613571375147,12.319367311309113,80.62774937001873,35.21003833875897,11.561561932076762,12.319367311309113,78.91081508158511,35.21434911894148,11.594096181785659,0.159,normal
32.46558814934098,11.247537858276,17.093274530309806,166.9160735440468,32.471137990939894,11.24624801081684,17.093274530309806,163.11029656010274,32.47658998093501,11.244592639760516,17.093274530309806,160.68441258619995,32.433292231750976,11.25870216479421,0.097,normal
34.599327419383755,9.693956250547009,2.6143927465487007,250.9124977293664,34.59965443115653,9.69490127081159,2.6143927465487007,246.65380024360758,34.600050717108516,9.695819397951075,2.6143927465487007,220.44694555634806,34.59474104624729,9.690554373222533,0.809,degassing
33.341382225592916,9.386117766914463,18.939102289645547,301.9890680210755,33.338037848761815,9.39147216166231,18.939102289645547,298.0359958513635,33.33507055747065,9.397044376832024,18.939102289645547,296.15483205648945,33.3604488197399,9.353421694359135,0.118,normal
37.93631152785413,9.929058557163723,2.8491055422256055,50.06639282104181,37.93566962834767,9.928291768389938,2.8491055422256055,26.258608425196577,37.93477282206808,9.92784934495374,2.8491055422256055,5.831250033312834,37.93913813398225,9.925660639107376,0.821,degassing
36.29740856871274,10.815040594029448,10.891493063361553,147.26692131108888,36.30046253880663,10.813077489313274,10.891493063361553,142.99614075242445,36.30336183600608,10.810892405971554,10.891493063361553,138.98085483045878,36.27820880352563,10.825301982721472,0.081,normal
34.08601225840514,11.367423152563696,3.1117358965800563,332.96023823106566,34.08512156715299,11.367877761289234,3.1117358965800563,2.339941764388243,34.08412240097715,11.36783693295281,3.1117358965800563,323.3899383464488,34.091350506618795,11.367595233295235,0.942,degassing
37.480386642457454,9.244443725130418,2.643861662873452,161.36178675334662,37.481334197927744,9.244124133780835,2.643861662873452,135.81134071730327,37.48205124651323,9.2434271105918,2.643861662873452,101.2954660554484,37.47663713740916,9.240335649579391,0.717,degassing
32.0136100284207,9.247588873693415,14.183290030407571,201.37668895106978,32.01801254145822,9.249312133739478,14.183290030407571,203.96821822716885,32.022332634177275,9.251232692285999,14.183290030407571,199.29162908372112,31.9889125823919,9.233759623391176,0.083,normal
35.64255496807186,11.323070140902177,18.651009622646985,229.31941082293756,35.64660746891467,11.32778483769007,18.651009622646985,225.82821071237976,35.65093955156025,11.332244006764519,18.651009622646985,225.17588623984787,35.61697048724422,11.295931700672766,0.049,normal
32.08047601120675,9.696679307588699,8.283209725601,192.1418247075459,32.08317531586861,9.697260049684886,8.283209725601,193.45854077402691,32.08586056289574,9.697902665777976,8.283209725601,194.20401239586175,32.064535362546934,9.692233238621982,0.066,normal
33.775837697718075,8.440048008492294,17.297584027073178,190.45518980009584,33.78150782921764,8.441094319056596,17.297584027073178,192.3806211392136,33.78713960459715,8.442330548442282,17.297584027073178,195.5811248398339,33.74181331208456,8.433830465468823,0.072,normal
34.22299739900253,7.761311404377935,9.884013049563054,62.84795636650891,34.22149386491734,7.75837981055174,9.884013049563054,63.47081651857036,34.22002228828623,7.755432045410847,9.884013049563054,67.55210607810044,34.230739563453334,7.779478979285687,0.127,normal
32.15075804870364,10.860510885268432,9.221942287132935,296.4192047960381,32.149390325889435,10.863263827699898,9.221942287132935,293.1710545961449,32.1481807835657,10.866089843463223,9.221942287132935,291.0392053715536,32.15829191323809,10.843696216322023,0.154,normal
36.20427738655725,8.139937544799048,14.74106480822667,283.00163307674194,36.203171910737595,8.144725264049494,14.74106480822667,283.5208983688704,36.202023090342955,8.149502768011795,14.74106480822667,282.681741691652,36.21085312625641,8.1112227240456,0.083,normal
32.267592114714766,7.881438282484642,17.756200270145186,105.70125319911931,32.269193851245745,7.8757404017011945,17.756200270145186,104.60381353412079,32.27068616380068,7.870012888403487,17.756200270145186,104.8319970118516,32.25989250629421,7.916083080806373,0.059,normal
34.10144737051896,10.622316865341796,1.571817101195055,72.12618721600508,34.10114044886246,10.621365130559006,1.571817101195055,34.602069033238294,34.10031733300012,10.620797257089682,1.571817101195055,49.3926852516957,34.099967867301274,10.627650238964971,0.91,degassing
37.57204693136603,7.986623455490006,2.4270699473193496,130.63182513503946,37.57269812722271,7.985864545774527,2.4270699473193496,152.37062480248522,37.57358409315642,7.985400795449134,2.4270699473193496,159.50251022313208,37.56810431499635,7.989738672705098,0.772,degassing
34.313045928134365,10.972189987900277,15.326988016928636,110.61672444556177,34.314844881578516,10.96740818837589,15.326988016928636,115.45517765954364,34.31704075296813,10.962795164527488,15.326988016928636,118.91957958298707,34.302555285373316,11.000902254887393,0.031,normal
32.960269537025624,8.899910160053448,15.27170033023938,265.71263276737267,32.96065010200608,8.904986481596078,15.27170033023938,265.67797706012186,32.96103373736126,8.910062572023048,15.27170033023938,268.65260456884215,32.96019567751914,8.869421582777399,0.113,normal
35.64114062438261,11.966110136806776,11.53525711275412,196.0987076319651,35.64483492662377,11.967176352087073,11.53525711275412,196.43158218621647,35.648522972100906,11.968264012250737,11.53525711275412,195.12253561321666,35.61854407357726,11.96151170850512,0.081,normal
37.90617824125533,8.275143698028383,8.816253502311657,236.19245875893984,37.907813377052896,8.277585539413003,8.816253502311657,237.32038665746057,37.909400128899435,8.280059094951417,8.816253502311657,232.84604720403306,37.897062190726906,8.260125041104606,0.145,normal
33.02212820885778,10.53468261386187,14.042965674003876,127.3182552670732,33.024966019875436,10.53095991557861,14.042965674003876,131.56746929954323,33.02807186294541,10.527457717311117,14.042965674003876,131.10815368840116,33.006639717645115,10.55808979644861,0.012,normal
35.335510643615265,7.513452140257184,18.2027034472596,202.10299882454888,35.341132299430086,7.51573520072472,18.2027034472596,198.01971233569492,35.346902253919474,7.517612167530278,18.2027034472596,200.43492716801487,35.30346110823537,7.496340780877312,0.108,normal
34.75005429622189,10.813394759076692,0.7095787647351097,22.06133820526344,34.749127513935015,10.813019160098081,0.7095787647351097,342.39534504861916,34.748174347836176,10.813321607429074,0.7095787647351097,16.775804434749567,34.75522334553963,10.816269099642772,0.767,degassing
34.998478523647265,9.992566538768457,10.539767930966457,308.95907716617313,34.99626951067934,9.995298429920647,10.539767930966457,307.5349258218782,34.9941290773201,9.99808437905775,10.539767930966457,303.31146377850126,35.01129480660376,9.97585471351396,0.067,normal
34.92206232666593,11.778810721128972,2.7110903193726523,30.452628227394133,34.921200278170666,11.77830389532871,2.7110903193726523,47.756202420783055,34.92052799149776,11.777563604420063,2.7110903193726523,30.603776131566406,34.925313394495554,11.78311686448328,0.759,degassing
37.85858016611361,8.233241818560908,17.686401966722578,83.30615376541522,37.85789296646888,8.227386539609748,17.686401966722578,83.53022666817644,37.85722867090393,8.221528617934785,17.686401966722578,79.89001219392598,37.866851954455086,8.267568654111832,0.066,normal
34.448718780983036,9.248577673076088,15.373509231028367,46.968734178796225,34.44522183365289,9.244831756478451,15.373509231028367,43.54374084055148,34.44150734449062,9.24130144458718,15.373509231028367,41.92170039619145,34.4705536973313,9.270201878558716,0.115,normal
34.77566801257912,8.095568674185595,13.66614844941125,250.9843953646435,34.77715227317593,8.099875469175531,13.66614844941125,255.74968619873562,34.77827361983875,8.104290680865404,13.66614844941125,256.41513848040387,34.766035693702555,8.070004135341888,0.047,normal
33.216566120100644,9.899489396489427,14.296845381582706,268.99625576023357,33.21664960293483,9.904254280344983,14.296845381582706,265.18452857521635,33.21704966164932,9.909003073935517,14.296845381582706,266.60301342344,33.21663628441604,9.870944539671745,0.111,normal
33.888092977710485,9.701303408702568,16.472400215751513,336.6046813823201,33.88305359239063,9.703483656630631,16.472400215751513,337.5004955220395,33.87798073641473,9.705584850976111,16.472400215751513,336.7042714821771,33.91692285903911,9.685627791040886,0.166,normal
34.6068512756452,8.766908886355882,14.798798224962457,281.55569885241005,34.60586310832544,8.77174183067398,14.798798224962457,280.58278094499474,34.604957145918256,8.776590857127863,14.798798224962457,285.5192323318818,34.61336203708224,8.738069110785494,0.104,normal
34.41293478200632,10.433827413517243,16.726145502756452,314.59907806871365,34.40902007450757,10.437797293590616,16.726145502756452,318.03636901999585,34.40487439111258,10.44152532145883,16.726145502756452,316.5282084370004,34.438796551174896,10.412633603916266,0.165,normal
36.65773591115629,8.40497706705376,19.902255958035905,39.717634924611,36.65263295339786,8.400737856025739,19.902255958035905,40.718998427832396,36.647604860267045,8.396410112099378,19.902255958035905,37.977719950746284,36.68798095266058,8.430827600785044,0.134,normal
35.848324431953465,9.105605550074648,12.885748172080618,348.65864074488695,35.844113056076594,9.106450227854603,12.885748172080618,343.71916133270923,35.83999005004703,9.107654382582364,12.885748172080618,338.9317046817978,35.87365031025107,9.100897373233359,0.012,normal
33.13669907025516,9.747791382421434,18.197270625536163,172.42784476568616,33.1427119318957,9.746992069366021,18.197270625536163,177.279106578361,33.14877085042314,9.746704123630499,18.197270625536163,172.31942216087108,33.100415987795635,9.749716435688269,0.18,normal
33.90387197586206,11.7037435015742,11.123953079310452,59.79780598390087,33.902006663051054,11.700538855551722,11.123953079310452,61.56632979890311,33.900241139456575,11.69727816935866,11.123953079310452,63.12367974289831,33.91146629374248,11.724618298930327,0.046,normal
33.478965692508865,11.849679470098371,3.8584275188485275,38.65186094539594,33.478184737057546,11.849054883368565,3.8584275188485275,27.182447441666884,33.47729518069407,11.848598057935599,3.8584275188485275,44.84239036967573,33.48481942538181,11.850111710897938,0.893,degassing
36.25240365487505,8.816270576888895,13.66937481848225,306.9636426761693,36.249663819499574,8.819911265574746,13.66937481848225,305.59906624968426,36.247011460854914,8.823616168490087,13.66937481848225,307.9807853295743,36.26795534759142,8.793804058245879,0.002,normal
37.3947959282026,10.469811893220175,8.38629885880082,26.04073364305159,37.39228428155017,10.468584670140343,8.38629885880082,28.125061580394394,37.38981893120222,10.467266909518603,8.38629885880082,27.534697892255135,37.4104117591765,10.475901954800278,0.192,normal
36.65525560852219,11.845886578460602,10.15921368755571,306.28275579447643,36.65325163388529,11.848616380928863,10.15921368755571,307.8588823369214,36.65117333386017,11.851290031030626,10.15921368755571,312.1444936980551,36.66731495242676,11.829542876915028,0.07,normal
32.88025420782712,10.98620973102884,19.029500537983033,102.84924924236009,32.88166484323957,10.980025406217733,19.029500537983033,103.17526797128859,32.88311064505405,10.973849208135631,19.029500537983033,101.00805069659545,32.87395082314661,11.023730215490506,0.09,normal
35.93066545829718,8.71971324798479,8.246597535231114,124.38910022605793,35.93221804528697,8.717444826270613,8.246597535231114,122.10675390048557,35.93367906317532,8.715116373959708,8.246597535231114,117.13860247335293,35.92389048710943,8.734669591155143,0.051,normal
37.84850630619098,9.776079632725056,2.1253984289226278,44.8015169892973,37.84779675411091,9.775374979728419,2.1253984289226278,80.14234626042206,37.84762555313377,9.774389743601683,2.1253984289226278,115.99439853918331,37.84747590680312,9.781204978292072,0.754,degassing
35.95011986293006,10.93231162278259,9.560022869176795,355.18805731110206,35.94694442040574,10.932578938707195,9.560022869176795,350.61024038001864,35.94380044329146,10.933098843442385,9.560022869176795,354.0810143746942,35.969125425425815,10.930254807614535,0.103,normal
33.96447865143597,10.638700864645564,15.443799280129424,236.16317536883068,33.967345172876115,10.642976875633279,15.443799280129424,239.21153166429687,33.96998024526249,10.647399274151327,15.443799280129424,235.85350411414092,33.94583254348474,10.614104945625806,0.072,normal
37.34355265568188,8.193443132835926,3.3300069385306976,33.97871780845089,37.3427234104575,8.192884247912318,3.3300069385306976,40.42595029131802,37.34196216577325,8.192235783163316,3.3300069385306976,78.99756902674541,37.34755639796634,8.197660082185903,0.987,degassing
33.99763661380549,8.505763366496016,8.848124144317392,350.9844624241072,33.994723676013706,8.50622554030459,8.848124144317392,348.24383264472965,33.991836168719956,8.506826466952933,8.848124144317392,347.50251276925235,34.01504473998694,8.502642694963857,0.076,normal
32.85946935183759,11.094983401639649,17.430749271214303,283.71328579785006,32.85809195413939,11.100628025437613,17.430749271214303,285.63636494109767,32.856525911281636,11.106223247685858,17.430749271214303,285.35292582460846,32.87166116105043,11.062433805808961,0.025,normal
35.08781479870091,10.420141779882265,17.426898010534245,307.9528122033608,35.08424221330486,10.424722251431994,17.426898010534245,312.92484791455195,35.08028608385417,10.428975852941223,17.426898010534245,311.784183046482,35.11311780622004,10.396220081158853,0.142,normal
34.9884509542241,10.537148396904296,3.2114776235488964,306.9317187389494,34.98785009138823,10.537947749049769,3.2114776235488964,292.8257820859185,34.98746216101894,10.538869437732881,3.2114776235488964,259.95954580713635,34.987972542858444,10.531715724101922,0.833,degassing
33.16448858911285,7.927856843478968,11.597435347833857,312.0494673887987,33.16189937675907,7.930727467126472,11.597435347833857,309.2194811146092,33.15945505197794,7.9337224257410375,11.597435347833857,311.5429259125116,33.17927514846895,7.9100021432845145,0.134,normal
32.05474305323912,10.079557204778707,17.944144559601565,339.3736226339338,32.049145093476085,10.081664281278886,17.944144559601565,337.72528970473513,32.04361005989624,10.083931510459225,17.944144559601565,338.2577331580133,32.08945980856551,10.070568052247566,0.031,normal
37.45576687007292,11.053167495888781,9.075764893266289,342.3856383172996,37.45288345465273,11.054082964683632,9.075764893266289,337.41346377572626,37.450090235243216,11.055244899677547,9.075764893266289,337.88415292860924,37.47306698769325,11.047682674601147,0.137,normal
37.8138705300549,10.738094035023867,1.446110586233936,288.03377210392154,37.8135609525288,10.739044909229708,1.446110586233936,321.53965710831744,37.81277791368774,10.7396668820373,1.446110586233936,1.4220572820406865,37.818136540689736,10.73394838975112,0.809,degassing
33.14676505689403,8.116066321438046,13.756330607010565,230.46766112020788,33.149683754246404,8.119602915588366,13.756330607010565,232.0920375213108,33.152501027159595,8.123220824618652,13.756330607010565,229.44689521502332,33.127919709989015,8.096047736611649,0.141,normal
36.23099712558981,10.351753809705148,18.054286876113203,317.20203582066756,36.22658132381744,10.355842595547333,18.054286876113203,318.8578864382327,36.22204921633603,10.359802074898596,18.054286876113203,314.3501577100952,36.25930412785655,10.32939940697844,0.098,normal
35.814951501625515,11.253612116688888,10.428713625288935,59.77054194900418,35.81320134017138,11.250608591318807,10.428713625288935,60.99222720123612,35.811515614161166,11.247568433825727,10.428713625288935,57.9613673248609,35.827529544335526,11.270213930548664,0.066,normal
32.71914419505159,9.557479698400721,15.677424984115362,302.89569239475696,32.71630599937051,9.56186760427452,15.677424984115362,303.5882752199756,32.71341497198083,9.566220882730294,15.677424984115362,304.15762403142463,32.73603262695981,9.531093629612739,0.165,normal
32.894586596377856,11.38178520067933,0.5643960967354792,198.1935069492048,32.89553660381867,11.382097427940145,0.5643960967354792,196.82740824071206,32.896493784944255,11.382386917651228,0.5643960967354792,197.62037023091614,32.889567327533,11.378576337112255,0.818,degassing
37.97613284725169,9.525426473418223,14.026657151049022,96.76736128546749,37.976683806411636,9.520783496561007,14.026657151049022,93.04027295483027,37.97693178777743,9.516114525011,14.026657151049022,95.69695180933971,37.96977147960899,9.55273319513953,0.17,normal
33.29942045579484,9.53594487279246,2.802537160422434,1.6390068844378618,33.29842086492046,9.535916270627128,2.802537160422434,5.952784709842504,33.297426257224814,9.53581256174723,2.802537160422434,19.7504068052736,33.303305825439935,9.540178048132418,0.949,degassing
36.87587348918861,10.384414482247427,1.9704913442763952,166.90164317676252,36.87684747165559,10.38418785887259,1.9704913442763952,153.29301309184555,36.87774078824527,10.38373843093554,1.9704913442763952,147.86111051721403,36.87146342768197,10.388141978760167,0.965,degassing
32.3751472718235,7.975353175574283,2.9820696290178677,220.5536684228988,32.37590706912367,7.976003335602784,2.9820696290178677,258.6790170943749,32.37610337437624,7.976983878436021,2.9820696290178677,252.26183631579454,32.36978089626184,7.976535166397863,0.729,degassing
35.69454763250876,11.585608447627905,2.476216555410745,184.78260201142533,35.695544150731024,11.585691822880152,2.476216555410745,174.70471305950997,35.696539883024094,11.585599534199744,2.476216555410745,145.47485352660357,35.688868997689795,11.58651659234875,0.892,degassing
35.136594255658224,11.513617351510216,1.5790524595266042,292.04116866018495,35.13621898295339,11.514544265959884,1.5790524595266042,297.9098939176491,35.13575090053618,11.515427950774002,1.5790524595266042,266.19150354901683,35.13682030197211,11.507995978920242,0.867,degassing
36.436464851434295,10.8561039952446,9.842924917947997,125.40674265758577,36.43836577317896,10.85342980503225,9.842924917947997,124.17598105152332,36.440208816931836,10.850715401507323,9.842924917947997,129.05948941675618,36.424163613604684,10.871454339971576,0.013,normal
37.18687680035069,7.9175188718670055,2.4543509828374885,156.68881254981397,37.18779516948116,7.917123147038127,2.4543509828374885,141.78804634991786,37.188580897338355,7.916504574702472,2.4543509828374885,119.9339859668776,37.181094752995335,7.917819431567253,0.754,degassing
35.61277335657983,7.671863606434247,18.33054982374926,1.653752584331548,35.606665718317615,7.671687270088224,18.33054982374926,4.030177855644102,35.60057064448173,7.671257834896319,18.33054982374926,6.706123673155498,35.649403608343846,7.6718302239010825,0.085,normal
35.70165303810771,10.834757898033839,11.167032170162212,269.28250136558836,35.70169965073775,10.83847995022844,11.167032170162212,266.40410305282336,35.70193311261666,10.8421949658176,11.167032170162212,268.84342324916815,35.69793868809938,10.812782044457903,0.174,normal
35.7266958317287,10.941506230889251,12.420942229567586,136.1857238214474,35.72968343163475,10.93863979626526,12.420942229567586,131.83478344457092,35.732444958667834,10.935554967404887,12.420942229567586,135.26384194378335,35.7097014919662,10.959610375178924,0.044,normal
33.50645098542735,8.136528077985169,14.827258647927795,269.5179621713014,33.50649256624016,8.141470322620696,14.827258647927795,268.7569125664498,33.50659978840723,8.146411578979992,14.827258647927795,268.93137895351293,33.50457954184677,8.107037544943005,0.154,normal
32.268148276068544,11.509875386745826,10.048292572477491,284.4122460569493,32.26731461310917,11.513119410965725,10.048292572477491,280.83305384481923,32.26668509440116,11.51640915157334,10.048292572477491,285.4163823246564,32.2731981937537,11.490430568026557,0.086,normal
35.77882666272117,9.12760365526856,2.1206161903874587,86.19375410923557,35.778760280049475,9.126605861030805,2.1206161903874587,121.35476093707265,35.77928061558037,9.125751899125747,2.1206161903874587,159.7972060223737,35.78090814442809,9.13283336132489,0.706,degassing
33.203843182311545,8.105068698158862,16.96718013505238,338.84515468407363,33.19856860346571,8.107109791649203,16.96718013505238,340.8377472149964,33.19322624458261,8.108966252314412,16.96718013505238,343.68747323363795,33.235415619840786,8.092701252315976,0.042,normal
33.40517924987395,9.471915960122702,14.445526850748596,205.9175193488345,33.409510135234925,9.474020561798044,14.445526850748596,202.82963049034518,33.41394810263282,9.47588881274396,14.445526850748596,207.51938467380708,33.380202251073754,9.457409627874497,0.045,normal
35.66335251176852,11.119350030949956,16.25519318113509,115.87597902086803,35.665717233909014,11.114474877298356,16.25519318113509,114.42439719356123,35.66795769895288,11.109541384588757,16.25519318113509,117.4718655757211,35.648277250850285,11.148125262784351,0.175,normal
33.68213783705174,9.346417697944416,11.22593103051025,99.87934371746668,33.68277986278089,9.342731209790664,11.22593103051025,98.00716117435302,33.68330110846448,9.339025714563034,11.22593103051025,97.12629821072295,33.68113029057571,9.368793789890061,0.04,normal
34.02587163103245,7.678573213149947,18.1869283195687,138.72531708332818,34.03042779420321,7.674574091633171,18.1869283195687,137.5617885857448,34.034901811755304,7.670483277204705,18.1869283195687,135.35737054106127,34.000713316665575,7.704811807639759,0.021,normal
34.54147311307944,8.35938636270006,12.519247317179754,9.909275225371593,34.53736228685083,8.35866822290772,12.519247317179754,7.353261655005703,34.5332235242762,8.358134124233272,12.519247317179754,2.81861809059453,34.56613785974295,8.36350289537764,0.135,normal
36.065712414788706,11.742245473636537,3.158935026615267,274.94148435514126,36.065626276495586,11.743241756826427,3.158935026615267,312.45730788314205,36.06495123583408,11.74397953735295,3.158935026615267,321.7693476384109,36.06178343447038,11.738787295827944,0.824,degassing
35.895336679984574,11.90704315965034,11.434449219203383,242.0068534473436,35.897125660340755,11.910408713468286,11.434449219203383,238.98467035446214,35.89908959329099,11.913675266786887,11.434449219203383,241.26471914135413,35.886195565295104,11.886112279531986,0.156,normal
37.674176366734486,10.724988523017261,19.066819474485733,21.04957025856007,37.66824486967343,10.722705744778041,19.066819474485733,20.924801651844618,37.662308415649626,10.720435888505493,19.066819474485733,22.88050490790517,37.709649187937345,10.73881706069814,0.023,normal
36.56216572741173,7.6313684985069745,18.1787421477026,292.20025811037715,36.55987614539217,7.636978875733883,18.1787421477026,291.2163932150113,36.55768323580315,7.642627739866334,18.1787421477026,291.5898645819136,36.576685511278946,7.598059632064057,0.137,normal
32.41684297948556,9.88050116963026,17.014349372711308,165.0005742072039,32.42232119402162,9.879033345312564,17.014349372711308,161.31394645110328,32.4276936919991,9.877216312508045,17.014349372711308,159.28143989246908,32.384968616471625,9.892136056612102,0.023,normal
37.18183353567351,8.263082031370969,14.638816793697421,136.8498659970219,37.18539352088771,8.25974480856364,14.638816793697421,138.4086212439259,37.189042968069316,8.256505659592124,14.638816793697421,143.31178116220474,37.16155267693249,8.284140297063749,0.034,normal
35.90378445575202,7.821714914454412,19.45987829852005,240.300319763951,35.906998279436145,7.827349420243046,19.45987829852005,238.77358196316362,35.91036108487693,7.832896298439134,19.45987829852005,235.267864926612,35.886949414055444,7.786662864555457,0.163,normal
34.78411294652371,8.142875332242147,8.435920712301307,179.76948139710785,34.78692489733579,8.142864018835198,8.435920712301307,177.80839994347127,34.78973481404231,8.14275648528198,8.435920712301307,179.1637854966699,34.7672510488222,8.14243143261932,0.022,normal
33.133346362040434,8.093361860472918,8.428007988242136,353.65958366546505,33.130554209904794,8.093672110678932,8.428007988242136,354.88092292562885,33.127756079192125,8.093922776300175,8.428007988242136,354.119004628807,33.149856667899925,8.09001086991893,0.079,normal
37.1986957870617,11.68853790293808,17.924342315753304,301.59644323068915,37.195565402056204,11.693626978982888,17.924342315753304,301.8188547358668,37.192415285843495,11.698703865146562,17.924342315753304,297.0642142758435,37.21630294588751,11.65732052859368,0.196,normal
34.17239457896208,8.75358577702882,0.854127128110481,81.82467617228215,34.17225237631886,8.752595939462214,0.854127128110481,65.61901129220675,34.17183957408539,8.751685118779509,0.854127128110481,65.26937818297523,34.177478772962765,8.754172651232164,0.78,degassing
37.791137844689025,11.028117441197237,11.068092325497098,90.91127469449934,37.79119652060613,11.02442854371129,11.068092325497098,87.23879918946496,37.79101879141718,11.020743462998405,11.068092325497098,82.38487777826596,37.789166749381316,11.05011935099272,0.183,normal
33.272781366782915,7.518197024850043,12.176685372456365,137.62474996238535,33.27577986154863,7.5154613971763915,12.176685372456365,136.58475895561122,33.278728209990675,7.512671796650663,12.176685372456365,136.10928607833839,33.25553463591295,7.535360073061405,0.032,normal
34.7674860110632,10.35044302436973,1.4819730289604207,220.47574358512134,34.76824669190727,10.351092150438731,1.4819730289604207,247.71654941257412,34.76862588081179,10.352017469721297,1.4819730289604207,256.40035389628406,34.76480784677226,10.34669356711548,0.891,degassing
35.83565321027259,11.032688254578126,0.9976399176487334,82.84137387773237,35.83552859348797,11.031696049631055,0.9976399176487334,47.18532250680782,35.834848964246,11.0309624938435,0.9976399176487334,19.56000316310073,35.838122414536834,11.037171285575571,0.936,degassing
36.2767650210897,10.872002946707651,18.882548414055407,48.50298670346771,36.272594615115686,10.867288665087859,18.882548414055407,50.13182904105498,36.268559896932025,10.862457745262688,18.882548414055407,45.75520799622294,36.30363619679706,10.898459906910915,0.144,normal
34.80676462357134,11.89261842838909,19.008672915781435,145.13419388969595,34.811963452427015,11.88899628579444,19.008672915781435,148.74421293326796,34.81738003376869,11.885708674957433,19.008672915781435,149.25342817732815,34.776832679412266,11.916018857329194,0.053,normal
33.78852754785597,7.673771853493214,13.020109743419045,292.08688599645467,33.78689564120918,7.677793395264945,13.020109743419045,296.49440027174086,33.784959505989455,7.681677632376217,13.020109743419045,300.37094290760007,33.79644916152024,7.648983968078818,0.037,normal
32.16651955589307,10.10046430882942,8.831166192154864,104.15229514432225,32.16723929633264,10.097609930912949,8.831166192154864,108.19014881828939,32.16815824270023,10.094813319183753,8.831166192154864,106.40047524911824,32.161689985237466,10.117442758905037,0.17,normal
35.72905374851946,11.571716669261006,19.005873914918524,13.25707075179217,35.72288728660845,11.570263857016126,19.005873914918524,16.62072701921514,35.716816689079096,11.568451741800283,19.005873914918524,12.100542432036061,35.76528959828807,11.583093267296599,0.082,normal
34.87429054306491,8.667903785774474,1.7446092392388788,209.69053138184256,34.875159256446274,8.668399100887346,1.7446092392388788,205.28408381540282,34.876063457676715,8.668826207589314,1.7446092392388788,173.36720139120467,34.872355505509994,8.663283773871337,0.747,degassing
32.10308690128812,10.099960187020072,14.175697603696259,309.3759256825327,32.100089186489434,10.103612792732633,14.175697603696259,310.93241249561277,32.09699336392814,10.107182625386233,14.175697603696259,314.4898687415591,32.12125749501025,10.078212055350926,0.174,normal
34.469193401087146,11.25939944339597,17.150639471219975,44.9460220784171,34.465147150034575,11.255360809055178,17.150639471219975,42.02946593954493,34.460900648223955,11.251533285405156,17.150639471219975,38.63732987516466,34.4917809686003,11.285137441268681,0.087,normal
32.091289618646194,10.526853188619034,8.636983712941142,77.07155246452733,32.090645489500716,10.524047175899234,8.636983712941142,81.88594687115867,32.09023913653514,10.521197002745353,8.636983712941142,81.61300563276211,32.09458916310824,10.543801533242721,0.003,normal
32.593479559792804,9.550099881936209,19.739235414716838,216.7863567786857,32.5987491065166,9.554040049878054,19.739235414716838,218.72100312075835,32.60388263128918,9.5581558692975,19.739235414716838,214.60801837708013,32.564674789207444,9.523175564000459,0.11,normal
32.687167846199166,10.600794323680068,16.94132612356411,227.90770169940862,32.69095325494056,10.604984850785208,16.94132612356411,226.82486834117566,32.69481717976833,10.60910309333315,16.94132612356411,226.8714783221902,32.663672089386324,10.576412351812097,0.098,normal
36.0729450011917,10.362674822058317,16.001315950300636,25.526238203660633,36.06813186914494,10.360376369650336,16.001315950300636,22.878343335320686,36.06321769209108,10.358302728539973,16.001315950300636,23.787636748073158,36.09966428173452,10.380209638115051,0.03,normal
35.03938730276518,9.222314987910547,9.030195055092022,255.23237748736895,35.040154566445985,9.225225623212143,9.030195055092022,250.906304008147,35.04113920063868,9.228070089229051,9.030195055092022,251.5917613693837,35.03577719697594,9.204628743595686,0.146,normal
33.49785904973137,7.712419530460623,8.902942644852248,76.0592173530203,33.497144087261574,7.709539294248499,8.902942644852248,80.30850846093995,33.49664450457007,7.706613999544509,8.902942644852248,83.38072569536946,33.50120485983513,7.729880473905089,0.185,normal
34.65362592320424,8.643467884036328,18.62991277496313,196.87530614636393,34.65956848523392,8.64527057519474,18.62991277496313,198.75494770004588,34.66544872141105,8.647267212715754,18.62991277496313,196.42508943096465,34.61924083615246,8.629366578362275,0.079,normal
35.55762967269964,9.335732949196675,15.645056521250552,80.41585538146849,35.55676139351198,9.330590720812193,15.645056521250552,78.94462659396561,35.555761374025636,9.325472480632909,15.645056521250552,78.49025205201411,35.5630413101075,9.366506878585277,0.18,normal
35.169989785254565,7.694602455023295,19.32799016814849,249.27831555227763,35.17226938544088,7.7006283437162155,19.32799016814849,248.0701059305392,35.174675538728884,7.706604825783746,19.32799016814849,247.9875518074514,35.159664413692106,7.657392328140816,0.138,normal
37.639430365113924,9.97035402922387,17.700313994341826,78.07746784137967,37.638211468519756,9.964581202693642,17.700313994341826,77.43772394740266,37.63692819195759,9.958822345487533,17.700313994341826,81.65579935232176,37.644888081653725,10.005296299079872,0.13,normal
37.386331735225674,9.849872422472021,11.326210042925425,255.6276213989633,37.3872688768669,9.853529666787304,11.326210042925425,257.7653374769703,37.38806894550729,9.857219322680209,11.326210042925425,261.956261167629,37.380811942163376,9.827906940612577,0.13,normal
32.967602438145356,9.690359233166884,2.454386982034354,276.0218785061611,32.967497529929574,9.691353715075348,2.454386982034354,244.17603280235494,32.96793313760006,9.692253851707983,2.454386982034354,255.0737369593764,32.96693977519398,9.684931567973193,0.773,degassing
37.47041232654855,9.63003339367753,12.843973369598924,185.05248652380175,37.474677015661996,9.630410442570566,12.843973369598924,184.07400780941774,37.478947521704235,9.630714609046832,12.843973369598924,184.14283841056076,37.44474389419892,9.62983914469715,0.107,normal
35.05623745787967,8.588177641104283,10.656724953806757,220.56240959662196,35.05893608911799,8.59048757837368,10.656724953806757,219.2203826650288,35.061688080344375,8.592733678335593,10.656724953806757,220.93102889905632,35.03920306760616,8.575394084492496,0.085,normal
35.564207330442386,8.588081835074949,15.080724196128491,283.0232244025269,35.56307453687154,8.592979445045495,15.080724196128491,278.35827859326076,35.56234381231646,8.597952959529474,15.080724196128491,280.9285585084131,35.57048386463668,8.558610122724813,0.156,normal
37.9499152022408,11.1894027688704,14.630486848595012,135.23138816569255,37.953377539372596,11.185968284602156,14.630486848595012,136.3742282910139,37.956907688561905,11.182603539841521,14.630486848595012,135.61419208481033,37.93279562875248,11.213078310993252,0.173,normal
35.381871949696084,10.91752324086881,14.581987540105136,39.368908135548764,35.378114278929345,10.914440068723492,14.581987540105136,42.51071327666494,35.37453123669332,10.911155582705293,14.581987540105136,44.21344896872684,35.4024859108451,10.938121188808891,0.005,normal
36.540472503193705,10.24156535564895,11.981898037250822,227.69542190429462,36.543160728327926,10.244519202316619,11.981898037250822,227.12210415531507,36.5458783754137,10.247446002416645,11.981898037250822,229.72031596473872,36.52353758980866,10.224683393046732,0.186,normal
33.485501186767685,10.824472512560424,12.997829238866828,296.99126438364425,33.48353481170106,10.828333195959901,12.997829238866828,299.2676766804203,33.48141664040018,10.832112727353309,12.997829238866828,295.66134507069427,33.49611528304816,10.800742830301852,0.015,normal
37.57278979538032,9.80606104055752,2.039340745812132,298.6047215082797,37.57231103117306,9.80693898408295,2.039340745812132,266.28695665015505,37.572375790654526,9.807936884984624,2.039340745812132,236.19285369197002,37.57336684743478,9.80070652104655,0.719,degassing
34.86339260108775,9.814934767489168,17.47379317518512,219.48454151784702,34.867888003304344,9.818638454512914,17.47379317518512,223.76829731848622,34.87209419631288,9.822667583331128,17.47379317518512,223.30272499759388,34.83346257060154,9.797087350781636,0.199,normal
32.18458619316549,8.477871438376575,15.50163428396857,95.74508358625476,32.18510344490533,8.472730181275518,15.50163428396857,95.25585343494312,32.18557677878913,8.467584695003454,15.50163428396857,91.33651106446383,32.18372557766341,8.50884532824836,0.001,normal
36.34396200148639,9.754592725682832,10.479498089410408,214.9921098615954,36.34682371146684,9.756595929341868,10.479498089410408,216.95220532437372,36.34961523056464,9.758695841253926,10.479498089410408,220.67315449567232,36.32553134103296,9.74468831620627,0.095,normal
33.28013200415525,8.172202574103451,8.129065366281807,32.14918211862344,33.2778378045268,8.170760679658528,8.129065366281807,29.667030747794374,33.275483311603544,8.169419495629455,8.129065366281807,29.712932011326544,33.29466641261708,8.179437802148184,0.01,normal
36.68935233271881,10.851638441521544,17.936575899997617,339.67737184518523,36.683745647009424,10.853714935179982,17.936575899997617,337.9369118322209,36.678204615323004,10.855960757614522,17.936575899997617,333.1990697638405,36.72238959169668,10.837720724508367,0.14,normal
32.51113886660855,8.439743579987953,18.753037263049954,284.881042712589,32.509533525124056,8.44578494034849,18.753037263049954,280.12988976120323,32.50843409523007,8.451938509247586,18.753037263049954,276.4618011000838,32.51975619365249,8.403249528622998,0.039,normal
35.276728308173745,11.159445206825586,2.96550417736823,145.1586093291211,35.27754904488318,11.158873900205819,2.96550417736823,154.9852768012841,35.2784552440408,11.158451049065668,2.96550417736823,147.91443060114221,35.27194740642989,11.161526591513432,0.892,degassing
37.875740460671445,11.718149950240445,11.121212542084841,187.49575808786113,37.8794158528272,11.718633547974884,11.121212542084841,188.59233780936114,37.883081316881636,11.719187395907994,11.121212542084841,185.57237767837654,37.85468441019196,11.711146750115624,0.138,normal
37.67171283731536,7.830575461089755,17.492962676045074,58.278010568661216,37.668646914882586,7.8256155683947775,17.492962676045074,60.04259033189794,37.665735175622025,7.820563619227572,17.492962676045074,56.543963778408774,37.68655243165498,7.86222445552146,0.188,normal
35.83241499065789,11.749558247226664,18.36222051324376,125.35457399681648,35.83595666349338,11.744566252257894,18.36222051324376,129.6175627394548,35.83985961554856,11.739851337041602,18.36222051324376,130.19695827967797,35.81197693405595,11.780036516899132,0.116,normal
33.22115695623721,8.075602171711909,11.25571750434725,343.2674434374514,33.21756390963555,8.076682363135392,11.25571750434725,343.58829791655825,33.213964870367256,8.077742416784194,11.25571750434725,343.79389786397195,33.24284225283869,8.069653127868419,0.185,normal
35.756408531400815,10.589467336089287,10.440531750901139,328.0881105697502,35.75345434113359,10.591307008222726,10.440531750901139,329.31743343234143,35.75046136233567,10.593082877477128,10.440531750901139,329.0342137567523,35.77353520994347,10.577560156961296,0.198,normal
37.21673641255372,9.839002294918503,13.086516073222024,173.39136249219234,37.22106959980854,9.838500266049593,13.086516073222024,168.85018464592318,37.22534943542789,9.83765673072616,13.086516073222024,173.06298558180984,37.191087578636846,9.844132671956128,0.056,normal
34.71466421828379,9.146968522776586,16.716108305802482,92.7029744234132,34.7149269860701,9.141402685965131,16.716108305802482,97.09385067177516,34.71561510451799,9.135873302697268,16.716108305802482,97.97420270219071,34.714390297212994,9.180375678706437,0.186,normal
32.05057448492553,9.532772277382204,14.70621481006992,60.84678286353329,32.04818645671187,9.52849119956754,14.70621481006992,61.70773183420918,32.04586302483475,9.524174722958447,14.70621481006992,64.42385460197454,32.06245940069115,9.55965918054488,0.072,normal
35.45684848630044,10.542998747990488,17.631962651070687,82.64473860215084,35.45609606448156,10.537169789063173,17.631962651070687,83.70784138627714,35.45545192023024,10.531327873371094,17.631962651070687,78.8565582292333,35.4533654945409,10.577931377726452,0.196,normal
32.39935745180761,9.31457408645872,3.058914684047879,186.02577548712088,32.40035192657842,9.314679062314092,3.058914684047879,193.13279427378865,32.401325772658204,9.314906271057101,3.058914684047879,165.0650382602046,32.39502743616502,9.31811127650042,0.739,degassing
35.700694107426,9.398137264514217,11.034375852561,9.62604416309668,35.697067769669836,9.3975222197318,11.034375852561,11.857991975011533,35.693468135923,9.396766413873934,11.034375852561,8.766388396007603,35.72268334716587,9.399593229585017,0.021,normal
34.8044069447887,8.259281496743348,15.825793447918084,334.94466597254774,34.7996280868285,8.261515536124831,15.825793447918084,331.30429742667,34.795000718829336,8.264048495019505,15.825793447918084,329.29798756150575,34.83369226861635,8.247498281795153,0.077,normal
35.78641004811938,9.30333986396227,13.025193655371819,154.15313643001582,35.79031744333377,9.301447010927337,13.025193655371819,153.1420413703969,35.79419082882818,9.299485502633948,13.025193655371819,148.86817241624271,35.762528540406564,9.313715771770001,0.065,normal
36.159292173916995,8.15960866266837,13.006911216025943,154.05389338776985,36.16319080473398,8.157711710752002,13.006911216025943,157.30835210723387,36.167190838930296,8.156039145282884,13.006911216025943,155.791814082481,36.134645009543924,8.167577927643034,0.062,normal
32.56661028827336,8.692306379349887,13.372969394362409,290.90811626285495,32.565019482935504,8.696470516659716,13.372969394362409,287.2200411803826,32.56369982862655,8.70072835809205,13.372969394362409,291.3802994724788,32.581043537412306,8.669985567915099,0.107,normal
35.89276893124651,11.453169251786013,10.948685825022993,174.4107601870896,35.89640114210711,11.452813799074338,10.948685825022993,171.14691756411258,35.90000722397652,11.452252126645606,10.948685825022993,172.06750196197976,35.87100358450623,11.455404032548586,0.152,normal
36.41784139569819,9.339739367683316,13.227118724016176,240.42234767972275,36.42001770949567,9.343573854379853,13.227118724016176,236.69545307739475,36.42243866526562,9.347258770000458,13.227118724016176,241.17745637310497,36.40836272420316,9.315065336743375,0.068,normal
33.571413733280124,8.308235723852398,3.8740028170103535,250.0225540977933,33.57175538349329,8.309175551034302,3.8740028170103535,247.38661159794628,33.57213989453356,8.310098671427271,3.8740028170103535,221.03460064127475,33.5753155325605,8.304274987470096,0.913,degassing
37.07989655052681,8.599265909066535,3.2111650604887756,221.26068946838774,37.08064826730942,8.59992539513822,3.2111650604887756,254.20389857829568,37.080920482083606,8.600887631656294,3.2111650604887756,272.34717478190555,37.0781703584203,8.593863190683944,0.781,degassing
32.45650844101076,7.757034501269335,15.942467089951107,220.83164373817092,32.46052931223353,7.760509101300728,15.942467089951107,219.58928334396177,32.46462457307725,7.763895705704868,15.942467089951107,223.5027874456173,32.43250025706011,7.736082230054913,0.062,normal
35.57812681141424,8.624615463923316,3.154573808960568,320.26798472539576,35.57735776890483,8.625254661559982,3.154573808960568,339.9339640674026,35.5764184711015,8.625597764513419,3.154573808960568,324.89753292148595,35.579846427823995,8.619104763271444,0.773,degassing
34.055700303044205,8.352321277449402,0.6328098873766516,62.23747101798511,34.05523449501301,8.35143639164995,0.6328098873766516,41.15184654223763,34.05448152678332,8.35077833477925,0.6328098873766516,30.430346782602022,34.060399399652795,8.355669383930753,0.979,degassing
36.91311983672525,11.49935205825126,2.2423900276432667,120.8539585494777,36.913632688292154,11.498493580953758,2.2423900276432667,86.92493692719421,36.91357904407887,11.497495020841205,2.2423900276432667,99.31693287381894,36.91066727295564,11.504611067087827,0.991,degassing
34.10276624178252,9.507836990031945,19.05356674076379,165.060065235438,34.10890273907438,9.50619961359293,19.05356674076379,161.50634370208545,34.114925944849645,9.504185018644828,19.05356674076379,161.21285989790124,34.0653745033294,9.515050371182676,0.121,normal
34.17829234095447,10.382860482548551,16.164968030687863,310.4277573896221,34.17479807427297,10.386962204336887,16.164968030687863,309.0773804340663,34.171401440614964,10.39114513405942,16.164968030687863,306.51865840045616,34.201701835710665,10.360587080922167,0.182,normal
37.62349315517091,11.132103276384088,12.280171738899384,183.475555372002,37.62757901699536,11.132351428734362,12.280171738899384,180.52886329420392,37.631672233196994,11.132389211853887,12.280171738899384,182.24677360978797,37.598968438291834,11.132475562629791,0.009,normal
33.71415583024845,10.100458993211685,17.91059111890511,234.46949853512052,33.71762532827891,10.105317576967133,17.91059111890511,229.51338606874566,33.72150160035695,10.109858256153013,17.91059111890511,231.99942900936148,33.6896380914782,10.074393608212132,0.097,normal
35.918034119931534,10.86813574346914,0.7364861155529329,292.2575992622785,35.917655348561084,10.869061233744038,0.7364861155529329,300.452494953973,35.917148524766,10.869923283418208,0.7364861155529329,324.78382635167645,35.92350268205863,10.86630125412087,0.933,degassing
35.98140975469206,8.738884150938505,8.3502902825517,19.833377528121865,35.978791428546145,8.737939772157059,8.3502902825517,23.003871410795277,35.97622934112711,8.736852026255466,8.3502902825517,25.80512108277842,35.99699155998689,8.744841287536497,0.001,normal
32.482648480062515,11.404846986711622,9.086949676024608,72.37258951429483,32.48173122559535,11.401960226655458,9.086949676024608,76.90508085110133,32.48104496420259,11.399010008921085,9.086949676024608,76.21767799662176,32.48715492065011,11.422433677309105,0.059,normal
35.97010819324244,7.933907153828892,10.547117066148232,181.55245968426402,35.97362260845097,7.93400240209268,10.547117066148232,178.18469862817722,35.97713654973422,7.933891032673578,10.547117066148232,180.17772503509235,35.94914539236768,7.935989825156284,0.106,normal
32.44109926882098,8.055698266917334,8.719556253474803,40.16418769279315,32.438878109173565,8.053823619998168,8.719556253474803,40.126360673347335,32.4366557123571,8.051950439910453,8.719556253474803,39.04559733145672,32.45449905653565,8.066821638969275,0.093,normal
34.56956081861139,8.987455599274098,2.0908998746217047,254.21611449901022,34.569832828222836,8.988417893808679,2.0908998746217047,223.30413349735085,34.57056055150151,8.989103764663632,2.0908998746217047,215.8988470533495,34.57041673262689,8.981680085238079,0.725,degassing
36.91109184573526,10.921719091517964,2.5439141983861595,322.5800551832027,36.910297642592035,10.922326743858774,2.5439141983861595,287.25430001435785,36.910001029344215,10.92328174154527,2.5439141983861595,267.87153840205207,36.91567298540421,10.918601519496187,0.764,degassing
36.909408404330286,8.2654294124319,18.18389585902788,279.59981581968583,36.90839758836752,8.271405832099752,18.18389585902788,275.0702045920801,36.90786191312742,8.277443413817132,18.18389585902788,278.53105676857876,36.913825120534185,8.229344323828592,0.106,normal
32.63815870241371,11.356431817576881,19.834492918967204,47.82278036857877,32.633719571013174,11.3515322243848,19.834492918967204,44.73079401421595,32.62902262208743,11.34687920688772,19.834492918967204,47.80620318500095,32.66664799035885,11.383971920941839,0.189,normal
35.320603852676705,11.8772796701887,3.961640311271512,286.3334845351087,35.32032262509077,11.878239311290836,3.961640311271512,285.09165113826793,35.32006226126886,11.879204821870912,3.961640311271512,253.96950924573068,35.32173086444917,11.87148816456694,0.949,degassing
34.9088433597016,7.923929717093684,9.284211430165279,43.82421948582841,34.90661060715944,7.921786771907223,9.284211430165279,43.177551742294455,34.904353811027725,7.9196691625932685,9.284211430165279,47.12052215222488,34.91854651544502,7.939595455652063,0.186,normal
36.98133367328554,9.536840646289969,13.424001493885779,19.288013983214306,36.97711016886203,9.535362587895047,13.424001493885779,20.184010037775774,36.972910293911305,9.533818665412396,13.424001493885779,21.234647362367383,37.006129358765264,9.54706830688813,0.114,normal
34.79336675182572,11.906503802896042,11.810101192536882,122.4754801023417,34.795480518333264,11.903182718559357,11.810101192536882,121.64606456979759,34.79754598892522,11.89983138430961,11.810101192536882,122.84775459256653,34.77902992785909,11.92524172302324,0.145,normal
35.90485507332916,10.451822746377585,0.6054632652511501,295.9661141261794,35.90441723382384,10.452721799528174,0.6054632652511501,265.4185008540878,35.904497110883284,10.453718604250964,0.6054632652511501,247.4586909446438,35.9045086995878,10.446189116785174,0.919,degassing
33.32672465350138,8.495078583794411,13.85196914472162,233.37111758721514,33.3294794846154,8.49878406320537,13.85196914472162,232.46100819998398,33.33229282505691,8.5024453181394,13.85196914472162,234.09311936806066,33.3084536105712,8.474291463716254,0.155,normal
32.74956271737888,10.89123212040196,14.955974222733301,249.92759350723568,32.7512737176678,10.89591463476752,14.955974222733301,254.7545079194355,32.75258463526091,10.90072451603803,14.955974222733301,250.73935056449085,32.73855397265198,10.863424367899635,0.186,normal
34.09706339687008,7.876140286943433,11.15670331696191,185.11653497857654,34.10076747953061,7.8764719450166725,11.15670331696191,188.06820791947058,34.10444956979314,7.876993899739081,11.15670331696191,184.91145991018925,34.07477006249034,7.875514254615907,0.029,normal
33.56057488095927,10.666987832244573,1.00485981874305,173.49459991917922,33.56156844214122,10.666874535387965,1.00485981874305,190.27616651436813,33.56255240147089,10.667052928318213,1.00485981874305,191.01433621714273,33.558334333866895,10.67219555981589,0.916,degassing
35.493549076878736,9.01522951237181,10.025490393652088,147.0473145460191,35.496353273518515,9.01341173630437,10.025490393652088,148.925622056302,35.49921554429921,9.011686849466379,10.025490393652088,153.52047553523377,35.47676338853186,9.026182505666807,0.154,normal
37.468589018635164,9.272884259894516,1.4308339247448085,89.09095787900728,37.46857315352273,9.271884385753333,1.4308339247448085,93.70504166100683,37.46863777364091,9.270886475817354,1.4308339247448085,125.36217320006757,37.46617204544719,9.278153233440237,0.939,degassing
32.6918407727058,10.16787006156842,1.7974733207563007,15.678016709040488,32.69087797720604,10.1675998305087,1.7974733207563007,0.6640938644813126,32.68987804437658,10.16758824014374,1.7974733207563007,20.861148982823497,32.69715456412548,10.165555332494336,0.778,degassing
35.14941741866585,7.702314076506915,11.748838740707772,144.59139177803408,35.15260934612887,7.7000449698938676,11.748838740707772,147.33294306210706,35.15590615354766,7.697931132957401,11.748838740707772,149.35177233963503,35.13140335349106,7.7173242089134835,0.156,normal
34.176215098817664,8.789712413684184,3.1493380210830835,298.379702133143,34.17573978626679,8.790592230698671,3.1493380210830835,337.1424315017346,34.174818312940566,8.790980672340433,3.1493380210830835,346.19030042548724,34.17330266287315,8.785111781580714,0.93,degassing
32.18910350023506,7.937299725067857,13.549712615999733,242.9276213829914,32.19115906253506,7.941321425712193,13.549712615999733,241.1224858582134,32.19334028970763,7.945276379626392,13.549712615999733,239.71369307485946,32.17463047446468,7.914402347192662,0.135,normal
34.83641653964208,8.115527512379987,13.878053697702963,155.0188219598587,34.84060977770152,8.113573850131578,13.878053697702963,153.54707498602366,34.844751454587495,8.111513133223257,13.878053697702963,155.3301739083079,34.81073456078281,8.12601758923756,0.182,normal
33.170520395366395,11.066560206879295,17.080223578619357,347.7057487623119,33.16495755474878,11.067772517614268,17.080223578619357,347.0439988752021,33.15940908668852,11.069048995283211,17.080223578619357,350.4442578807357,33.20358483771955,11.05809594803247,0.084,normal
36.91041298123802,10.372441809441218,19.594066363229945,201.74984298862154,36.916479373209604,10.374862035157747,19.594066363229945,204.3698154001545,36.92242879251097,10.377557033125905,19.594066363229945,200.08183787094163,36.87441657358742,10.357028451096024,0.105,normal
32.093023572313186,10.644967853279471,11.98615741083701,357.81180796016406,32.08903109991914,10.645120404590394,11.98615741083701,357.3502614815889,32.08503998592716,10.64530511198803,11.98615741083701,356.96946684067706,32.11693978832358,10.643493546972138,0.014,normal
35.251406809573226,11.548471087365,3.0827894255160806,180.85348141174546,35.25240669862897,11.548485982874858,3.0827894255160806,164.24515641293908,35.253369130915345,11.548214461063326,3.0827894255160806,187.83967658058845,35.24596034760915,11.548626558978617,0.834,degassing
36.07314785814859,8.068161660988292,2.6687768386381614,270.7845413315409,36.07313416574711,8.069161567242968,2.6687768386381614,263.2363490043672,36.07325193974458,8.070154607667886,2.6687768386381614,237.52059217407117,36.07822468894682,8.065447541772835,0.868,degassing
35.81831482195399,9.93120231714176,1.4426568758128562,191.0177668908288,35.819296389922144,9.931393430521462,1.4426568758128562,226.77645199724031,35.8199812365692,9.932122117745186,1.4426568758128562,218.0558984271804,35.81329307312647,9.933843367651672,0.766,degassing
33.27804785815469,9.809626323925368,18.6498285920628,214.54916153241683,33.283168105753596,9.81315184496246,18.6498285920628,216.04771406929336,33.288194403808745,9.816810063370077,18.6498285920628,215.04901335914988,33.2482457386369,9.787246165218122,0.196,normal
37.148676157421626,11.710221346062728,2.0000860552344966,95.18383290091097,37.148766508990406,11.709225436130044,2.0000860552344966,122.63772891555209,37.149305834408246,11.708383338692883,2.0000860552344966,112.4603474843057,37.14978419014914,11.71580645586149,0.721,degassing
37.7510876133298,9.63231467896846,1.4784694737207502,84.04368599994129,37.75098384318452,9.631320077662936,1.4784694737207502,64.94956306342665,37.7505604272724,9.630414142253892,1.4784694737207502,80.88143844964442,37.75412381834724,9.637172574489336,0.952,degassing
34.96230832029076,8.333894485162343,0.6953166458835195,337.0719495694104,34.96138732549991,8.334284060052756,0.6953166458835195,340.5254511502651,34.960444535822695,8.334617448151715,0.6953166458835195,18.72512721362815,34.96671068133875,8.331485551547706,0.885,degassing
37.96676489422689,11.552415410440593,18.47892102327758,269.7160857319584,37.966795416590614,11.55857497515873,18.47892102327758,267.840374458762,37.96702753433228,11.564730240423982,18.47892102327758,272.5954614542592,37.965994254755174,11.515493618070305,0.141,normal
35.875981820634756,10.560175088209615,16.140607628569366,280.7271008617119,35.87498039616602,10.565461270994534,16.140607628569366,282.2775634715328,35.87383630810707,10.570718422496586,16.140607628569366,277.5466307655937,35.881094857310586,10.528318799965668,0.095,normal
32.944600719486864,8.793501870678538,11.466141503281468,180.4739631439298,32.948422635884825,8.793533487123016,11.466141503281468,175.90344187461133,32.95223491801304,8.793260449529491,11.466141503281468,171.37698461719853,32.92171735647767,8.792877451421914,0.138,normal
33.59174487348082,9.558709401642,16.098145760342632,233.06176414973845,33.59496962052498,9.562998397321282,16.098145760342632,229.16799500659752,33.59847817572959,9.567058510350728,16.098145760342632,225.9682749022491,33.56990253246062,9.535102518692367,0.087,normal
35.90111823283221,8.342720696356027,13.762095962001053,180.6621714113456,35.905705291798505,8.342773711684112,13.762095962001053,178.38549218181566,35.91029083599468,8.342644463820852,13.762095962001053,178.89224860970575,35.87367845325692,8.344660670609361,0.194,normal
33.01520932188649,9.292527953845344,14.121802729932204,302.02804598858995,33.01271289635647,9.296518721642546,14.121802729932204,306.4905382924567,33.00991353125366,9.300303153311804,14.121802729932204,311.0409172072844,33.02820529804649,9.267480838605781,0.195,normal
34.74310094347611,8.800645453501659,16.38979676169469,42.03554942509858,34.739043214863315,8.796987296946568,16.38979676169469,39.58365608164719,34.734832703173446,8.793506081327552,16.38979676169469,41.29424883833889,34.77057062654535,8.818393001273122,0.107,normal
37.23986975865031,10.45953444433303,14.76617589110812,127.14816387972022,37.2428420827442,10.455611186676228,14.76617589110812,122.75609190967522,37.2455052309377,10.451471826476844,14.76617589110812,122.00742735736728,37.22224425138959,10.483193814848267,0.104,normal
36.28240929553883,9.19575939361775,2.1127429755836147,225.85807296857124,36.283105733648554,9.196477010478839,2.1127429755836147,261.7299149775066,36.28324957318379,9.197466611503547,2.1127429755836147,286.23576900059436,36.276930901976684,9.195427655725558,0.781,degassing
35.621491295435796,11.874508792153403,13.759547149279921,113.03920206529865,35.6232862781302,11.87028810932431,13.759547149279921,112.21617232274225,35.625020449392125,11.866042078654218,13.759547149279921,112.04837775739144,35.60957074235786,11.899299121109868,0.105,normal
33.74501942733534,7.856437212828663,15.613753406828687,216.8337735527152,33.7491850629283,7.859557337762235,15.613753406828687,214.89126440466697,33.75345406660119,7.862534468450523,15.613753406828687,219.2178243129685,33.72126401399912,7.836203711501736,0.098,normal
37.42172948425861,11.971969398904077,19.154053923665856,197.20241893499164,37.4278285556315,11.973857659044075,19.154053923665856,196.82489579866515,37.43393993630571,11.975705691571587,19.154053923665856,195.61318311288997,37.386176001218864,11.957732752951102,0.048,normal
32.65503664205996,9.838052460662238,1.7199371645996286,269.478445829155,32.655045744771755,9.839052419231699,1.7199371645996286,250.55227760437776,32.655378691410675,9.839995364901199,1.7199371645996286,281.82322674692364,32.65940523936018,9.834267120815758,0.796,degassing
37.5201029530477,10.945945581827715,17.731527510236425,358.4703961036615,37.514194549991274,10.946103353727624,17.731527510236425,0.14096922626094965,37.508284058710686,10.946088811660635,17.731527510236425,357.4263383983824,37.555532170759804,10.945249534293993,0.191,normal
36.448199948472734,7.711098764644358,17.374103393970906,142.63654933254338,36.452802938646684,7.707584163325555,17.374103393970906,139.33239555512654,36.457195708017004,7.703810104736875,17.374103393970906,140.4536940595673,36.42242954817271,7.734365623285986,0.08,normal
34.42652942198818,8.291639124757452,15.967636341685647,291.0655214683496,34.42461631113437,8.296605964486986,15.967636341685647,292.75778002373596,34.42255735798035,8.301514141536297,15.967636341685647,289.6424742594292,34.437989963755165,8.261861862342334,0.04,normal
35.04089317952019,7.678758589014529,17.531411021272053,258.52090981279554,35.04205615665676,7.684485501407541,17.531411021272053,259.6363100786016,35.043107432334544,7.690233967361752,17.531411021272053,260.9996717673442,35.038611547449605,7.643857772815451,0.145,normal
36.88391281611475,8.54898564514909,18.738437123017817,285.65778761807394,36.88222703689012,8.555000001690505,18.738437123017817,284.529710482317,36.880659991367665,8.561046381147008,18.738437123017817,279.5955853698962,36.89092913768306,8.512184113478595,0.075,normal
37.416504678905774,11.978847716816972,12.01362398558704,84.77746791018795,37.41614016867957,11.974859799622886,12.01362398558704,84.68627903455487,37.41576931196356,11.970872467614125,12.01362398558704,85.66782796675992,37.418351452706816,12.002776176800847,0.008,normal
36.3021022398468,9.698508696532892,3.3896522747151354,5.373965576986606,36.30110663522344,9.698415040599091,3.3896522747151354,45.11013368685096,36.30040088894518,9.697706575927624,3.3896522747151354,12.514953101093738,36.307744077872805,9.699022348993296,0.731,degassing
32.094416484039336,9.353004094745774,1.7145348693146718,304.3938464984526,32.093851605655416,9.353829268916106,1.7145348693146718,295.438204135719,32.09342206828432,9.354732317999396,1.7145348693146718,287.8179447522021,32.0977142123486,9.348292676455904,0.751,degassing
33.49854945317696,7.590255276154375,16.282406186825682,151.42843359549542,33.50331596705916,7.587659556174387,16.282406186825682,148.16227367140655,33.50792684888659,7.584796483423456,16.282406186825682,144.48823837279247,33.46842719139723,7.6025574290886055,0.169,normal
32.88237008957606,7.719448352940374,2.41655464017864,272.34855123081434,32.88232911110185,7.720447512969924,2.41655464017864,295.04472075160066,32.881905785573615,7.721353490617077,2.41655464017864,269.7864918866841,32.886419176293295,7.715854833275474,0.778,degassing
33.03493061663796,8.592126146284281,16.29615904076406,47.08837927474903,33.031232097802956,8.58814768447479,16.29615904076406,51.81608565519756,33.027874069207826,8.58387792524309,16.29615904076406,56.258828717047344,33.058045712132376,8.61508250020374,0.113,normal
33.40631768835188,8.546198385974673,11.872569439397221,58.26312041319575,33.40423595525591,8.54283262056812,11.872569439397221,58.41618141588077,33.40216322094518,8.53946130599782,11.872569439397221,57.05400279660172,33.41768646620731,8.567015633370339,0.193,normal
37.21027408848272,9.559900740649065,1.2543580890884534,287.89954556873755,37.20996673941233,9.560852337490658,1.2543580890884534,283.75337782003646,37.20972899625584,9.56182366554623,1.2543580890884534,301.74769582638737,37.208594098033316,9.554249812603576,0.991,degassing
37.05232222907723,8.244787122037513,16.95064207308178,22.779385405297067,37.04711271752439,8.2425994502381,16.95064207308178,25.909195754366603,37.042030419719865,8.240130610926366,16.95064207308178,28.931127296128235,37.08448010485469,8.255513447714227,0.039,normal
32.376863505768746,9.438004662314036,9.989046202844966,226.76182722099287,32.379144446607675,9.440430376963514,9.989046202844966,223.22038258984196,32.38157086936636,9.442710564514472,9.989046202844966,218.75894985495924,32.36242077727599,9.424215121646334,0.097,normal
35.50027028894802,10.66439061386981,17.81837771995199,324.54706766364177,35.49543205128725,10.667835702025618,17.81837771995199,328.5881153560397,35.490363063110124,10.670931269004953,17.81837771995199,326.39718133222436,35.527308684720374,10.641223285768902,0.133,normal
33.33636597483388,10.668473813140537,16.368070093761087,326.18869394713994,33.33183270316414,10.67150986961617,16.368070093761087,322.0999181964233,33.32752744674582,10.674861430167228,16.368070093761087,324.3044990685579,33.363786488192055,10.65062383494199,0.177,normal
33.24041172310751,9.85003784535786,3.801457759281895,200.70432166504438,33.24134714047403,9.850391390758636,3.801457759281895,182.19512150594406,33.24234640665538,9.85042969348456,3.801457759281895,172.2640500578048,33.23750270685181,9.845045173293864,0.91,degassing
36.854803044915876,9.663095675903092,16.892692300511246,77.76790088041035,36.85361001346558,9.65759261476721,16.892692300511246,77.94736241886834,36.85243422449837,9.652085843824887,16.892692300511246,82.80727473941683,36.86104891604266,9.69628336901113,0.151,normal
35.71814100842732,8.722331119624164,12.400795366240105,90.43151661291361,35.718172139857195,8.718197638400706,12.400795366240105,95.01811872288236,35.71853370888208,8.714079883668957,12.400795366240105,91.3237287118208,35.71784722002073,8.74711275586274,0.135,normal
36.80836218419933,10.521303204929131,15.510804304775904,96.14617815567966,36.80891574119856,10.516162655650023,15.510804304775904,100.52517845494278,36.8098601816446,10.511079378706336,15.510804304775904,98.06522475434481,36.80503614631278,10.552100119212524,0.005,normal
35.4289338376031,8.697095843888984,11.756907633104102,14.11279291964053,35.42513315229975,8.696140275523062,11.756907633104102,16.629241178965934,35.421378087520544,8.695018755045755,11.756907633104102,16.790513389191204,35.45170100743192,8.702904507358488,0.147,normal
34.459359934315,7.80095298292459,11.580458629293133,357.0673655261027,34.45550483677775,7.801150475222345,11.580458629293133,353.1201879340992,34.451672478507376,7.8016128714992705,11.580458629293133,351.46267582767433,34.482462482990954,7.8022586371705875,0.169,normal
33.471421992487656,11.583465867950906,18.71904722486343,228.27415907230338,33.4755749193621,11.588122780547444,18.71904722486343,223.79221455018856,33.48007906075851,11.592440922142787,18.71904722486343,221.52614937226616,33.44775425373864,11.55448342012841,0.088,normal
34.272547176312145,8.766936730168888,15.52706384090795,186.14246154183624,34.27769315021771,8.767490533642725,15.52706384090795,181.3158159396215,34.282867473380364,8.767609384527464,15.52706384090795,185.9456779898359,34.241707036591094,8.766467387379173,0.002,normal
35.854028735130484,11.75172551416989,16.866690412992284,41.23998455423761,35.849801070778945,11.74801925920678,16.866690412992284,39.71086784770631,35.8454760106872,11.74442713909135,16.866690412992284,37.54628966423326,35.88279649759462,11.769218334340522,0.161,normal
33.03536170391587,7.637227043647979,1.2280038487685245,179.3414833183465,33.0363616378688,7.637215550616738,1.2280038487685245,214.81361058417164,33.03718265148204,7.637786459231908,1.2280038487685245,221.67373964899193,33.03404140913984,7.642145139509349,0.765,degassing
35.128802273923256,9.56255227924473,12.644449688368102,113.06644807948027,35.13045363234986,9.558674432676744,12.644449688368102,108.39978751658819,35.13178402030712,9.554675089413013,12.644449688368102,109.09325921319802,35.122374155922124,9.58694223067133,0.186,normal
36.11386635451149,7.778359842226963,14.47859660282267,277.2537242508814,36.11325698199387,7.7831474157924,14.47859660282267,281.03207757560153,36.112333447631755,7.7878844274866745,14.47859660282267,276.3859287944991,36.1161322896407,7.749505813513289,0.021,normal
37.779848810946575,7.549577794386253,2.9412919994922713,115.20929516066336,37.780274737023674,7.548673036420361,2.9412919994922713,127.38825666688052,37.780881950027556,7.547878497328865,2.9412919994922713,91.62443010733872,37.780569540232264,7.555056332801312,0.792,degassing
36.48857291375599,8.853022001020308,2.3114615680973603,356.27250637349107,36.48757502921871,8.85308701217522,2.3114615680973603,347.49572813536514,36.48659874935163,8.853303524579335,2.3114615680973603,24.737137711489474,36.493402721925186,8.850921313081415,0.873,degassing
37.00015940527774,10.161118171928617,3.2056482469151186,46.27257161544781,36.99946817685018,10.160395535601737,3.2056482469151186,84.21334867205994,36.99936735234133,10.159400631375986,3.2056482469151186,62.405925402954026,37.00228901178158,10.16636780145611,0.954,degassing
35.111634779353544,9.503680350498536,16.79578135104841,326.8111394228766,35.1069494799487,9.506745023701617,16.79578135104841,322.7726000239013,35.10249165173951,9.510132060756627,16.79578135104841,321.8610301407066,35.14030925087553,9.486217625395664,0.107,normal
35.76252623728512,11.328494641174354,18.73082512126514,301.9944343137947,35.75921814328743,11.333789842740606,18.73082512126514,306.619178197533,35.75549387108392,11.33880107433364,18.73082512126514,302.83191187731853,35.78241481947478,11.296797357817255,0.1,normal
35.97119999078018,9.55013455495829,8.138868912443751,176.02518447132906,35.973906421381244,9.549946498291721,8.138868912443751,179.67766037589482,35.976619334752144,9.549931235584594,8.138868912443751,177.7660023354035,35.95494115206618,9.54950746506476,0.091,normal
35.37511094019664,10.511142573769382,12.624134786477386,283.722919816626,35.37411267928061,10.515230497113397,12.624134786477386,287.08316370213186,35.37287652630041,10.51925288047809,12.624134786477386,288.20941286327604,35.38264645203995,10.48715615137322,0.176,normal
37.172613577481414,11.784414636090732,9.324257729430666,153.44098076771792,37.17539368034886,11.783024950489896,9.324257729430666,152.89421258886242,37.17816039519307,11.781608798311064,9.324257729430666,148.25154504051136,37.1574866399549,11.795290338775313,0.004,normal
33.37407912482902,11.134055051470034,14.998579406338392,77.53319857935256,33.37299985761307,11.12917340756776,14.998579406338392,78.62191508697788,33.37201353912447,11.124272138267765,14.998579406338392,80.15755313294125,33.37994339572677,11.163456013240655,0.01,normal
35.28290805489069,7.686747260454485,10.241825553242007,225.4569673669129,35.285302746517345,7.689180458139791,10.241825553242007,222.84063567748015,35.28780601187691,7.691501807209229,10.241825553242007,220.74362300933694,35.26960230882457,7.671184613096347,0.169,normal
34.4947425785026,9.277194038513626,16.389994965200884,138.1705484286619,34.49881348876906,9.27355045753117,16.389994965200884,137.32687421522115,34.50283030831035,9.269847329995429,16.389994965200884,134.81095955508565,34.4706300212342,9.299279636082536,0.099,normal
32.09874766011216,8.098344730444296,13.399024108867131,343.4558112908153,32.09446622346113,8.09961654231451,13.399024108867131,341.5004381456541,32.09023067545084,8.101033700838636,13.399024108867131,338.1652004223884,32.12492486266913,8.092726715008835,0.128,normal
37.23231381344365,9.001554387715082,15.735491866438498,155.22364192698683,37.23707616257228,8.999356257669582,15.735491866438498,158.45001142559772,37.24195467621485,8.997429641579366,15.735491866438498,162.12728624184754,37.20462013600339,9.016396634092606,0.088,normal
34.38295966775838,11.76720313740847,17.264260065082443,299.3878828287915,34.38013569810165,11.772217355348994,17.264260065082443,301.2331013495272,34.377151737117124,11.777138042599779,17.264260065082443,305.48299254954765,34.40045226490095,11.737467382211701,0.153,normal
33.250256417485204,9.921253942273033,9.388115316902926,305.8271037428443,33.24842466699734,9.923791196268885,9.388115316902926,302.17273403055697,33.246758359367604,9.926440042540824,9.388115316902926,305.73966568043534,33.26106407122533,9.905927253105697,0.104,normal
34.119270384097824,11.491978517651104,2.4687739652742966,120.07933037656323,34.1197715826964,11.49111318536534,2.4687739652742966,135.08493007447424,34.120479736851415,11.490407127511663,2.4687739652742966,143.38553593141086,34.11648104779527,11.496884299435644,0.738,degassing
34.78559148165429,11.286077638267082,13.178328970490826,154.16180928595514,34.78954510539249,11.284163129670857,13.178328970490826,152.67999633263136,34.79344789848726,11.282147022062691,13.178328970490826,154.99432259059614,34.761884233455426,11.297551050858425,0.028,normal
35.16597038069553,8.920254638701529,17.6996175110974,203.74991648356456,35.17137060518707,8.92263078495142,17.6996175110974,202.50230427721493,35.17682128583147,8.924888787624724,17.6996175110974,198.7668520590147,35.1354130461616,8.902436289435519,0.059,normal
32.501857139612554,10.3855213015338,10.6862911342309,110.48341337335877,32.50310364634559,10.382184423303977,10.6862911342309,108.72489658724157,32.50424716694339,10.37881086494542,10.6862911342309,111.4789590260257,32.494145681791736,10.405428232354627,0.121,normal
36.51793862779174,7.95593691810545,15.84709548249191,250.16930548298228,36.51973062749432,7.960906034602205,15.84709548249191,255.03901962697017,36.52109432906143,7.9660093374276535,15.84709548249191,254.31476008533662,36.50728834405153,7.926101831223862,0.014,normal
37.761745369107956,8.000212405633768,2.221787452037236,12.102801832763532,37.76076759612297,8.000002739256335,2.221787452037236,337.5924500506012,37.759843100311585,8.00038393145817,2.221787452037236,311.94396729694233,37.767239305218546,7.9999012982237465,0.921,degassing
34.1609171821284,8.086942681937899,2.44877178119832,243.4797846758744,34.16136369566802,8.08783745881452,2.44877178119832,210.15569440874947,34.16222835918602,8.088339810285749,2.44877178119832,193.9599956476333,34.1574682804963,8.082354864237795,0.776,degassing
37.943662977824935,10.211590892465736,0.9193123392487836,348.63502900361505,37.94268258599147,10.211787950459406,0.9193123392487836,357.33084003899046,37.94168367090568,10.211834519240632,0.9193123392487836,348.7580800941595,37.946783588445776,10.206691915440299,0.76,degassing
34.81317715173247,10.204579703186226,15.415624324302144,3.564281692586947,34.808048549883594,10.20426024861821,15.415624324302144,1.6040496212922903,34.80291202203582,10.20411640907435,15.415624324302144,359.54940081015627,34.84392392019995,10.20637380466068,0.064,normal
35.159295825518015,10.205068552614826,11.017644943034268,223.1045379668515,35.16197718300064,10.20757812093858,11.017644943034268,226.01718500560173,35.164527556942225,10.210220696174837,11.017644943034268,230.14756601548203,35.14392118336524,10.189301128722002,0.044,normal
32.27227598962655,8.401258549947933,2.8566104151941483,159.69092785845515,32.273213823616054,8.400911465796558,2.8566104151941483,164.22824650037876,32.274176175725295,8.4006396599507,2.8566104151941483,140.02577628392422,32.26914070125149,8.405765768988465,0.968,degassing
32.36465814775172,8.481736146480428,10.507741083259306,306.5678267862313,32.362571401523425,8.484549251413517,10.507741083259306,309.7601903932134,32.360331236114824,8.487241783331243,10.507741083259306,314.08056875119576,32.37683104763661,8.464626897694059,0.128,normal
36.62489741444657,11.093319562826236,16.3934221206093,57.40353625062524,36.62195359961196,11.08871582187397,16.3934221206093,56.94676541763792,36.61897317697679,11.084135695516347,16.3934221206093,57.781010629884854,36.64303936257921,11.120589382569442,0.006,normal
33.52351192709426,7.892628662131836,8.307811638547859,136.18216414080842,33.52551007967053,7.890711308319962,8.307811638547859,133.89806642547742,33.527430229589875,7.888715842548467,8.307811638547859,138.28404546505655,33.51251228141594,7.905076614038876,0.05,normal
35.340138664324186,9.651796255589154,1.4124771542885637,132.00555420672214,35.34080786696726,9.65105317563215,1.4124771542885637,92.21137949317092,35.34084645323882,9.650053920359635,1.4124771542885637,108.39846861516884,35.33887756113436,9.65678533945667,0.807,degassing
36.62986004941189,11.8413811992386,1.2796309977457152,67.88606821443594,36.62948359986932,11.840454762116128,1.2796309977457152,76.80660593729444,36.629255361249854,11.839481156891932,1.2796309977457152,78.51236369713669,36.631182248683935,11.847072781862503,0.774,degassing
35.71163301313535,8.988270491719078,11.580784228001239,140.44568608348655,35.71460935675954,8.985812240963126,11.580784228001239,144.95473999505046,35.71776974775712,8.983595588782284,11.580784228001239,148.14271053752313,35.69355406407342,9.00273851214252,0.153,normal
32.06826087776172,11.749254114228266,2.139761077968893,287.1349540832625,32.06796625439649,11.750209727681844,2.139761077968893,313.98476406674183,32.067271787335415,11.750929252178356,2.139761077968893,284.08089526831856,32.06740009523498,11.74353204976955,0.907,degassing
35.90711558887058,10.426875337335135,8.295831304620544,101.99584020881983,35.907690325929224,10.42417044643868,8.295831304620544,100.3733089835745,35.90818824430338,10.421450366524233,8.295831304620544,99.17455871943893,35.90335363406395,10.443020742383665,0.178,normal
33.80779025448501,9.406992305199383,2.9591259474608402,266.4731911603286,33.807851770047634,9.407990411323778,2.9591259474608402,229.85502306976485,33.80849649393875,9.408754826854906,2.9591259474608402,220.24712405288062,33.80770572062087,9.401442051966635,0.84,degassing
34.653566011381756,9.555772899280646,19.31429724726231,168.9222848967208,34.65988415239109,9.554535881099206,19.31429724726231,172.69634581370366,34.666270014905265,9.553717419282624,19.31429724726231,168.8038980584685,34.61534579984998,9.561095038236102,0.004,normal
33.289963111031,7.8302649157404645,9.408411806625278,253.80825614003322,33.290837631463404,7.833276654604068,9.408411806625278,251.6249964800062,33.29182625182065,7.836252891617223,9.408411806625278,247.9536621854203,33.28443330654068,7.812282809221654,0.034,normal
34.99416164028835,8.315470417933128,19.683869269118023,164.69927417827563,35.00049035906432,8.313738990221193,19.683869269118023,164.75892208076294,35.00682087691726,8.312014151973496,19.683869269118023,168.49933472896146,34.95532273007567,8.3215758534551,0.114,normal
32.83777233660439,9.558715199391864,10.070405202413921,143.92538196417348,32.840485474351574,9.55673858576065,10.070405202413921,142.94882747334233,32.84316453007177,9.554716018498379,10.070405202413921,137.98294873701516,32.82141797780622,9.570436738028585,0.096,normal
36.534084977729634,11.837632630958252,1.6014110543774756,228.3501117669164,36.53474955480874,11.838379850675556,1.6014110543774756,192.4595760152075,36.53572600327785,11.838595601427969,1.6014110543774756,163.86000909019901,36.53281455568799,11.832215330913321,0.993,degassing
36.97478989240477,8.037242436686384,18.173516457485817,34.421514890379406,36.96979277333736,8.033818080953539,18.173516457485817,36.98362802989428,36.964953726600456,8.030173765127897,18.173516457485817,39.0062685626923,37.00602317261244,8.055755001711322,0.145,normal
36.40621256519201,7.665620729642106,19.375319001070565,61.963933388113006,36.40317692243601,7.6599201756347695,19.375319001070565,59.27126987828045,36.39987682759569,7.65436852570187,19.375319001070565,59.75973423915045,36.423234423921,7.700381249997611,0.096,normal
35.19021253313918,10.772645397611356,10.354120420212485,135.5056654008039,35.192674466007574,10.770226541393132,10.354120420212485,132.48954372105297,35.195005715706074,10.767681496463046,10.354120420212485,128.4998349796151,35.17658003197885,10.78822356892143,0.046,normal
33.420554553062296,10.329507658586689,19.795643270229466,296.67269333717746,33.41759251001147,10.335404024710247,19.795643270229466,295.87721142380764,33.414712613648135,10.34134094558175,19.795643270229466,297.7829332299645,33.43999559806494,10.29509863132519,0.075,normal
32.14963018632718,8.133049453600856,11.534326268448368,4.571156481403956,32.145797640652695,8.132743036067307,11.534326268448368,2.0076822228940046,32.141955225388685,8.132608340147549,11.534326268448368,358.3698792390634,32.17267929498162,8.133027477952265,0.18,normal
35.45591167010259,8.434697858534513,18.49822859036923,170.2569427718648,35.46198881034712,8.433654372975008,18.49822859036923,173.10163751207068,35.468110248931154,8.432913775022985,18.49822859036923,168.79111960354814,35.419594276418714,8.44160264203615,0.133,normal
37.861675404453116,10.296663112205724,2.2152491729327433,6.324187356661355,37.860681489910455,10.296552958304789,2.2152491729327433,327.31493710204165,37.85983983831559,10.297092979223693,2.2152491729327433,332.5488152622733,37.86469825716495,10.292517791633752,0.995,degassing
34.52528773523022,7.559811132198201,17.225487607768216,287.006425124453,34.52360837109706,7.565301882483906,17.225487607768216,289.26435067872677,34.52171398605288,7.570722206080895,17.225487607768216,285.57254307319715,34.537930013587165,7.527797189484134,0.066,normal
35.91868795174697,10.296875842922619,17.10293054730263,206.22458354475754,35.923802120509464,10.29939505210462,17.10293054730263,210.1469523099094,35.92873198411885,10.302258194054799,17.10293054730263,207.79288430119306,35.889834730174286,10.278655654451722,0.191,normal
32.098687425701286,11.295432714418771,14.887343612548325,129.14176893706923,32.10181992815277,11.291583907166862,14.887343612548325,130.16257410037383,32.10502050175553,11.28779151775065,14.887343612548325,133.12272540123803,32.07530086801965,11.313676011171484,0.043,normal
32.11013209984959,9.243934227883363,11.59261757408846,83.37571495859075,32.10968633207492,9.240095819618952,11.59261757408846,81.82349316366123,32.10913675281313,9.236270894842145,11.59261757408846,76.99302313844889,32.11343280380173,9.266806135383485,0.195,normal
33.31587106216919,11.086050932277525,13.184575177283778,123.49676246569499,33.31829653997489,11.082385985115076,13.184575177283778,118.61022735778762,33.32040101163678,11.078527749856077,13.184575177283778,120.52758393253467,33.2989714212628,11.10619471259445,0.082,normal
36.21500640903249,8.951023310232996,9.167218209787125,351.3658560935499,36.21198530003711,8.951482051705595,9.167218209787125,354.7360218649827,36.208942447986225,8.951762399163359,9.167218209787125,352.41382630447384,36.233250773660544,8.949647758344522,0.041,normal
32.57155999456325,7.506417036417359,17.31325104050282,182.1056011386508,32.57732718164683,7.5066290741181385,17.31325104050282,179.4139086969208,32.58309796339518,7.506570041445989,17.31325104050282,180.44941051868287,32.537046418159576,7.503892173136378,0.076,normal
32.258577477219475,10.630137093083047,1.4115012772784647,61.330804081491834,32.25809772537382,10.629259688862293,1.4115012772784647,37.89869799501297,32.257308627330005,10.628645421593715,1.4115012772784647,75.28191640465981,32.256881544616746,10.63529726359547,0.946,degassing
33.140722740166396,7.610740339208118,10.473802872138316,158.80479373388988,33.14397783768855,7.609478083392534,10.473802872138316,154.13316849584552,33.147119316928894,7.60795490979599,10.473802872138316,158.61574010008087,33.12094783183715,7.617639581404755,0.038,normal
36.33433212222222,9.071677057326104,3.7347013835482348,126.85481527195051,36.33493191161177,9.070876899411573,3.7347013835482348,161.1030787779146,36.33587801437487,9.07055303283156,3.7347013835482348,196.51956698214113,36.33268981623182,9.07719849043293,0.733,degassing
37.79331207420641,8.11110052722386,1.3779299502981996,81.93088654003655,37.793171706688774,8.110110427754114,1.3779299502981996,63.920037432136326,37.79273208160327,8.109212246378114,1.3779299502981996,103.2485899913412,37.795976842085594,8.116240764524633,0.981,degassing
36.29692933084232,10.601110015519875,14.767790425605082,262.56093377034097,36.297566667927995,10.605991179395287,14.767790425605082,259.1574679436391,36.29849265977322,10.610825897426567,14.767790425605082,263.5308420845413,36.29176588341003,10.572096580387942,0.194,normal
36.49018000972364,7.675824961615095,12.113442265517584,152.23910284087864,36.49375306763772,7.673944217146551,12.113442265517584,153.125840484555,36.49735480381152,7.672118994106026,12.113442265517584,148.81163575619263,36.469884524448865,7.6890415967912995,0.013,normal
33.324875637474484,10.641635378121126,13.457079015347695,44.43776988241871,33.321672801979645,10.638494791149059,13.457079015347695,45.750982275222334,33.31854278328072,10.635281626870572,13.457079015347695,47.378385476255474,33.341397892094584,10.662864105917402,0.048,normal
37.32858538228477,8.288841134935492,16.999603165984116,176.1341728593353,37.33423902342452,8.288459095878855,16.999603165984116,180.57634473742118,37.339905271129304,8.288516095228992,16.999603165984116,179.5488394407177,37.29481932698102,8.285513926009324,0.146,normal
35.13579256288239,7.806330577053409,12.767034395254061,190.18512963219317,35.139981178058584,7.8070831056355,12.767034395254061,193.3938537371203,35.14412110486369,7.808068906025754,12.767034395254061,193.93772946925634,35.11036523074472,7.804343845538779,0.07,normal
37.224409305319156,9.774061738711865,18.503078825838244,299.03877062554875,37.22141549888465,9.779454099907007,18.503078825838244,298.52067376788284,37.218470574586306,9.784873311759586,18.503078825838244,300.1591583583033,37.243668069146665,9.742489328144156,0.061,normal
35.13865505211848,11.655584576755128,14.79829527748297,237.3285448563918,35.14131786235933,11.659736878897187,14.79829527748297,233.41733603642757,35.14425770126112,11.6636978786055,14.79829527748297,236.79629913268153,35.122351897657246,11.630942443801832,0.067,normal
36.52030579280232,11.955382700389015,11.492117437383314,92.51451877536473,36.52047385561628,11.951555683023992,11.492117437383314,96.14265821744598,36.520883757811795,11.947746971009185,11.492117437383314,92.50906784853827,36.522884599899875,11.978156651775688,0.167,normal
33.67588233018596,9.59334235769787,16.134662050747224,177.2544225521587,33.68125437713929,9.593084735392008,16.134662050747224,178.541330989782,33.68663085499934,9.59294782833727,16.134662050747224,173.89609173730108,33.64378354309938,9.590997977054913,0.08,normal
34.84117813146608,10.126684876380219,3.7778768433226495,5.3448271810851224,34.84018247934171,10.126591726784138,3.7778768433226495,351.59633542199333,34.83919321635409,10.126737873085224,3.7778768433226495,3.473384985612711,34.84542377997838,10.124385965768752,0.91,degassing
33.120736379533625,10.03972375835369,19.34685215712126,186.86650820293488,33.12713907449172,10.040494772393856,19.34685215712126,185.7069470856747,33.13355606111663,10.04113605862663,19.34685215712126,181.59957416799577,33.08223782835624,10.036061584249271,0.163,normal
36.3960987102663,8.139691692162462,1.7926845309270518,339.62108601736713,36.39516130005865,8.140039919247267,1.7926845309270518,327.70538455787846,36.394315988011655,8.140574192158057,1.7926845309270518,349.83340494250626,36.401824827539336,8.139288920232309,0.959,degassing
34.832105109554604,10.549927059688976,1.94661179213041,294.94236153792997,34.83168340323491,10.550833792163266,1.94661179213041,325.9819305560383,34.83085454205697,10.551393246493573,1.94661179213041,326.96289061849734,34.83715165553568,10.551563923315149,0.974,degassing
33.94248010330154,9.153217057062657,12.807801009159956,323.9791558313275,33.93902710689367,9.155727725609195,12.807801009159956,326.8768181726833,33.93545160561656,9.15806062752757,12.807801009159956,328.86257149058866,33.96477860871792,9.14067195757546,0.162,normal
35.32434927501559,9.061451174523663,16.040675493156463,11.0680623993935,35.31910183630073,9.060424705241726,16.040675493156463,9.797340169206596,35.31383292461474,9.059514858057746,16.040675493156463,7.860214735260837,35.35552978779946,9.068774783272785,0.12,normal
33.833020310526905,8.533059191908354,10.45867258960132,220.0076073048097,33.83569061564643,8.535300448189359,10.45867258960132,222.14168378764523,33.83827560869205,8.537639586941674,10.45867258960132,217.57284024022948,33.81734507776279,8.519227595419684,0.129,normal
34.65526787095276,8.806636165985717,19.66860596995475,147.75540040644393,34.660812963104995,8.803138204071006,19.66860596995475,151.50112843256485,34.66657472721916,8.800009968334004,19.66860596995475,152.7521517176363,34.62089306732019,8.825716803074823,0.171,normal
33.268881999661716,8.994760729052702,18.493776616418394,227.14257731048622,33.27307500928992,8.999279674429403,18.493776616418394,226.17085400305754,33.2773440525122,9.003726860846239,18.493776616418394,224.55209530687503,33.242718732673005,8.968653286204677,0.194,normal
32.13395552978463,9.69311287410512,19.13727500398663,37.76309867344172,32.12891254147528,9.689206330950304,19.13727500398663,33.14771371092456,32.123571559878755,9.685718247508891,19.13727500398663,33.44015151972964,32.16589750386724,9.714123204557445,0.183,normal
37.092363803894834,7.974060815688767,15.61585332737469,169.88302175931653,37.09748815225957,7.973146463478909,15.61585332737469,165.65200604356227,37.1025310760313,7.971856538690618,15.61585332737469,167.44483559019167,37.06133782101227,7.9772873242827576,0.01,normal
34.499848813785825,11.578779652245554,13.49131290572277,137.0350322514145,34.50313966230963,11.575714646030944,13.49131290572277,141.41802248099395,34.506655123736586,11.572910100068079,13.49131290572277,144.85417566084286,34.47820262091007,11.5948704252564,0.115,normal
37.843375659394965,10.808321117789333,3.0223530526318165,112.4483419801673,37.84375750969978,10.807396893604022,3.0223530526318165,138.09842953986197,37.84450180294064,10.806729040647445,3.0223530526318165,162.4882187699586,37.845147186535335,10.8137540116428,0.862,degassing
36.005413939880484,8.079598885458237,14.96448328259299,138.99692632306645,36.00917837728322,8.07632615538343,14.96448328259299,136.56993158007296,36.01280084966552,8.072896950673709,14.96448328259299,140.53509668065684,35.98135889328735,8.097383047933436,0.049,normal
37.03200715682628,8.035096134262353,13.594975738082415,342.6787849335691,37.02768100613465,8.036445337609965,13.594975738082415,341.7763781522023,37.023376641040805,8.037862507542886,13.594975738082415,343.01330070890236,37.05678101438313,8.024005876500075,0.007,normal
37.41171735947557,8.47378611634013,0.658375775524944,225.78684822703215,37.412414689120965,8.474502866900403,0.658375775524944,254.3142251402471,37.4126850505458,8.475465625800629,0.658375775524944,280.8444389933861,37.41261766843781,8.469544777584439,0.819,degassing
36.638100847867534,11.91723976450823,13.654055267662962,249.0441234761521,36.639728633785246,11.921490072239669,13.654055267662962,251.90987643349922,36.641141885755296,11.925816447359209,13.654055267662962,252.4076954730661,36.627671472684774,11.892048758664075,0.106,normal
37.77855183800251,8.168205214769568,12.025105957171554,171.23765473197835,37.78251342382262,8.167594594557539,12.025105957171554,168.21877051796656,37.7864373535063,8.166776184458026,12.025105957171554,165.26219510012913,37.755314988808294,8.174298262581818,0.143,normal
34.37105448207318,10.85667228866595,11.73191807834478,115.6917053525109,34.37274985620534,10.853148255926081,11.73191807834478,114.10481754675278,34.37434698952291,10.849578624941573,11.73191807834478,116.62850017112356,34.362292842569836,10.87841109258322,0.134,normal
32.877571460036194,10.255791388603772,17.09411707357981,151.91297964495465,32.8825984612058,10.2531086832592,17.09411707357981,153.9754392268555,32.88771875353933,10.25060863223087,17.09411707357981,155.3080073609594,32.8484432406598,10.27359970253823,0.002,normal
36.672550622547654,11.257385749607014,13.413243337052016,83.92733209564952,36.67207762810542,11.252939757864912,13.413243337052016,84.95742368924675,36.671684638014895,11.248485981366033,13.413243337052016,82.4273315188421,36.675974685223366,11.283980359796312,0.182,normal
34.36691165013074,8.545924823156605,16.079453206443127,301.8485011267309,34.364083408068794,8.55047770059803,16.079453206443127,305.6949161787771,34.36095611975251,8.554830597787767,16.079453206443127,309.9820896466135,34.384291582168814,8.51888992531135,0.189,normal
32.78691801648223,11.317831137189618,1.7185287353669727,15.935573159332833,32.78595644545076,11.317556580908636,1.7185287353669727,20.489169935848665,32.78501970708194,11.31720655058367,1.7185287353669727,54.83405316798981,32.791137267237815,11.321876198410427,0.952,degassing
35.12324056370728,11.384688141996708,2.0151118639797927,68.33324149886627,35.12287135607039,11.383758795064251,2.0151118639797927,89.54125122045504,35.122863349479296,11.382758827117515,2.0151118639797927,84.77116766410796,35.1275674016974,11.388233069440604,0.755,degassing
35.1201934094707,9.220964824671288,14.505132014563106,181.6403867331071,35.12502647200328,9.221103233793514,14.505132014563106,182.46958916634293,35.129857025377284,9.221311571571524,14.505132014563106,181.58117587348642,35.091530578071904,9.224970071073741,0.175,normal
35.36558622395654,8.574105182491222,17.620681770473325,76.59171293315967,35.364224212213884,8.568391721366902,17.620681770473325,79.43251323306669,35.36314703913536,8.56261777885202,17.620681770473325,77.61036369470905,35.37533438361714,8.607941936862588,0.056,normal
33.54362346525611,9.752619080186657,18.511953365143693,155.97691647061725,33.549259623932286,9.750106979344158,18.511953365143693,153.36838660140745,33.55477561244923,9.747340970315442,18.511953365143693,151.07904180420567,33.50818791772295,9.763235582279147,0.198,normal
35.67162510158249,7.968985358042857,1.9575684310539772,300.8730679699885,35.671111963722794,7.969843664245176,1.9575684310539772,293.71109139447844,35.670709838698464,7.970759249011765,1.9575684310539772,293.61665318407734,35.67502204797155,7.964708012178689,0.781,degassing
36.96796831606065,8.344611874707077,11.107900452859912,121.94273283018649,36.96992727344946,8.341469903881656,11.107900452859912,125.60423008861834,36.97208288371541,8.338459448915994,11.107900452859912,128.2785365858003,36.95558385140651,8.363039261178603,0.124,normal
36.67564570740315,8.330336502617063,13.311077140593742,331.7631275109538,36.67173669147097,8.33243573857915,13.311077140593742,330.1121101882174,36.66788978089834,8.33464672845447,13.311077140593742,334.2586655743567,36.69859254331339,8.316940687666463,0.021,normal
34.56821067265603,11.160351308045737,16.825360293719655,3.1666345504609694,34.56261078276217,11.160041496704611,16.825360293719655,359.7282936668378,34.55700239239276,11.160068092845165,16.825360293719655,0.08540093930579751,34.60144517494562,11.165128606499858,0.001,normal
36.41807584135342,8.019896923059008,14.448054635204889,257.21547762513535,36.419141554266375,8.024593548166777,14.448054635204889,258.56602232662453,36.4200962751102,8.029313986655534,14.448054635204889,260.26985977152407,36.40871508154899,7.992566407555674,0.147,normal
37.23122396472005,9.08718383545592,17.02682285730198,221.8405924246965,37.235452312791004,9.090969808836286,17.02682285730198,223.04966795023452,37.239599832434365,9.094844160737438,17.02682285730198,218.4707715918529,37.20713842486355,9.063127448910276,0.137,normal
33.40842177330662,10.497326189654956,1.189857658786998,301.69978721396984,33.40789630481531,10.49817700271588,1.189857658786998,317.9591590864558,33.40715363714051,10.498846662872085,1.189857658786998,280.0523495448262,33.40630227973246,10.49200119827228,0.756,degassing
37.79964852279923,7.969890810366922,15.084155843383247,258.43787237671563,37.80065629716334,7.974816832821273,15.084155843383247,262.51142913755183,37.801311595229826,7.979801999903105,15.084155843383247,257.7785596828391,37.796797774008404,7.939885787175991,0.073,normal
35.355372539696056,7.555670225749865,10.821800485398615,257.9192611586472,35.35612750402608,7.559197604781405,10.821800485398615,259.7785327440468,35.356767626080526,7.562747621362655,10.821800485398615,264.53457567911863,35.351709192941094,7.534349898327206,0.193,normal
37.79202300399225,11.840702904151767,12.56860484751165,321.5128709247036,37.78874365397867,11.843310214370891,12.56860484751165,323.030503359877,37.78539640075863,11.8458297577762,12.56860484751165,326.07454142020686,37.81026563254235,11.823442898067542,0.022,normal
35.26574870118145,11.8349481751907,1.014906150207817,248.72762741791047,35.266111503118076,11.835880041465861,1.014906150207817,243.15867846559797,35.26656302427151,11.836772301880762,1.014906150207817,240.00636932625602,35.26730572268191,11.829390032822904,0.825,degassing
37.87819409017557,10.90265804551695,2.2997928142659108,214.80985816983443,37.879015141176986,10.903228900361086,2.2997928142659108,225.2780759352665,37.87971880781366,10.903939430630974,2.2997928142659108,205.793921844388,37.87298073509775,10.903716011863727,0.936,degassing
36.16190971830874,11.323848567791279,9.205604353190644,28.28206770336684,36.15920748774884,11.322394657297409,9.205604353190644,30.871991947463954,36.15657371574097,11.320820125388042,9.205604353190644,32.684818173169056,36.17816463265095,11.332442355824968,0.121,normal
34.250180733766975,8.579777178622043,0.8780604160353828,84.08143274812399,34.25007761889252,8.578782509168072,0.8780604160353828,76.49640534990901,34.24984411252411,8.577810153895594,0.8780604160353828,51.272257454399195,34.247232927702946,8.58490726553342,0.829,degassing
32.40057818933964,10.909777307575562,12.524170180160016,43.07909213785761,32.397528923104375,10.906925941089515,12.524170180160016,41.751019034708015,32.39441438936983,10.904146013927221,12.524170180160016,37.494911087080496,32.418680475007335,10.927077269399492,0.073,normal
32.72104486603368,11.892642465259248,8.014528119012422,108.49435592745101,32.7218922988285,11.890108926234818,8.014528119012422,112.37241082233345,32.722909142465475,11.887638502921298,8.014528119012422,116.34434175574515,32.71471629299858,11.907355033025535,0.088,normal
35.79387311859532,10.121334811076128,0.9533506463858837,96.25818445415234,35.79398212746571,10.12034077029921,0.9533506463858837,86.9371967809686,35.793928696920375,10.119342198731006,0.9533506463858837,66.74445856873552,35.795287483006256,10.126916428647542,0.745,degassing
34.57873946530776,9.790731210488046,18.315505621613063,319.4633574619468,34.57409959541931,9.794699168442284,18.315505621613063,317.47055687727834,34.569600513154235,9.798826073054759,18.315505621613063,318.881231737176,34.607309848713655,9.767834980248988,0.132,normal
34.01530597410471,10.41132258880617,10.718986435628384,353.7073298332216,34.011754505975375,10.411714214668411,10.718986435628384,354.65486925389814,34.00819704720024,10.412047056602203,10.718986435628384,357.69338794936186,34.0363299225025,10.407238525927822,0.195,normal
37.53808113515693,11.136882778471026,14.817441599491804,155.74896545715802,37.54258442547186,11.134854096287677,14.817441599491804,154.17572945896956,37.54703032140941,11.132702542343646,14.817441599491804,154.1502015511778,37.510693231646954,11.148158057946695,0.024,normal
36.2020976765562,10.969555061130901,10.632067628367286,102.68225168516005,36.202875745462094,10.9660975035303,10.632067628367286,106.49512070770015,36.203882012863154,10.962699339069689,10.632067628367286,105.83539551068193,36.199885924331184,10.990682567913066,0.11,normal
34.97067405401491,7.647930051964519,3.2230653486787926,353.21282019682826,34.96968106203822,7.6480482337492175,3.2230653486787926,354.42196023733385,34.96868579730992,7.648145435192607,3.2230653486787926,340.84319383665417,34.97514127972443,7.651364457159656,0.836,degassing
37.28665740647732,10.065955380967038,1.621650288024648,154.41552568735534,37.28755935605477,10.065523539607591,1.621650288024648,192.1628060494662,37.288536908926055,10.065734229863294,1.621650288024648,232.12578704537225,37.28139006401485,10.064569789805006,0.941,degassing
36.35512168341342,8.715631607294695,8.75053219488483,244.9148541593255,36.356358322146185,8.718273330963802,8.75053219488483,248.39940165970054,36.357432112384366,8.720985332774953,8.75053219488483,251.8700009710233,36.34529760993293,8.701180846890272,0.019,normal
37.40335170685455,11.236969905552492,15.40280698885232,153.20000085107677,37.40793448258314,11.234654979042283,15.40280698885232,154.49856050766687,37.4125685426908,11.232444502839112,15.40280698885232,156.0242076264128,37.37730763404863,11.253394417910673,0.186,normal
32.824241002193766,9.236680492453077,17.880113864855343,73.19827644320935,32.82251819007837,9.230974883735376,17.880113864855343,71.85278737651149,32.82066187925562,9.225311301604446,17.880113864855343,67.86520334805311,32.83505199317534,9.2707498977652,0.028,normal
32.26158576982299,9.406154719920327,15.941905269410391,24.559483675396297,32.25675255478478,9.403946034158047,15.941905269410391,22.16617708754033,32.25183132332357,9.401941104905601,15.941905269410391,20.55136724232375,32.29067203658813,9.419152255785274,0.177,normal
33.221625581383826,10.729983915115028,3.7735146852455728,235.24742653542344,33.222195615050474,10.730805536450491,3.7735146852455728,214.59865101537162,33.22301876478822,10.731373360815281,3.7735146852455728,251.20088945760347,33.22211076897355,10.724227348594493,0.705,degassing
33.132166896312164,8.256499569994322,14.337013208444247,84.44114409611588,33.1317039627487,8.251743040209075,14.337013208444247,82.7831018350349,33.131103596348645,8.247001896542425,14.337013208444247,77.86908446806186,33.137871298849696,8.28457307980257,0.177,normal
36.08176972681797,11.592312437127342,0.9915210179397361,323.9640651196346,36.080961078631,11.592900729664876,0.9915210179397361,327.9855531852655,36.080113164178016,11.593430862742911,0.9915210179397361,304.5395020908061,36.08681390513636,11.589588416624931,0.835,degassing
34.33204283213638,10.159479324961314,12.70577220581839,193.3994546497627,34.336162797716995,10.160460797770536,12.70577220581839,196.83135321151292,34.34021662173671,10.161687140331937,12.70577220581839,201.66474678053817,34.30698553182872,10.155582033448496,0.129,normal
35.71860987287762,9.146184907774426,14.254310330299894,167.1109719164646,35.72324159211048,9.145125035899374,14.254310330299894,168.71106082308384,35.727901100308564,9.144194909673734,14.254310330299894,171.29576478895137,35.690382712896294,9.149837304346441,0.077,normal
36.91772433932995,11.767757562801966,2.8444571881266993,156.60245913162177,36.91864211100035,11.767360454301674,2.8444571881266993,150.48387641253206,36.91951232808907,11.766867785834545,2.8444571881266993,135.1036230379864,36.912212203857685,11.769975995671345,0.977,degassing
36.19879901948021,11.564217574241901,2.8792865147777063,316.04652421943365,36.19807911585392,11.564911648278914,2.8792865147777063,331.39257892209207,36.1972011948871,11.565390453851164,2.8792865147777063,347.17363116950196,36.20170159645538,11.56028990194863,0.992,degassing
33.008996037141856,10.755203756545992,11.938462610424434,162.9792770054692,33.01280121893457,10.754038890639553,11.938462610424434,160.205550627748,33.01654557280083,10.752691250042126,11.938462610424434,163.8660722583633,32.98557805013345,10.7597355602134,0.01,normal
32.79654189939183,10.932365398820957,9.80217050693339,19.94600828530418,32.79347050525436,10.931250779348384,9.80217050693339,23.222780963542387,32.7904678434995,10.92996242345725,9.80217050693339,22.24831949345385,32.814925782423146,10.939149010703918,0.085,normal
35.92872539660019,8.450968434258456,3.2886439944236727,184.61788317517005,35.92972215039838,8.451048944293785,3.2886439944236727,193.6478131531731,35.93069391483518,8.451284897423408,3.2886439944236727,225.36979463868312,35.9236654944273,8.452698141193771,0.967,degassing
33.05449948797289,10.311485017287215,12.774367535418468,128.21077354598725,33.057133375849055,10.308139237560253,12.774367535418468,127.41023801953381,33.05972026099168,10.304756984969977,12.774367535418468,130.81404827745058,33.038588625834876,10.331453666343915,0.184,normal
34.56268494880318,8.38121914949352,2.4447440816080594,193.2063052294077,34.563658502570824,8.381447607501698,2.4447440816080594,205.2982780803747,34.56456259796354,8.381874938194349,2.4447440816080594,179.46438336543858,34.55743436822724,8.380175772360062,0.849,degassing
33.94073776873252,10.007751238668183,19.292748942820175,307.6245035918293,33.93681179756907,10.012844708513482,19.292748942820175,305.3275390824838,33.93309312128917,10.018091434289284,19.292748942820175,305.68794805922664,33.96655482079684,9.979119123712358,0.101,normal
37.224670688669654,9.42221821519133,15.32426966722481,134.9773955507602,37.22828122838818,9.4186048254731,15.32426966722481,132.68258695845122,37.2317441878815,9.414849763041865,15.32426966722481,137.21872358206642,37.20391686774962,9.444742775710358,0.101,normal
33.77617171638251,9.367041231697643,11.962877362971742,276.20247633711557,33.77574088402898,9.37100551510143,11.962877362971742,279.57486787189083,33.775077597368956,9.374937589646633,11.962877362971742,278.27843222970665,33.777464743091514,9.343178902655728,0.053,normal
37.87654772188787,11.456720275932469,2.22413279356894,32.04865692324228,37.87570012411735,11.45618963667702,2.22413279356894,64.37473719373394,37.875267640775334,11.455287994753151,2.22413279356894,27.867871740645914,37.87902479917932,11.462047955900967,0.926,degassing
33.43422514433378,11.948655079342714,18.770794001108264,114.90504012336055,33.436860035735606,11.942979998989514,18.770794001108264,114.9028109198013,33.43949470633542,11.937304816125044,18.770794001108264,117.63230375315513,33.41588729558066,11.981380713042805,0.129,normal
34.0335210460393,8.085619987756077,15.827312262018001,247.16254023367588,34.035568668763226,8.090482188721614,15.827312262018001,252.0923974451359,34.03719087795832,8.09550236744116,15.827312262018001,255.7949023041491,34.01983363606809,8.0571138558786,0.048,normal
32.14758965013224,9.924083669130349,19.15183131727918,253.52723557179758,32.149399878274416,9.930205581589929,19.15183131727918,255.70889635266278,32.150975745538226,9.936391968294327,19.15183131727918,254.01438808301577,32.13981419106633,9.886588956740097,0.072,normal
36.675947899767834,8.424886055231648,19.904855277316884,325.5990335470417,36.670473374741135,8.42863467638851,19.904855277316884,328.91873546532986,36.66479096357508,8.432059992167467,19.904855277316884,326.56472905027925,36.7037979311948,8.396593301382115,0.054,normal
34.787778029796456,9.50088060223455,8.417951706596488,116.64874236095757,34.78903656856226,9.498372689589669,8.417951706596488,111.72231372353646,34.790075087274175,9.495765962802222,8.417951706596488,115.5280063415344,34.78307792020063,9.517016073824877,0.199,normal
32.163006701897444,11.371032738916941,18.89825785193641,138.79839023921522,32.167746362303326,11.366883244664352,18.89825785193641,141.68584563106634,32.172689033047874,11.362977775521427,18.89825785193641,143.92989873314647,32.13593813243883,11.397389576527887,0.166,normal
32.97285977773383,9.587945069614838,12.910732798250873,16.044359885370515,32.96872383307945,9.586755640352498,12.910732798250873,19.679715610073455,32.96467162819025,9.585306359258254,12.910732798250873,23.365717217387473,32.99691050557575,9.597247456767901,0.036,normal
32.11972047778848,8.281180259315088,17.77106974216916,79.20431044485116,32.11861092674249,8.275361410745633,17.77106974216916,77.96520946984415,32.11737580426556,8.269567916578476,17.77106974216916,82.69395633680838,32.12360116896796,8.316496300778015,0.039,normal
35.81121264623102,9.416070049193953,12.302298089899597,76.92778989560347,35.81028513957171,9.412075551299417,12.302298089899597,79.2420745188496,35.809519690861755,9.408046857925013,12.302298089899597,77.29217221375706,35.81652226991531,9.440090400469094,0.138,normal
32.526255456296155,10.757414198024113,13.679031724641163,80.65511790599648,32.52551507042683,10.752915033066971,13.679031724641163,84.05675779901694,32.52504294672505,10.748379864298634,13.679031724641163,82.37174217006577,32.53471521663141,10.783368699640535,0.097,normal
33.42219617275125,10.855804781892605,17.755962605740212,181.83488689086232,33.428111792159385,10.855994293316792,17.755962605740212,179.5883370112077,33.43403029359432,10.855951768894641,17.755962605740212,176.17154168945467,33.3867898222095,10.857361805966615,0.143,normal
32.673295446101285,9.705757318320975,3.2240604532229766,284.66523615685855,32.673042275086814,9.706724739861688,3.2240604532229766,277.774915764454,32.672906993279256,9.707715547023826,3.2240604532229766,247.31832436370487,32.672827902567555,9.70036735993445,0.89,degassing
32.99145005007977,8.742217468806311,8.524548861965728,35.884996957913025,32.989147867348855,8.740551884979364,8.524548861965728,34.3502138755194,32.98680189983901,8.738948559917544,8.524548861965728,31.343035734254855,33.00503241757691,8.752504483963056,0.168,normal
34.83367647048856,8.252484341489051,15.669419684190842,256.0225590961474,34.8349380668726,8.257552828928485,15.669419684190842,251.80521588889061,34.83656898414122,8.262514814339875,15.669419684190842,254.5755705438339,34.825046808296065,8.222370999140827,0.123,normal
38.006732270706244,9.324400720506384,12.624503310299048,29.30612992892045,38.00306267725201,9.322340924433476,12.624503310299048,30.135509028220305,37.999423283571666,9.320228227195159,12.624503310299048,28.796778048245546,38.030869763181116,9.331405049706241,0.134,normal
32.925742305655575,10.099255090610093,16.35336055564036,45.40087706223653,32.92191484438982,10.095373692468602,16.35336055564036,44.07101549181263,32.91799833309416,10.091582168956265,16.35336055564036,45.74406191353218,32.95129480265801,10.119649297639771,0.164,normal
36.96904284635744,8.776064014964895,19.164772951019625,337.9754245893987,36.96312078399578,8.778459638723266,19.164772951019625,333.86095077551664,36.95738586922052,8.781273992703799,19.164772951019625,336.1451925659453,37.00478966693695,8.762290529178385,0.061,normal
32.63335364356876,11.271538207233908,14.828088872772225,156.70759163518414,32.63789350409511,11.269583747455455,14.828088872772225,153.57450266021098,32.64231975684929,11.267384080848805,14.828088872772225,149.1613038864335,32.606229446196004,11.283507813466345,0.063,normal
35.06381875675146,9.787371822113201,12.726844456612257,246.16566379331988,35.06553303529784,9.791252311936402,12.726844456612257,242.3178745832195,35.067503854217854,9.795009015942183,12.726844456612257,238.67197603119106,35.05567314009427,9.763282913797653,0.087,normal
37.675496838952256,9.028081363791307,15.382959236024812,194.40427909711448,37.6804633021294,9.029356930177412,15.382959236024812,189.41019298559075,37.685521952842684,9.030195309003616,15.382959236024812,189.57306573996652,37.64738901448923,9.015745274852199,0.159,normal
37.110287127387465,10.557447243080682,9.175294386092236,90.56957579341673,37.11031753067109,10.554388962739006,9.175294386092236,93.27375657237786,37.110492187740434,10.551335522398002,9.175294386092236,96.8993115973871,37.10940513384425,10.57576526872589,0.171,normal
33.395832174965555,11.616860597939432,15.968499448330473,217.4985801506087,33.40005514272209,11.620100828805295,15.968499448330473,217.93810418950935,33.404253130199905,11.623373358999642,15.968499448330473,218.04252631636837,33.36774283621149,11.601902918587749,0.179,normal
37.816114576415615,11.751684011351008,0.8066325585996171,111.25388133440387,37.816477077589205,11.750752028036166,0.8066325585996171,89.5794081882792,37.81646973694321,11.749752054979071,0.8066325585996171,65.57156923108343,37.8189522956883,11.756453960367596,0.737,degassing
37.72890787775283,10.300408096564798,9.441259756408588,67.92215868409161,37.72772499519746,10.297491773051084,9.441259756408588,70.57067630127938,37.72667813627779,10.294523905065686,9.441259756408588,68.46287549270914,37.73718557585207,10.31737451580961,0.039,normal
36.064892767960764,10.6920726078556,13.33773935982152,278.9600487379053,36.06420033597332,10.696464268294752,13.33773935982152,275.67354846831404,36.063760811421616,10.700888402293458,13.33773935982152,277.9696618364016,36.06949188101445,10.665844921181229,0.123,normal
36.4458341766114,10.9451442576773,12.514160203282419,73.4133807422832,36.44464339355407,10.941146445400753,12.514160203282419,76.13923570506431,36.44364408260309,10.937096526276694,12.514160203282419,78.2053338848858,36.45137513873495,10.969535810437192,0.024,normal
37.44657107885016,8.250714486579158,17.734153289171218,183.21558563459638,37.45247315605717,8.251046074453683,17.734153289171218,182.21424108906294,37.458380126716854,8.251274467758208,17.734153289171218,182.89749845022612,37.41113064896597,8.25116355070819,0.125,normal
32.20861414773942,9.218497567300355,17.77577871773477,211.9686625068033,32.213640769437085,9.221634727690104,17.77577871773477,211.56432633665864,32.21868940471846,9.22473633740089,17.77577871773477,208.40315146518319,32.17830074483361,9.199966253790521,0.107,normal
33.65581483177287,11.8670814762099,13.601246127865661,269.23689149560715,33.65587521388025,11.871614822805968,13.601246127865661,265.58393969430296,33.656224305749255,11.876135111759782,13.601246127865661,269.41259661618363,33.65286351631587,11.840059903437478,0.094,normal
35.49790679561001,11.692480388634488,15.71480446190612,174.49652044577977,35.503120917316586,11.691978006228512,15.71480446190612,174.9862336249857,35.50833914243468,11.691520207288152,15.71480446190612,171.41009062858788,35.4665229876725,11.691938858099748,0.021,normal
32.450538809255725,8.226580506873352,19.78794346928062,145.87773206744683,32.45599924199767,8.222880420159955,19.78794346928062,142.6239504125218,32.461240860069715,8.218876371283791,19.78794346928062,146.2829650152572,32.41921066299439,8.250705449389752,0.005,normal
36.67614950096523,10.523203971421998,19.19218866596336,203.84219477950472,36.68200095768378,10.525789920511212,19.19218866596336,198.88334387775154,36.68805404273362,10.527860389009051,19.19218866596336,202.28265303132548,36.64197745643257,10.505817321140174,0.086,normal
34.231687790155966,11.544453354339046,8.642692077723375,343.87272296597706,34.22892026468432,11.54525358702913,8.642692077723375,338.88233631989453,34.226232841168446,11.546291529436408,8.642692077723375,341.6292703646282,34.24877570586955,11.542011708482603,0.025,normal
36.17205809984526,9.2552698252172,15.72819344164866,174.6958406836097,36.17727838156544,9.254785172100123,15.72819344164866,176.13922467569762,36.18250921490204,9.254432167161399,15.72819344164866,178.3642790437207,36.140679673623886,9.253772622269151,0.073,normal
35.1943286417332,9.198464529705474,8.997278894548291,94.87558918879567,35.19458354191244,9.195476288665926,8.997278894548291,90.60611389279308,35.19461526777468,9.192477363511562,8.997278894548291,86.00776421315919,35.19389910915526,9.21645108073804,0.076,normal
37.31518616311418,10.061950912030593,19.123777665965957,134.07831020835138,37.319620590378754,10.057371470461849,19.123777665965957,131.76789045900586,37.323866799472555,10.05261698430895,19.123777665965957,129.34632975137848,37.291053022897444,10.09147606703085,0.012,normal
37.03068064749691,7.610352813636321,10.891536862111318,296.33549704118855,37.02907005598255,7.613606521435529,10.891536862111318,292.41136539799066,37.02768590950358,7.616962822672532,10.891536862111318,289.9278558895278,37.0430608214037,7.5924479444761115,0.152,normal
32.81158292381371,10.793957292517756,15.58456384368902,331.6557785418423,32.80701087416165,10.796423641326323,15.58456384368902,328.9692188462301,32.80255945268791,10.799101581080983,15.58456384368902,333.3909558367998,32.83729310949053,10.776398585093752,0.139,normal
35.1321417440254,10.38311456795712,3.3072157776670923,188.95420917200073,35.13312955707308,10.383270213011057,3.3072157776670923,210.34868662479926,35.13399252359377,10.383775474116014,3.3072157776670923,189.31173906601683,35.126288971430995,10.382774353460075,0.732,degassing
35.61667999022452,8.498779418767974,1.055614764333598,318.9328331060272,35.61592605024984,8.499436362079518,1.055614764333598,307.27634569244793,35.615320390308895,8.500232085672188,1.055614764333598,308.6894507803077,35.620367183242266,8.494539515350942,0.988,degassing
35.66720009786152,9.251415025356783,17.61928502616645,114.51787016602711,35.66963729740421,9.246071496244802,17.61928502616645,114.99390705322669,35.67211880855332,9.24074840058548,17.61928502616645,115.1354229824142,35.653461699390036,9.283842629139366,0.158,normal
37.728449296410375,8.202627637948867,19.638850896642047,199.76092595467995,37.73461007960837,8.204840911492889,19.638850896642047,202.6476518850005,37.740651581183556,8.207361643154616,19.638850896642047,201.06991574143063,37.690955765679476,8.191017525027386,0.008,normal
34.739355455076016,11.245968480972918,3.1264731762520137,2.7343224568051596,34.73835659359892,11.245920776155828,3.1264731762520137,353.20561849310525,34.73736361648476,11.246039082752173,3.1264731762520137,354.44254360156344,34.74476361224657,11.243755934199015,0.825,degassing
32.86482476759481,9.062874179205712,11.714335597793454,56.25184593439862,32.86265549347783,9.059627404622523,11.714335597793454,61.089605148332254,32.8607677626352,9.056209251955597,11.714335597793454,65.24624889340187,32.87812897263068,9.082131924951664,0.126,normal
34.39691877846956,10.849449826998692,8.104226742201522,20.276260472127408,34.39438476883963,10.848513661780157,8.104226742201522,21.888937168126667,34.391878109210445,10.847506553233654,8.104226742201522,21.622462987427692,34.41278419778742,10.852085895371424,0.079,normal
37.24639293949392,11.74891715894995,0.835294458695049,41.74792988570704,37.24564685806084,11.74825130423967,0.835294458695049,4.429013068855852,37.24464984428493,11.748174080340231,0.835294458695049,34.67743931388744,37.25174718308351,11.750195197745338,0.839,degassing
37.4254641008516,11.297120382496491,19.768793413926666,5.960713005176126,37.418910130792014,11.296436075777972,19.768793413926666,10.145081795006782,37.41242356205953,11.2952753754266,19.768793413926666,12.095926315385142,37.463929352438385,11.30606191222398,0.194,normal
33.98598724718028,10.349056939381063,13.352803720163152,43.67017407208139,33.982767767389525,10.345983542489435,13.352803720163152,43.82335413337995,33.9795565158103,10.342901549324045,13.352803720163152,39.84092568142895,34.0044501293294,10.368314993547855,0.148,normal
32.50465245300639,9.831791077798613,0.9967272222471957,8.116525822598533,32.50366247003,9.831649891020001,0.9967272222471957,357.19541976729437,32.50266366780091,9.831698820634344,0.9967272222471957,333.23555761652125,32.509459100841255,9.833512564169336,0.741,degassing
37.7995410104397,8.31613609383027,13.555350419523444,39.745380611259975,37.796066804023894,8.313247100675792,13.555350419523444,39.76800713470821,37.79259373876354,8.310356735757033,13.555350419523444,39.73614402325456,37.82271130453154,8.329910893291597,0.156,normal
34.55612052629345,10.783640944637652,11.360895273735158,290.9440444743967,34.554766852761446,10.787177704817685,11.360895273735158,290.8412401156789,34.553419527323825,10.790716888165218,11.360895273735158,294.16908245719975,34.56355757119928,10.762186082269835,0.077,normal
34.69939371766642,11.276872566623844,12.540103944985248,70.75996704348134,34.698016285860525,11.272926002132879,12.540103944985248,68.66938057425672,34.696495802088215,11.269032312525402,12.540103944985248,64.19616599324122,34.705191322483955,11.301257803826477,0.06,normal
33.96644525926611,8.653789446185108,1.6225407289924112,264.68344054004564,33.96653791763116,8.654785144145027,1.6225407289924112,280.30871715966674,33.966358965726755,8.655769001968043,1.6225407289924112,299.133614727351,33.96560184979385,8.64805117035272,0.924,degassing
37.06328432567692,9.830586961534696,17.23703737988883,301.63260051856696,37.06027088680489,9.835478997388075,17.23703737988883,304.8973641118068,37.0569837369963,9.840191478132025,17.23703737988883,302.0674637444834,37.08212510268957,9.801743651355178,0.058,normal
33.826347929945996,10.317564115315772,10.269256909987208,234.19983668706476,33.82835029807483,10.320340450517536,10.269256909987208,237.64660151062068,33.830182127724925,10.323232148186548,10.269256909987208,235.44580035953027,33.81284506773636,10.30211546793308,0.034,normal
32.81785851453471,8.616919098028047,1.6651525574278394,245.08970941575657,32.81827971325055,8.61782606640775,1.6651525574278394,251.71092743268196,32.818593524626685,8.618775551752664,1.6651525574278394,263.78221304550516,32.82208383375996,8.614865105524773,0.97,degassing
32.035582165982376,11.058441668250302,16.398077751524504,73.51903589799663,32.034031472076016,11.053200219239198,16.398077751524504,76.19143221441502,32.03272684825525,11.047892169125124,16.398077751524504,80.0610140179578,32.04386189898435,11.090147457112515,0.023,normal
36.47956681033155,9.86454964049366,18.052741213479305,225.9657437564409,36.48374956023474,9.868875825553486,18.052741213479305,224.87020231847777,36.48801426064502,9.873121247126793,18.052741213479305,226.33363468686437,36.451313664905676,9.842104230112488,0.09,normal
32.143001520252376,11.477825278119877,15.266035713541964,298.2424608921914,32.140593538452144,11.482308164829414,15.266035713541964,294.5249277804344,32.138481283434054,11.486937746704632,15.266035713541964,298.15385874246294,32.155483524728346,11.450012307135847,0.092,normal
36.49297323250906,10.560969609909048,14.790320332863976,120.1011896386375,36.49544582255351,10.556704372364571,14.790320332863976,118.8160999231644,36.4978221334994,10.552384754426926,14.790320332863976,117.38367712033877,36.47755837161395,10.586179320014654,0.02,normal
32.46424448686596,7.791142508479416,18.31455578774748,129.46699466204868,32.46812493599134,7.786429618531263,18.31455578774748,125.85569150575186,32.47170082707964,7.781481667439882,18.31455578774748,122.32332282492375,32.439427024168936,7.818060772014004,0.199,normal
34.301855471743146,7.9988813206158715,14.074544376167895,339.71183214997546,34.297455015900205,8.000508065653788,14.074544376167895,339.6492428866495,34.2930563397204,8.002139616728472,14.074544376167895,335.5976688108454,34.32864850217837,7.990304679862095,0.057,normal
33.472866393394746,11.075332105527652,18.525455445293968,102.72746949031385,33.47422686506659,11.069308683180711,18.525455445293968,101.833105708182,33.47549315164463,11.063264759104271,18.525455445293968,101.75010914988499,33.46442522547293,11.111393733828411,0.068,normal
32.15750549583969,10.439962459400661,9.465430887460341,94.65568682623284,32.15776159150951,10.4368177262914,9.465430887460341,93.74017344404481,32.1579674078063,10.433669302721967,9.465430887460341,95.73810626286155,32.156498896967086,10.458856764745795,0.069,normal
35.289587655102224,9.242176291701846,16.92881206552235,47.68994170066073,35.28578915501431,9.238003266531,16.92881206552235,50.54040887315568,35.28220287725471,9.233646506975383,16.92881206552235,47.04453470778772,35.30963270955184,9.269399172297051,0.039,normal
35.941033643016645,11.410096146419399,16.318319279504873,137.37276751456517,35.945035848368065,11.40641241770708,16.318319279504873,135.69083658914045,35.94892820825126,11.402612807274343,16.318319279504873,132.4680020849318,35.919794237014514,11.43484345269708,0.023,normal
32.73481049267146,8.583567193959679,14.686209576974644,80.59778139988968,32.73401075922128,8.578737556413849,14.686209576974644,77.27471221761955,32.73293241576491,8.573962396960434,14.686209576974644,73.35857810648452,32.74260274823388,8.611798804065815,0.046,normal
37.305518970699744,8.468660418617505,2.841665236631392,268.26370212129,37.30554927017649,8.469659959482957,2.841665236631392,303.75122227124666,37.304993682206145,8.47049141724328,2.841665236631392,337.0452277170912,37.30820432665944,8.46424666026346,0.784,degassing
33.22082350648567,8.066410949479875,9.850489169376841,36.618933373009455,33.218188105270244,8.064452376280968,9.850489169376841,32.28557127427156,33.21541224933578,8.062698531255638,9.850489169376841,31.12171003373562,33.236543451261355,8.078280240865228,0.088,normal
36.17549685626844,9.469895489643708,19.33815521184059,335.18182298137776,36.16964613375082,9.472601155739426,19.33815521184059,334.0222463125801,36.16385136410096,9.475424669101315,19.33815521184059,335.1839682294121,36.210088976224434,9.45263992816873,0.084,normal
33.42187799497243,7.945354801642359,0.8050281377095418,330.74087897484475,33.42100557676096,7.945843561771978,0.8050281377095418,327.38658090911593,33.42016325057112,7.946382529850724,0.8050281377095418,316.409252663767,33.422386285306864,7.940036612305018,0.993,degassing
33.3944819410257,9.169621427091093,11.90405167939982,37.619815172734654,33.39133895956217,9.167199273456529,11.90405167939982,41.730145111597814,33.38837767560344,9.164558069559577,11.90405167939982,40.783201824107884,33.41230028969072,9.185359324044052,0.134,normal
36.084852335802616,11.807336084117818,18.437039184465256,103.71261132411682,36.086309181394604,11.801365574906523,18.437039184465256,105.79010016504222,36.08798150680466,11.79545180224908,18.437039184465256,106.14804299613145,36.0743260737027,11.84262356133432,0.15,normal
37.20796429162116,9.759141243209783,1.3556993767786,64.16176242081008,37.207528459771524,9.758241215099751,1.3556993767786,86.42647912984935,37.20746613049474,9.75724315945939,1.3556993767786,55.574395347362746,37.20594391054791,9.764566481443088,0.836,degassing
36.98019355884168,11.400994679406502,16.628826170132164,10.811087734420422,36.97474899862551,11.399954982000251,16.628826170132164,6.447655700572123,36.96924111644631,11.399332534778283,16.628826170132164,7.180086959979902,37.01263108004218,11.408231565998213,0.172,normal
32.81612480559666,10.945836784997056,11.253718811182376,85.4760315240263,32.815828922341126,10.942097232662395,11.253718811182376,89.83491769287608,32.815818114172764,10.938346008629086,11.253718811182376,87.74353254741412,32.81851639804732,10.96820693799612,0.01,normal
32.41455358495115,10.48563711387215,18.82010175409716,51.86215076947928,32.41067943196968,10.480702939640663,18.82010175409716,54.694841058264174,32.40705385788639,10.475583335238264,18.82010175409716,55.82006494581358,32.43800743256192,10.51503678591693,0.112,normal
37.722571455215274,9.901603002354841,0.9500139269019219,296.18593941463547,37.72213016956613,9.902500369044583,0.9500139269019219,268.37292650192535,37.72215856353917,9.903499965854449,0.9500139269019219,308.1547221840417,37.72587517931319,9.897247361178353,0.925,degassing
32.7953073089695,10.191659459223393,9.544354231905142,28.67822795410241,32.79251613071354,10.19013271202045,9.544354231905142,28.57457032793889,32.7897221948865,10.188611017020571,9.544354231905142,31.326113390264066,32.810716239676864,10.202906836515103,0.154,normal
33.737344847979394,8.616530192585662,9.651479248391949,95.06028443379766,33.737628613863,8.613325571894087,9.651479248391949,93.29661175784683,33.7378136165988,8.610113735839535,9.651479248391949,90.85828926672926,33.736655599397984,8.635811531150868,0.064,normal
34.54573098562529,10.981981872004122,1.2507431662565853,309.678799460535,34.545092502544115,10.98275150786286,1.2507431662565853,342.02767023428703,34.544141296903085,10.983060065521128,1.2507431662565853,8.467119741999419,34.54496512723506,10.97688464922643,0.756,degassing
32.08723061901916,9.62976140919809,12.989816324015518,356.6763323684958,32.08290796340501,9.630012443526166,12.989816324015518,358.41869613091535,32.078579673588344,9.63013193015861,12.989816324015518,358.368576191396,32.11314533657111,9.627989809249208,0.123,normal
33.07706059561889,10.901257985253375,18.865954905091,331.022929428602,33.07155919729696,10.904304582681704,18.865954905091,326.4388942651493,33.066318884584135,10.907781112856824,18.865954905091,322.0445729360319,33.10804853316498,10.879774570663743,0.141,normal
36.173575613088815,10.279713196465876,16.276797480442106,325.87224320067156,36.16908436375359,10.282757175055718,16.276797480442106,328.20735050533733,36.16447281992112,10.285615634383369,16.276797480442106,328.30347187693417,36.198716295543406,10.259173434573636,0.05,normal
32.52388069054665,9.404957559512015,3.3945331136916432,307.00440041687807,32.52327881418866,9.405756148799252,3.3945331136916432,268.80675607924996,32.52329963871843,9.40675593194522,3.3945331136916432,250.38004527994457,32.52895679259789,9.40292230069407,0.96,degassing
33.396608266522435,11.907343782810882,2.8803512953555246,107.45593725657835,33.39690823878665,11.906389834887408,2.8803512953555246,139.85922214396874,33.39767270156604,11.90574516702026,2.8803512953555246,154.94774824573918,33.391038419521195,11.908285292528001,0.716,degassing
36.04408052537626,11.619045289564147,16.82885961939486,10.400432059710697,36.038563070943304,11.618032604173063,16.82885961939486,13.568664763116733,36.03311001861721,11.616716528396402,16.82885961939486,11.015694151727601,36.07713215985726,11.625313809446864,0.079,normal
34.62075528164327,9.106365337517117,14.018720382341312,301.1543780435895,34.618337773133156,9.11036430119662,14.018720382341312,301.0722654557217,34.61592599815859,9.114366725384349,14.018720382341312,300.98451834449946,34.63718417481741,9.083673608014335,0.071,normal
34.869330974049134,7.9393296239597655,9.039247225949534,317.69465988709027,34.86710259361771,7.941357673824576,9.039247225949534,319.7575737059908,34.8648026539662,7.943304194618385,9.039247225949534,318.7414122759138,34.881937895762746,7.926393412318261,0.004,normal
37.77476586583366,10.74968903822985,1.2147688926673894,236.34767860050746,37.775320017759654,10.750521453776868,1.2147688926673894,235.0080439661562,37.77589347918657,10.751340686339597,1.2147688926673894,235.55414847443117,37.773671910297736,10.744823092900381,0.982,degassing
35.861547154431754,11.968053378413197,18.99035395441744,312.2938092009337,35.85728741172497,11.972735790801437,18.99035395441744,309.7447486797781,35.85324013347678,11.977603021275055,18.99035395441744,313.7783472612873,35.88567966422274,11.938789325182116,0.087,normal
37.922122299717735,10.89558183101751,16.272170251964496,158.5325129582801,37.927170064659094,10.893596771640281,16.272170251964496,155.6669320437677,37.932112278699464,10.891361841660729,16.272170251964496,155.26750937804698,37.891023528978785,10.905149097708767,0.014,normal
35.39974515690253,9.356453795783484,9.362410987898933,138.92339392903605,35.402097717746834,9.354403217090882,9.362410987898933,140.5706788316667,35.4045082534858,9.352421113927102,9.362410987898933,136.99676919164057,35.386500239332136,9.369637713802497,0.038,normal
35.34915197909953,11.25486151534361,2.551155421855155,250.77220309612576,35.34948130386938,11.255805732053886,2.551155421855155,216.39143869135995,35.3502862863282,11.2563990306642,2.551155421855155,236.78941534025068,35.34586169895348,11.25013263461069,0.731,degassing
32.19075139590913,9.338601571919641,18.613446019022078,92.93807181838669,32.19106941629153,9.332405245588388,18.613446019022078,95.7607802256081,32.191692192808375,9.326232098386427,18.613446019022078,93.53242830117007,32.191217287064156,9.375795016690999,0.032,normal
34.8677335962146,11.45788884976605,19.124703168212143,221.35644898839743,34.87251868314671,11.462101011506398,19.124703168212143,223.4131767905864,34.877149517329784,11.466482191512235,19.124703168212143,221.14135127229824,34.83899641861902,11.432681543443609,0.068,normal
34.899901760719175,9.019233821827084,19.198077752322256,3.9815005199417497,34.89351784618749,9.018789486286463,19.198077752322256,8.17972586727349,34.88718358993339,9.017878993821991,19.198077752322256,8.961421617931421,34.938217634715365,9.02141679760227,0.064,normal
34.34972279741366,9.679816820122962,13.810829524831316,104.44276560200913,34.35087099649091,9.675358696924487,13.810829524831316,102.54157729316752,34.35187066123673,9.670864935251931,13.810829524831316,104.37743761066471,34.34130617628287,9.70611023692194,0.135,normal
32.73695827909332,7.7934318878381115,3.8859424828171294,261.8677526246966,32.737099737510874,7.7944218320365914,3.8859424828171294,253.4636766518228,32.73738436065376,7.795380471523851,3.8859424828171294,241.00513831521278,32.73331437618972,7.789137724066017,0.959,degassing
36.418662166935206,8.880146605191936,2.270201772201605,89.63656972445034,36.41865582392283,8.87914662530904,2.270201772201605,129.6303340656884,36.41929365575553,8.878376449645184,2.270201772201605,93.71045487002573,36.41601101929266,8.885432469137282,0.869,degassing
32.512399348363736,10.9277515137735,14.513579336899598,201.24311467296428,32.516908482427525,10.929504396323964,14.513579336899598,200.23258991939915,32.52144782915559,10.931177482849918,14.513579336899598,196.9113513640849,32.48526670872323,10.91755857661766,0.1,normal
36.09553059768403,9.630236764955127,19.859535104443637,140.07617724251955,36.10060734611721,9.62598835659067,19.859535104443637,137.21487460903938,36.105465691630855,9.621491821574129,19.859535104443637,136.90190057568074,36.06645022809282,9.657235341506771,0.182,normal
32.78592512960107,8.277104934401798,12.44770103863408,345.4309503891098,32.78190931372689,8.278148659936692,12.44770103863408,346.21532125901194,32.77787958614896,8.27913731345293,12.44770103863408,349.83408441050653,32.809639332861586,8.269595769440086,0.046,normal
35.411570721539874,10.47219707653194,10.127787305011324,152.6171430770614,35.41456838804385,10.470644371527618,10.127787305011324,153.2332119596705,35.417582576293064,10.469123987859664,10.127787305011324,155.7008443657777,35.393999531988996,10.482259453800312,0.169,normal
36.53597301790454,8.716714175028732,15.8629115153137,223.74039475635,36.53979322937028,8.72037000478643,15.8629115153137,224.84898224394263,36.543541995367576,8.724099061015266,15.8629115153137,223.8189499193051,36.51404874516455,8.693864766157079,0.105,normal
35.32313084628657,8.443165142519979,1.894951286368173,255.55336537206395,35.32338032444803,8.444133522944684,1.894951286368173,267.91353435795196,35.323416732095254,8.445132859966526,1.894951286368173,265.56787036360873,35.32035430742116,8.438269640057559,0.711,degassing
35.80824631872192,11.249667570162654,1.3246920979002739,248.78418601166845,35.80860820060534,11.250599794117749,1.3246920979002739,230.1638042797989,35.80924879552827,11.251367673108687,1.3246920979002739,230.9247367057483,35.80317896567127,11.247096463518375,0.979,degassing
37.45044113820349,11.001431342813373,8.690163452134959,258.5736213063324,37.45101500366626,11.004270651154433,8.690163452134959,256.3775015691349,37.451697250313316,11.007085883460578,8.690163452134959,259.83783089332115,37.44536522324751,10.984875389102141,0.083,normal
36.257872985556965,10.658142284519586,14.39329293333338,168.92715360144237,36.26258143369813,10.657220840822482,14.39329293333338,170.33832533189656,36.26731114628829,10.656415632030052,14.39329293333338,169.25028783766874,36.22955624028135,10.663199753193556,0.134,normal
33.547867879026526,9.249363326727117,10.824614933873342,23.202304083010034,33.54455150748357,9.247941770202738,10.824614933873342,21.273083490612997,33.54118915919346,9.246632664729917,10.824614933873342,16.433872342879635,33.568181214728064,9.256805545713197,0.116,normal
33.418409988662376,9.14193085305416,11.172904086152306,166.6949230704966,33.422034324131495,9.141073757352013,11.172904086152306,166.18759833406236,33.42565092848047,9.140184604036573,11.172904086152306,169.14866465464422,33.39713267796279,9.148672293171652,0.102,normal
34.131887831222265,10.978546294838084,8.324195973182535,287.3656484076296,34.13105966077934,10.981194553008974,8.324195973182535,287.2560483979546,34.13023655765133,10.98384439052529,8.324195973182535,286.3680272631483,34.13707729269925,10.962732622138793,0.013,normal
32.1617177583967,9.766429461647228,10.681865275926047,167.99804703315846,32.16520054679154,9.76568904804331,10.681865275926047,170.26587627061357,32.168709906089354,9.765087030911547,10.681865275926047,170.3881362469777,32.140433287597176,9.767275401232402,0.115,normal
34.746806909583775,8.18343423433482,13.151360449863267,55.139636236228476,34.74430123186244,8.179837129108341,13.151360449863267,53.38999887948723,34.74168689483901,8.176318204729851,13.151360449863267,54.60137412117946,34.7618362363605,8.204997885303715,0.095,normal
37.22025285391655,11.956792540495579,18.71427807446169,172.8961227817831,37.22644306033535,11.956021084132448,18.71427807446169,169.33226789835646,37.23257334134736,11.954866330850862,18.71427807446169,168.70224462428962,37.182940271551395,11.959509011986011,0.175,normal
37.735411370853875,7.675655412784879,8.076753382801726,122.20928688130044,37.73684637685022,7.673377480844604,8.076753382801726,119.50636376932081,37.73817236498502,7.671034412002158,8.076753382801726,118.38771423751889,37.72706442957822,7.689455996125118,0.173,normal
34.14007445533747,9.471688370566829,10.177971344635107,64.53612103301954,34.13861580957393,9.468625287996012,10.177971344635107,64.17528926677117,34.137137902481165,9.465571452223694,10.177971344635107,61.74461744280922,34.14939709677704,9.489767936279936,0.042,normal
35.295963625932764,8.919833760169986,15.047087363496138,203.09624487664288,35.300577299703555,8.921801301420576,15.047087363496138,200.71616274179274,35.30526870207299,8.923575547188253,15.047087363496138,205.58355921946023,35.268266742233635,8.908123011141837,0.028,normal
33.74531681224394,10.673618336126454,0.8957573750873122,114.41613013288628,33.745730173036634,10.672707768800516,0.8957573750873122,152.4265743646135,33.746616591401946,10.672244883845437,0.8957573750873122,177.16673388720525,33.74462251504527,10.679104254644097,0.927,degassing
34.38192625885549,9.773231773430973,1.3209860699330114,326.6222917896176,34.381091196882565,9.773781929319215,1.3209860699330114,343.6704629186012,34.380131536407234,9.774063090788992,1.3209860699330114,8.702978711152582,34.38319176996535,9.767673565255953,0.716,degassing
35.26494074290898,10.847215674331519,13.052462845380509,187.8566765885109,35.269250723166145,10.847810412180017,13.052462845380509,192.1770567883658,35.27350365254752,10.84872814558498,13.052462845380509,187.81960942108344,35.239278114290876,10.84259307803219,0.037,normal
37.07716357035392,7.727953882192968,11.041852162213448,338.28071203332667,37.073744247179825,7.72931592968979,11.041852162213448,342.91138024607926,37.07022612390072,7.730397480865408,11.041852162213448,342.6164933089434,37.09698162329005,7.718276406777076,0.125,normal
34.164797894137706,11.368680403423701,3.6134749366155257,72.2593671654232,34.16449318554792,11.367727957795168,3.6134749366155257,94.56580828356118,34.164572789622206,11.366731131234848,3.6134749366155257,72.27435615839259,34.167062303307596,11.373986903468964,0.95,degassing
35.86057713703187,10.633137253168142,2.196450593936392,186.8314843541952,35.861570037326416,10.633256202758695,2.196450593936392,162.4773796706191,35.86252363548442,10.632955120455922,2.196450593936392,185.45654389781868,35.857630753705685,10.628509248304805,0.757,degassing
32.498018909228804,11.0563817664429,3.0617445763037447,300.01386664882284,32.49751869964913,11.057247670811984,3.0617445763037447,338.5515402458667,32.49658795277256,11.057613334936217,3.0617445763037447,313.9093565565053,32.4968584287849,11.05079803480224,0.751,degassing
36.89115719378318,10.125563309017366,15.776418574142271,45.88236421980663,36.8874963610213,10.121787948630857,15.776418574142271,46.03274968527823,36.883845450127716,10.118002992593379,15.776418574142271,49.69616639617995,36.91235366925569,10.148811399487176,0.053,normal
33.497844697273194,9.90064459720146,0.5457198226861505,214.30408239532315,33.49867075541366,9.901208182109494,0.5457198226861505,238.61712769568373,33.49919150986629,9.902061888616478,0.5457198226861505,261.26770881700713,33.49340864157246,9.897708457383636,0.71,degassing
34.017967037037,9.996487783272352,16.586352976588028,14.623410546842715,34.01261735161791,9.99509196020513,16.586352976588028,16.12667426467698,34.00730612525875,9.99355627446906,16.586352976588028,15.368993531354334,34.04875795892824,10.008736078567653,0.109,normal
36.81404929727316,8.995955240225364,14.71781059822787,191.07621991763816,36.81886384872142,8.996897742684743,14.71781059822787,189.866270963158,36.82369722858246,8.997738370814647,14.71781059822787,190.05741505299878,36.7860634762106,8.986901853791734,0.152,normal
36.719677732393414,8.026468566706564,13.132230318159717,104.01843880468172,36.72073809057268,8.022221525410762,13.132230318159717,103.07928698554758,36.721728694935244,8.017957674776248,13.132230318159717,102.11306673647464,36.7154059632233,8.052370304157268,0.072,normal
33.88270674841991,8.993489123053187,2.7182700551854873,295.76719676211906,33.8822720328464,8.994389690857492,2.7182700551854873,271.5533966320609,33.88224492428191,8.995389323352828,2.7182700551854873,271.7433650206417,33.88366432305971,8.987670470466762,0.968,degassing
36.994203992190876,8.328049472965498,19.669873291496444,136.89436160127522,36.998990951121186,8.323569032348535,19.669873291496444,135.43210259867033,37.003662017221636,8.318967894944823,19.669873291496444,137.33485186783517,36.965602719143305,8.355041668379958,0.15,normal
35.955227873375215,7.884389769680457,16.130677012662623,71.30980687952315,35.953504843606005,7.879296427003582,16.130677012662623,68.15750518735958,35.9515043365744,7.8743055410275105,16.130677012662623,68.84777122183732,35.96278413156058,7.915739771341654,0.15,normal
35.737075172942326,11.139036145116826,17.163852695846295,41.11562612374169,35.732764848484265,11.1352739388055,17.163852695846295,37.43842504585458,35.72822210813024,11.131795921649324,17.163852695846295,35.44908575588818,35.761480437572565,11.163158460392205,0.127,normal
36.17720967470233,10.56655438606976,2.347032100453948,105.31417190682782,36.177473786324065,10.565589893948864,2.347032100453948,76.09371098433398,36.17723345173328,10.564619203841533,2.347032100453948,94.18416590390454,36.17776384538374,10.57248762055703,0.815,degassing
33.46311695222985,8.808907588381087,9.491867818206238,52.40023371014604,33.461186490039786,8.806400810983869,9.491867818206238,54.79322397639889,33.45936237784135,8.803815616238012,9.491867818206238,53.82002121765027,33.47486018515713,8.823803718872696,0.013,normal
36.656863589775895,10.524537746232244,17.983945815272662,20.559088302540392,36.65125073717862,10.522432586471142,17.983945815272662,16.45786531675838,36.64550169929399,10.520734241600522,17.983945815272662,18.938667584038708,36.68998539308792,10.53828577796046,0.087,normal
34.289755704521625,11.751923295481596,12.208437879183052,353.6159691479805,34.28571146027909,11.752375788822276,12.208437879183052,354.36137657317767,34.28166167159846,11.752775630489555,12.208437879183052,357.4834855634915,34.31406757667336,11.74992129560258,0.075,normal
35.9356280834598,8.85582097945027,11.739541046280392,124.0878369682647,35.93782127702922,8.852580164366229,11.739541046280392,120.51632324911036,35.93980832667831,8.849209020030253,11.739541046280392,122.7185844450069,35.92144272086387,8.874507382719065,0.145,normal
35.10361580309721,9.910708256178063,2.3216125765072517,111.52012958161376,35.10398263118257,9.90977796742945,2.3216125765072517,108.24979777511264,35.1042957916371,9.908828267197945,2.3216125765072517,117.64025991866696,35.09867354342201,9.911913301620944,0.917,degassing
33.51243414557283,7.515654391673904,8.08225891390386,9.347782727466813,33.50977583511474,7.51521679994045,8.08225891390386,7.215714248128231,33.507103085193876,7.514878408336927,8.08225891390386,9.598553469067987,33.52855399052443,7.515937723187849,0.143,normal
37.99577382648038,8.33869173842235,13.954949369011771,77.12044950583022,37.99473696351512,8.334157120361583,13.954949369011771,78.88068530275487,37.99383988004113,8.329592792699547,13.954949369011771,77.74960119908813,38.00386624684794,8.365382405681547,0.033,normal
35.9408847974896,9.144471479130095,0.6834763800998231,285.6122578957787,35.940615671615525,9.145434584141972,0.6834763800998231,256.7150646968488,35.94084546546824,9.146407823467756,0.6834763800998231,235.7983808179636,35.94609850039363,9.144653772207183,0.744,degassing
34.293646858449634,7.780787550080155,14.739983524872605,5.362349209950263,34.28875503333987,7.780328379551096,14.739983524872605,7.809755570272077,34.283887277998296,7.779660735623608,14.739983524872605,11.246403785100142,34.32308455717029,7.779560318782841,0.14,normal
34.538427444873086,10.722352993311073,19.736440309393643,343.50237105639826,34.5321194714006,10.724221216237341,19.736440309393643,345.61702562086685,34.52574685759956,10.725855407038502,19.736440309393643,347.00996650538184,34.57595585092974,10.710315973398616,0.092,normal
33.12399926610041,10.410519546318543,2.5059376288364987,141.88603089010655,33.12478605066134,10.409902318601507,2.5059376288364987,136.6674492331594,33.125513433675785,10.409216086898434,2.5059376288364987,104.29192902629532,33.12343342185921,10.416326591321916,0.749,degassing
36.85932048215627,10.52755054551067,1.6659534684072583,214.44324249099736,36.86014516902552,10.528116135085963,1.6659534684072583,220.19061589880664,36.860909070759206,10.528761467667872,1.6659534684072583,217.30497075473903,36.85361982032709,10.527189176920382,0.91,degassing
34.14043950769701,8.428651390493815,17.421975963865588,276.9003899665524,34.139741794751295,8.434416650594857,17.421975963865588,274.52945633613615,34.13928318091764,8.440205838857374,17.421975963865588,276.5163937631172,34.14430064747453,8.394035872718025,0.085,normal
33.19381182438602,10.629139690385578,12.45977838643735,127.12005424913443,33.19631826295782,10.625827994468729,12.45977838643735,123.54887301201106,33.19861355384545,10.622366606899982,12.45977838643735,128.189694333077,33.175776445004445,10.64627899305202,0.189,normal
36.71605214842987,11.772251442995438,15.683844467855188,262.5095411637269,36.71673366945167,11.777434778892152,15.683844467855188,265.99319803414244,36.717098971810266,11.782649948698412,15.683844467855188,263.64453601667384,36.7148311966431,11.740934047228853,0.043,normal
33.08647910015353,7.973325624842871,14.985536694966349,47.00026414914198,33.08307241317914,7.969672366559539,14.985536694966349,51.03491701853303,33.07993121157134,7.965788468429387,14.985536694966349,54.9688221447719,33.10635395659776,7.995729271406195,0.046,normal
36.471807360888555,10.866154676480562,11.168983488031788,36.102798900001076,36.468799326157736,10.863960954739891,11.168983488031788,37.74204281225072,36.46585527671039,10.861682082020994,11.168983488031788,37.99399126525963,36.4908048588529,10.877898462244728,0.136,normal
36.5755316800654,7.964912392195584,14.4407929150921,67.28843959231203,36.57367318769627,7.9604720399192495,14.4407929150921,65.22580546054236,36.57165608240678,7.956101455464606,14.4407929150921,61.162115217261444,36.587041131262026,7.991393939798113,0.007,normal
34.0448412362154,7.874166551500313,1.1159593738681568,131.5318437552289,34.04550427241465,7.87341796416507,1.1159593738681568,148.06922555878054,34.0463529601475,7.872889069910892,1.1159593738681568,180.05348662211347,34.040218996097266,7.877374076288743,0.799,degassing
37.93992473885425,10.126443556161945,15.343495049463197,6.801027538801974,37.9348462292628,10.12583788818367,15.343495049463197,5.73068741367199,37.929757291989475,10.12532719179786,15.343495049463197,6.394778933025585,37.970559381634736,10.127888509932891,0.105,normal
35.42909916566862,10.397749142132458,15.53196178986015,326.0060031912576,35.42480666905481,10.400643813336693,15.53196178986015,321.8940568407734,35.42073278554705,10.403838828473653,15.53196178986015,317.1937326169824,35.454140577230554,10.37939261259595,0.099,normal
35.11981233328489,9.286489712226045,3.727056292628282,37.50951386978911,35.11901908103937,9.285880819070414,3.727056292628282,61.29349676312472,35.11853875798639,9.285003727419115,3.727056292628282,74.63458970466738,35.12343456224732,9.29101473472091,0.944,degassing
33.61047332303888,7.815993849375979,3.698228267838033,109.5328488874562,33.61080767027961,7.815051399418361,3.698228267838033,117.12466367095108,33.61126359834765,7.814161382791113,3.698228267838033,103.42511084046222,33.60518301938028,7.818470785699589,0.925,degassing
34.04757481849647,9.477975467787543,8.542257630727729,18.1130431830622,34.044868503194735,9.477090225647533,8.542257630727729,16.5014329215221,34.04213836168857,9.476281446620115,8.542257630727729,20.95110345995593,34.0641316849324,9.482135032438812,0.198,normal
33.797420238401855,8.65406876262433,0.8493926258094964,58.28491222815502,33.79689454272381,8.653218089917534,0.8493926258094964,84.91945890038784,33.79680598670941,8.652222018719119,0.8493926258094964,63.38817723040002,33.80089881078179,8.658301040126297,0.732,degassing
33.64718756961238,10.428203367181341,16.64671362002435,313.8338575516382,33.64334456723825,10.432206075557755,16.64671362002435,317.67951076393473,33.63924176062791,10.435942025170942,16.64671362002435,316.4912457841588,33.67000614229244,10.40401402410759,0.096,normal
32.96117930895242,10.21319192301835,10.630093316757515,136.24846831224036,32.96373884222323,10.210741571822577,10.630093316757515,139.42220873110966,32.96643011078525,10.208436684607532,10.630093316757515,143.70057701871679,32.94560470131696,10.227643982324956,0.145,normal
33.72657491345517,8.639091564214521,9.00388203146008,188.77774936769913,33.7295410554653,8.639549567831473,9.00388203146008,192.39543202081245,33.73247238749745,8.640193817980597,9.00388203146008,191.10440187638574,33.70948592750131,8.633580435644147,0.189,normal
37.1505562296862,7.594080108277495,15.770195324623039,30.621589063302,37.14603254832163,7.591402509378343,15.770195324623039,27.788144365187982,37.14138203620221,7.588951802137547,15.770195324623039,31.264013938344494,37.175262204473896,7.613530282711967,0.168,normal
32.09297266531874,9.477309534175026,18.401410124942853,86.36460855798379,32.09258373933514,9.471188073530522,18.401410124942853,88.18305227186126,32.09238925847869,9.465057354075238,18.401410124942853,84.8765823034314,32.098884967123716,9.513607088297771,0.0,normal
33.83686647523345,10.415250954113354,13.743173025938578,169.12607264359013,33.84136527845864,10.414386744089374,13.743173025938578,166.43962913831814,33.845818631850065,10.413312624451887,13.743173025938578,166.83204062511734,33.811054629929636,10.42456828253625,0.077,normal
34.494988729556844,9.505476443773553,3.6539959887789486,63.87501728876026,34.49454839886135,9.50457860811008,3.6539959887789486,98.27913122341428,34.49469239463893,9.503589029807953,3.6539959887789486,65.78001442364771,34.50012191357108,9.503962230375178,0.759,degassing
37.312264488097135,7.570114907089921,15.378728392364431,324.9043238256919,37.30807023157102,7.573062207110553,15.378728392364431,323.3729192005348,37.30395623933246,7.576120545397838,15.378728392364431,321.9526087655989,37.33598327600304,7.550574985183042,0.08,normal
37.45874170302858,8.389573271651681,19.133388486636992,27.683389724099104,37.45309398372843,8.386610241008327,19.133388486636992,25.13472218601411,37.4473200911297,8.383901283986695,19.133388486636992,28.297211383041954,37.49505486364382,8.401426500524702,0.114,normal
35.58990853477935,9.32692718110912,13.472909299905671,353.1633909791907,35.58544949737309,9.327461778952772,13.472909299905671,355.9513281772838,35.580969735120796,9.327778858765715,13.472909299905671,350.9660993525712,35.616600210999174,9.32341703133782,0.157,normal
33.93430017942156,7.702738916658289,19.75951121391823,110.52075653872359,33.936609056482204,7.696570357814511,19.75951121391823,106.05531062888477,33.938430654098454,7.6902407595954445,19.75951121391823,110.97188454946883,33.92136921903414,7.740022287842507,0.135,normal
37.69591822133613,10.346967993077072,19.142898983962418,77.70273897615303,37.69455917965077,10.340733433190733,19.142898983962418,73.37712066790787,37.69273377009403,10.334619137546172,19.142898983962418,76.70580341356879,37.701886208556274,10.384748645622865,0.154,normal
34.5884279921461,10.475178443064861,15.554922418788777,143.6252533977065,34.59260270140703,10.472103421208848,15.554922418788777,143.48703205869398,34.596769980290844,10.469018337169018,15.554922418788777,144.62302449660365,34.56364656102481,10.493938591538873,0.19,normal
36.97775770085672,7.502693990753797,1.9596183138490488,234.61387350963253,36.97833678463832,7.5035092587918575,1.9596183138490488,229.2800753485983,36.978989146644516,7.504267166314498,1.9596183138490488,259.63001326259604,36.972427661626256,7.501527532002339,0.922,degassing
35.26658181197899,10.12657002267584,2.9186703117625354,136.0921539156023,35.26730226812946,10.125876522181793,2.9186703117625354,134.85735197905146,35.26800761225303,10.125167657125983,2.9186703117625354,109.3271427841939,35.26652035326014,10.13240236505931,0.721,degassing
35.68931744895559,10.295814497794616,3.0610130219214846,108.72229947698786,35.68963843057546,10.294867412370957,3.0610130219214846,100.79472970261469,35.6898257215345,10.293885107888293,3.0610130219214846,104.6510807635846,35.68510006504418,10.299723802061019,0.987,degassing
36.907000833025904,11.812402901083644,8.940218792916184,254.8192562717354,36.90778120933506,11.81527898305223,8.940218792916184,259.5740909809462,36.9083204949416,11.818209854204037,8.940218792916184,259.886568836884,36.90220519383321,11.795190025322432,0.137,normal
32.915150009100195,11.789255868574124,9.766011672943973,158.5115841966944,32.91817907320227,11.788063395887004,9.766011672943973,159.79463506639954,32.92123407920822,11.786939047743592,9.766011672943973,162.74810740929874,32.89722076821841,11.796975969942869,0.099,normal
37.521438026864054,8.58401979113768,13.492783332015241,293.29835084310565,37.51965914250781,8.588150641683251,13.492783332015241,293.62055728143685,37.51785705630287,8.592271423295118,13.492783332015241,293.10760961842266,37.5353606518216,8.560943295042268,0.152,normal
33.972209650531354,8.868508730678387,3.2868644280836676,209.80881262074786,33.973077339535266,8.869005838103888,3.2868644280836676,233.97251235279026,33.97366551284576,8.869814573015228,3.2868644280836676,237.2117748914898,33.966955525724075,8.867515169556622,0.737,degassing
34.64004591641319,7.713721254217667,14.16719523779767,289.24465788390194,34.63848940152695,7.718179763853882,14.16719523779767,294.19758306546066,34.6365537633452,7.722487240098352,14.16719523779767,299.0966135602101,34.64750603591142,7.686464334797704,0.127,normal
33.48259691447977,8.36204890118346,19.9484838844508,230.5465228208754,33.48682234561405,8.367183247348187,19.9484838844508,232.7508775562305,33.490847163666466,8.37247632003376,19.9484838844508,230.22046011749242,33.45687780947674,8.331610373973724,0.193,normal
35.10961716403279,11.880843824947696,17.14624645644527,228.7700026760241,35.11338409892159,11.885142217172147,17.14624645644527,232.90530709168422,35.11683126094211,11.889701060027082,17.14624645644527,230.064473844279,35.08555069391325,11.856433765151214,0.189,normal
34.55671600891587,8.097335131384451,10.349742456377857,179.47999163966253,34.56016578098219,8.097303820883257,10.349742456377857,181.27864028890966,34.56361483609751,8.097380804443418,10.349742456377857,177.2765145238136,34.53605670622958,8.098214018752202,0.026,normal
36.776307902782506,8.449383296258384,3.3086610176469016,70.02084028820141,36.77596622445774,8.448443479296213,3.3086610176469016,104.15913951895168,36.77621084042141,8.44747385925191,3.3086610176469016,104.7136549301959,36.775590907938025,8.455241204067885,0.973,degassing
37.42480696023261,10.981647668070549,17.984588110799276,325.5535377272254,37.41986326622502,10.985038577741175,17.984588110799276,325.3393866746635,37.414932280722375,10.988447941436606,17.984588110799276,320.9403679892605,37.45772950159711,10.96745278593088,0.057,normal
33.14665890831083,10.866924337930207,12.05417176787677,97.65846455038704,33.147194385786726,10.862942121463844,12.05417176787677,97.56474472799454,33.14772334876014,10.8589590344343,12.05417176787677,92.84807336568308,33.1430480199368,10.89071075453467,0.099,normal
32.28205340566869,9.546964608330317,14.996095464832145,147.0758230174232,32.286249266129914,9.544247672268012,14.996095464832145,146.52831609225794,32.2904189729252,9.541490766063944,14.996095464832145,142.56715154081363,32.25630453247358,9.562177876142494,0.1,normal
36.48434002367964,9.069052488970366,2.7694064145027983,68.23979722676106,36.48396930085305,9.068123745418118,2.7694064145027983,70.2941182579773,36.483632108949024,9.067182309483039,2.7694064145027983,52.96774464777006,36.48018050247101,9.072942284754856,0.752,degassing
37.131863519327794,11.250009562839319,10.80876645632768,102.83521229052667,37.13266390039056,11.246496666856157,10.80876645632768,104.01731041342997,37.133536582301765,11.243001030388212,10.80876645632768,106.06167020849863,37.12685256577005,11.271032748575745,0.018,normal
35.15860835623277,10.797682171500519,11.321101042005585,75.22823806196179,35.157646178758036,10.794033195093553,11.321101042005585,74.04367722928025,35.15660877156979,10.79040488961616,11.321101042005585,76.46047807812248,35.167542265877564,10.818464927293375,0.078,normal
35.322521222033224,8.712288507382233,17.554156245898092,156.41509686707917,35.327883830608805,8.709947323804746,17.554156245898092,153.45596335820534,35.33311842825538,8.70733242442679,17.554156245898092,149.3392509865367,35.28907780944194,8.722877735650911,0.079,normal
36.68376225807446,8.656746461950178,11.918818357874443,93.19010425892822,36.68398334842122,8.65277967900265,11.918818357874443,95.09921797165147,36.68433646606847,8.648822463337385,11.918818357874443,91.59281076112953,36.68146016867785,8.68045978614885,0.082,normal
37.81412864877163,10.128475711112532,3.832464694107311,15.081538803787282,37.81316309225406,10.128215517701047,3.832464694107311,345.94158781685417,37.812193043667705,10.128458428672616,3.832464694107311,329.8750907546655,37.81797287828399,10.124579482637989,0.73,degassing
34.17918866262114,10.008556271609764,12.149896846437214,88.46541710521733,34.17908020323767,10.004507758543378,12.149896846437214,84.23877636289407,34.17867365568713,10.00047824981703,12.149896846437214,81.97231617369955,34.17920551133224,10.032841104715807,0.064,normal
34.30519211911936,11.583722120179464,2.882062572981082,73.20107600899433,34.30490310530083,11.582764795254112,2.882062572981082,76.59703807139644,34.3046713071096,11.581792031357505,2.882062572981082,85.4165445857113,34.30258190119934,11.587338605078761,0.908,degassing
36.59868408734954,8.371912491108036,13.07314662550685,139.63460298121504,36.60200435977239,8.369090173659265,13.07314662550685,136.59457074730614,36.60517028177521,8.366095741723889,13.07314662550685,133.51140715912769,36.57841557607091,8.388411341438973,0.048,normal
36.937955890982295,11.091651475905147,11.097844171718885,176.06000617178526,36.94164642934134,11.091397292060115,11.097844171718885,180.4042003676533,36.94534561867981,11.091423388894967,11.097844171718885,180.24698347468134,36.9158151740744,11.091328854103802,0.121,normal
34.988601444549644,9.194731334793893,18.414538752186846,46.14329507482093,34.98434856292479,9.190305247753274,18.414538752186846,44.023626036730676,34.97993488466753,9.186039489573583,18.414538752186846,48.99016838018714,35.01557325860605,9.219792253341323,0.111,normal
37.5178530664812,10.451022120133407,0.555636863195338,219.95909473894687,37.51861956963537,10.451664360676078,0.555636863195338,232.82758589227555,37.51922378517917,10.45246118159487,0.555636863195338,269.4371021101999,37.51211140806455,10.449887714002891,0.743,degassing
36.412943388544875,10.03921712271755,1.1751639945973245,79.04542395966124,36.41275335784111,10.038235344569685,1.1751639945973245,71.45508789752786,36.412435309925435,10.037287269929516,1.1751639945973245,106.0150758134366,36.41406810510943,10.044931186535987,0.985,degassing
36.18395275523032,9.255079184084853,19.600815547258897,165.72981101460903,36.1902847602355,9.253468684381607,19.600815547258897,163.6361330127214,36.196553701091155,9.25162792985478,19.600815547258897,164.08196950332444,36.145626335767716,9.262890084557045,0.054,normal
35.67588124151136,11.661019452470697,9.05515453263656,189.62024327017664,35.67885717897305,11.661523876193305,9.05515453263656,193.23765704000127,35.68179536114072,11.662215058236846,9.05515453263656,197.2747650373772,35.65784515673547,11.659750411045307,0.064,normal
33.78571996028922,11.213311517833114,16.913595850986464,36.58173935774413,33.78119271242911,11.20995152501023,16.913595850986464,34.3691248676731,33.776539117935975,11.206768824388085,16.913595850986464,31.91046785071056,33.81053612666617,11.236166583730862,0.115,normal
32.37807532896037,11.636667211695778,8.968310293448498,298.03323174243684,32.3766703427188,11.639305913238175,8.968310293448498,300.62563210876675,32.375147444618996,11.641878366065038,8.968310293448498,305.40612004093975,32.38899402445246,11.622487916629506,0.179,normal
34.32636821330945,8.901650600895115,16.247934674709327,186.7992484056825,34.33174610129107,8.902291803663227,16.247934674709327,187.39878679699032,34.33711698548188,8.90298924408473,16.247934674709327,188.82164541960947,34.29410720201914,8.898095313635372,0.062,normal
33.70970135413957,11.560556581746694,10.143668636837612,350.0632311675879,33.70637085369503,11.561140049780102,10.143668636837612,345.2129593732393,33.703101613058,11.562003029394196,10.143668636837612,342.7393745170236,33.72983901246985,11.558150921201552,0.094,normal
35.440159358549565,7.84165625816124,2.498973296120207,14.499273358627626,35.43919120773388,7.84140589043553,2.498973296120207,2.3388053810364227,35.43819204074846,7.841365081916208,2.498973296120207,324.61460392044887,35.44221440272726,7.846862855841692,0.926,degassing
37.0512737499211,9.315209181773595,11.822162105062969,342.8629435832581,37.04750798680551,9.316370348344755,11.822162105062969,347.29541736352513,37.04366374693796,9.317237008306565,11.822162105062969,350.96546979736155,37.07418201343665,9.309416505852626,0.161,normal
33.78402627410956,7.832027954631507,3.449903908496662,152.68693977421196,33.78491478677274,7.831569102534026,3.449903908496662,189.38589629649118,33.785901399108134,7.831732185640602,3.449903908496662,174.9923442088035,33.78003813548516,7.8281777355735285,0.862,degassing
37.521937010924766,8.443512187808414,11.845070558239598,245.22866094138112,37.52359136429058,8.44709724523859,11.845070558239598,247.96038348685073,37.52507297570187,8.450757074396156,11.845070558239598,251.78509815164642,37.51310586647443,8.421569282454623,0.196,normal
36.63761026269447,8.526357275532076,19.081590665724356,170.71177479256414,36.64388739941051,8.52533067952974,19.081590665724356,170.9532384529135,36.650168806791264,8.524330546528171,19.081590665724356,171.74880001304263,36.59954896306098,8.528649778963763,0.13,normal
35.063084850528874,9.980036978983975,13.840527961371029,19.320044096255444,35.05873114974858,9.978510624580295,13.840527961371029,14.966870327304793,35.054274152257165,9.977319137437496,13.840527961371029,11.284633161617577,35.089471697897814,9.988386414675785,0.028,normal
33.60252024391366,9.933700707783109,15.830160136543718,48.00138218922954,33.598989523629136,9.929779255410427,15.830160136543718,52.08937193686465,33.59574734029756,9.925616080938564,15.830160136543718,47.562587191766966,33.62500122688378,9.955959136624365,0.125,normal
35.34713733848604,9.652755393470622,11.60691169902197,182.7046725107501,35.35100199913554,9.652937962108279,11.60691169902197,181.8627652147353,35.35486892514993,9.65306372554666,11.60691169902197,179.0872078608783,35.32396856047546,9.65271157191124,0.097,normal
34.49635393838461,7.75338454022487,14.472359404461056,151.55714248096538,34.50059575102309,7.751086898521061,14.472359404461056,152.17619806000053,34.50486214059291,7.748835220946975,14.472359404461056,150.4774288495711,34.46981143572144,7.764804718575901,0.081,normal
32.419465371382834,8.42971165458072,11.96551210516483,275.32603152106765,32.41909514658755,8.433682938760755,11.96551210516483,277.14612500589413,32.41859897550189,8.437640460547355,11.96551210516483,278.0992038825119,32.4173509604672,8.405938704275329,0.097,normal
36.486402351072606,10.78180836998242,13.126507101797424,242.55560409336522,36.48841896574599,10.785691446884186,13.126507101797424,245.02095729643088,36.49026668233195,10.789657674863507,13.126507101797424,240.81369790674717,36.476252232775884,10.757630687534494,0.199,normal
34.01135116338026,10.614978028400643,1.8568032166275998,35.902246066729674,34.01054114472697,10.614391624289704,1.8568032166275998,356.3109769396927,34.009543216763674,10.614455965412368,1.8568032166275998,25.613095799602007,34.01459177630712,10.61985744169473,0.976,degassing
35.26753450784969,8.1246309456682,10.158843352715014,337.5031968256084,35.26440591973526,8.125926644791253,10.158843352715014,341.2598121154648,35.26119916175811,8.12701458002977,10.158843352715014,341.62855992226713,35.284600560261936,8.113698834000752,0.195,normal
37.11758108369448,9.109538296848845,10.959191646288009,246.03451285267903,37.119064908135826,9.112876431171177,10.959191646288009,245.43049985817566,37.12058384013808,9.116198737794472,10.959191646288009,248.26453962454102,37.10817518251548,9.089758749010755,0.145,normal
35.09708905719744,9.111894491104104,8.119184987935906,186.5168922201339,35.09977796465266,9.112201656485475,8.119184987935906,183.38705174526868,35.102479632131555,9.112361552413276,8.119184987935906,182.3828226678738,35.080932864510295,9.110352885517393,0.093,normal
33.56470651915711,8.833127391480527,14.302652622158377,305.7950272584851,33.561918039294234,8.83699442152838,14.302652622158377,304.65020816824756,33.559207377496406,8.840916392200693,14.302652622158377,304.232132772317,33.57835610305677,8.808004914842341,0.085,normal
37.89403800540842,9.756826531807244,14.794402413688989,186.47459938716923,37.898938019702854,9.75738261753276,14.794402413688989,188.7986851988503,37.903811453131524,9.758136950374508,14.794402413688989,192.024231306593,37.864814625548796,9.752318940034645,0.035,normal
33.48775162417859,10.055439299208278,14.18807480562164,9.610682547101753,33.48308864280034,10.054649720650891,14.18807480562164,14.230075509731172,33.47850439803078,10.053487167630603,14.18807480562164,17.79768729806452,33.51517096051761,10.062587607614175,0.168,normal
36.01562005177485,8.251349786649193,8.094209015478725,88.55495479178451,36.01555201152192,8.248652575037545,8.094209015478725,89.03472826119096,36.01550655883362,8.245954888249358,8.094209015478725,85.43860771696279,36.018627882382084,8.267178877181916,0.102,normal
32.96359226594854,9.619002644817797,14.383249608538469,93.75084628829411,32.96390590645719,9.614218498127558,14.383249608538469,96.5584693559691,32.9644535107028,9.609455457133341,14.383249608538469,91.59306429145907,32.957470758684586,9.64705392528462,0.087,normal
33.41384226386813,10.862179579876143,2.3832165569743347,176.7629920404474,33.414840668368335,10.862123113479223,2.3832165569743347,157.27212521389964,33.41576301860271,10.861736758661536,2.3832165569743347,163.44594816196866,33.40843240207907,10.86031225357273,0.986,degassing
35.013915447186406,10.274888845567153,15.400995657003058,67.89905267050977,35.011983959128585,10.270132389695046,15.400995657003058,67.46449002320529,35.010016451398535,10.265390719956127,15.400995657003058,72.254886603515,35.028491454654464,10.301972524136822,0.146,normal
36.90930188290598,8.330014898939558,11.04389371552865,305.9857135079018,36.90713881296663,8.33299367095234,11.04389371552865,303.62443141067223,36.905100306533676,8.33605903321306,11.04389371552865,305.1889729963826,36.923090310430595,8.312771616924298,0.167,normal
36.05250584259345,8.101972930340002,17.65192013642258,56.350391896751056,36.04924545936198,8.0970748650172,17.65192013642258,57.057856048875784,36.046045802381485,8.092136916259902,17.65192013642258,54.80578881060603,36.07027834804779,8.132409902378004,0.069,normal
35.00886262453243,9.654211230921867,16.175136880944265,133.11543195291222,35.01254770034236,9.650275398388262,16.175136880944265,137.7707803999935,35.01654005807156,9.646651637742258,16.175136880944265,138.0353396875734,34.987810477554085,9.678762775925753,0.171,normal
35.28128181249453,9.698063820051374,1.9496381712570803,208.5980753921517,35.28215981154907,9.698542482416943,1.9496381712570803,197.59796827809632,35.28311301293837,9.698844818507137,1.9496381712570803,175.48285411728327,35.27612023878672,9.695076288000067,0.821,degassing
33.613408945518145,10.852038133506877,10.876188994541062,352.57366456962575,33.60981395952577,10.85250672103892,10.876188994541062,354.240561971718,33.606206864190206,10.852870536652466,10.876188994541062,357.3514973184145,33.63393370312218,10.844982048328367,0.028,normal
32.33047646762022,8.552543091373261,8.510178644221323,270.14454382227376,32.33046931123247,8.555379808561051,8.510178644221323,271.550943624878,32.330392533061286,8.558215495555384,8.510178644221323,270.7923299253149,32.33000504277259,8.535578700872541,0.094,normal
33.5714408535152,9.606970018260215,14.783122206972466,135.82573443635442,33.574975121890574,9.603536179694741,14.783122206972466,131.7801225565967,33.578258324249056,9.599861552840736,14.783122206972466,129.09044738032077,33.553189634754375,9.630201695842059,0.008,normal
37.536105923622294,8.045878125308546,17.94982877260519,0.23787343741295697,37.530122698929766,8.045853284763329,17.94982877260519,2.184144879311454,37.52414376951656,8.045625254401502,17.94982877260519,5.646849099075959,37.57192753534431,8.047760642232856,0.031,normal
37.49204431595058,10.473730495443668,2.6294590931218256,1.0951654024087816,37.491044498622145,10.473711382365433,2.6294590931218256,341.6408421619112,37.490095397847426,10.474026354934766,2.6294590931218256,320.3155164131638,37.49754612731419,10.471552039111021,0.736,degassing
35.04898748221823,7.536729619404298,18.847980305737273,356.0452345274707,35.04271978231428,7.537162927458872,18.847980305737273,358.9279588751782,35.036438221923255,7.537280473237579,18.847980305737273,356.95208776598014,35.08660463683664,7.534937040474015,0.036,normal
36.33108566070116,10.4802776817041,10.676212241339984,201.83611014451836,36.334389064368494,10.481601364517646,10.676212241339984,197.80043840639786,36.337777434536974,10.482689279763239,10.676212241339984,194.99650197181552,36.311472683111674,10.471891203436243,0.108,normal
36.88418036029015,7.845540137233163,8.605558130360212,240.9607355886529,36.88557276506049,7.848048047193778,8.605558130360212,245.09787335539775,36.886780611022225,7.8506498756946055,8.605558130360212,246.58290865576757,36.8770207193829,7.829890670966035,0.102,normal
33.726499636947295,8.075091158370993,15.705751688042104,349.7184057640764,33.72134845180897,8.076025578043717,15.705751688042104,352.46547803710763,33.716158402208436,8.07671204260803,15.705751688042104,348.27639253154973,33.757851495737604,8.073338145119331,0.02,normal
32.66269199792539,11.696350696099984,16.695089836558502,69.24029361967412,32.660719476107644,11.691146974741857,16.695089836558502,73.6980918722792,32.659157379585245,11.685805681569859,16.695089836558502,76.77228774220153,32.67516599922096,11.727292298974884,0.143,normal
33.79271358841388,7.990559030895503,1.1193814475572432,12.095199366075008,33.79173578761727,7.99034949425873,1.1193814475572432,352.90689465579203,33.79074344081305,7.990472976322864,1.1193814475572432,316.81897851824687,33.79549879103286,7.994852386663575,0.714,degassing
34.41361929477846,9.039505093378862,17.914686342922305,281.8558478998334,34.41239243683035,9.04534926771406,17.914686342922305,281.07981261834254,34.41124484465796,9.051209522511499,17.914686342922305,284.2413822678466,34.41449266230089,9.003739505902942,0.141,normal
34.61526532907519,7.608192254032517,13.203871692678797,44.70914069965516,34.61213738799408,7.605095910507675,13.203871692678797,40.01275891025252,34.608766433895404,7.602266064735312,13.203871692678797,44.905906437624985,34.633529967827506,7.6272354803532805,0.063,normal
33.316873486317334,10.044392070251012,15.02193017241799,90.49761016695439,33.31691697393703,10.03938494903832,15.02193017241799,88.58692290085631,33.316793491929374,10.034379161767026,15.02193017241799,83.70056167455103,33.31518599585907,10.074343387213977,0.132,normal
34.36855376358151,9.455693088615034,11.805914192758408,87.60581904231513,34.36838936944879,9.451761219098591,11.805914192758408,88.78534817752065,34.36830594852203,9.447826798648999,11.805914192758408,87.8707357680935,34.37038969849289,9.479224825116232,0.155,normal
33.17355438011347,11.244537061461681,15.966383996859928,196.02570150373262,33.17866967933445,11.24600633349814,15.966383996859928,197.34331027701512,33.1837498407171,11.247592841223765,15.966383996859928,194.5723410455873,33.14315344060887,11.234874276391107,0.112,normal
37.53839904368418,11.505914726135192,18.8371103274605,308.8145944838098,37.53446332895741,11.510807215524201,18.8371103274605,304.45676975198563,37.530910748755474,11.515984616101802,18.8371103274605,299.5714232973366,37.565111707802025,11.47936834884633,0.1,normal
32.53620086729038,10.479324511056861,3.9097057858017736,315.16799184936286,32.53549169030677,10.480029541556851,3.9097057858017736,354.6266545822576,32.53449608466975,10.480123186714401,3.9097057858017736,27.122994189969706,32.53790191584289,10.473972138394036,0.888,degassing
33.64057377214427,9.879628477450952,8.746033998871177,8.653170436294323,33.63769161230219,9.879189855554575,8.746033998871177,12.750902873870574,33.634848163409565,9.878546401657028,8.746033998871177,8.986147309973394,33.65789531772945,9.881963371670158,0.164,normal
36.728838774560366,10.402362642062698,12.262704133436184,67.00425165035496,36.727241913696766,10.398599897333044,12.262704133436184,63.20580923610002,36.72539929100198,10.394951205221767,12.262704133436184,59.561755842008715,36.7390998969509,10.424614692748033,0.146,normal
37.511722906984424,9.413365177074786,9.18389267086718,214.26203027991556,37.51425298235159,9.415088621697818,9.18389267086718,211.81851955169344,37.51685423522055,9.416702631067052,9.18389267086718,210.46586794479566,37.497279639772,9.402075231605354,0.103,normal
36.11938574478995,10.200748528017137,15.307661451746197,243.54467072454418,36.121658932213975,10.205316752441702,15.307661451746197,246.30237496591084,36.12370969870635,10.209989055112942,15.307661451746197,246.19334862414843,36.110302400613406,10.171538839089914,0.014,normal
34.48090531096765,10.28770428669785,16.755868897958194,40.5289491494141,34.47666005670367,10.284074785834811,16.755868897958194,43.950675172916256,34.4726389969603,10.280198377855658,16.755868897958194,43.28538654038136,34.50605802204859,10.309814097240961,0.158,normal
36.3998838958634,9.167350753803198,2.0481061847703765,292.0595942240817,36.39950832509456,9.168277547522207,2.0481061847703765,259.2878486233941,36.399694200099795,9.169260120920192,2.0481061847703765,251.25079413914057,36.403450028938394,9.162912798825978,0.74,degassing
33.49415121404507,9.627891633938134,10.687721720272183,296.5200917552639,33.49256048343468,9.631079346121863,10.687721720272183,298.6948192479531,33.490849934297245,9.634204398839742,10.687721720272183,299.01855749717095,33.502218711195944,9.608104331585253,0.188,normal
34.41777803385028,10.837809792404006,9.864921249272584,285.96662450479784,34.4168734950113,10.840971243488788,9.864921249272584,281.5780955758839,34.4162135205646,10.844192640266957,9.864921249272584,276.6281853167978,34.42030412499132,10.818270818360377,0.197,normal
36.65220874254269,11.739091694239391,3.358879876977264,244.03005576269348,36.652646642146976,11.739990718119254,3.358879876977264,218.6725706472101,36.653427371788865,11.740615587086541,3.358879876977264,198.52560355169314,36.648273836459396,11.734913031396077,0.908,degassing
36.364854796990436,9.39281573331996,15.946822731127899,63.32079939993819,36.36246811757841,9.388066054878495,15.946822731127899,66.072318500833,36.36031219620279,9.383207280657022,15.946822731127899,63.66347320417918,36.37880744889597,9.421471510990067,0.098,normal
34.63575103065582,10.984744573764099,14.341173377445964,101.94787639448623,34.63674067562164,10.980067743410387,14.341173377445964,104.55179431685642,34.63794177321967,10.975440702900974,14.341173377445964,103.69436016500342,34.63095075064984,11.01300978540601,0.154,normal
33.0687390330935,7.546963036215041,1.0738348063733514,227.4234551171445,33.06941560767113,7.547699410332527,1.0738348063733514,196.19081812102695,33.07037594605392,7.547978247544061,1.0738348063733514,231.64630365368603,33.065027399312896,7.542582479066393,0.733,degassing
34.0052344358724,10.236304091757368,9.904370610394189,288.21064824715415,34.00420269275738,10.239440191821133,9.904370610394189,292.4255485388611,34.00294324440945,10.242491979383242,9.904370610394189,292.6622878457601,34.01285738995868,10.218061073530585,0.007,normal
34.307077290329275,11.403839914182063,2.1578861499780952,245.52612982394044,34.30749156853965,11.404750064479764,2.1578861499780952,246.9281312649854,34.30788345399208,11.405670078497142,2.1578861499780952,211.86612039468633,34.30851932107812,11.398199187601504,0.98,degassing
35.53362020609963,9.366713258935105,11.620332158744114,354.3522985526077,35.529765564469656,9.36709445014112,11.620332158744114,355.2456649336737,35.525905448030265,9.367415495161927,11.620332158744114,356.75625251746294,35.55649938429348,9.36273417960929,0.042,normal
36.84075541230491,11.310766533353677,19.79140939414425,354.02977259596565,36.834194058199046,11.311452712507798,19.79140939414425,355.0535907565853,36.827621490907724,11.312021543532886,19.79140939414425,356.3946679776956,36.880258818084926,11.310166922268744,0.042,normal
36.79142761314875,8.170647168333337,11.305566508849619,344.3120759051726,36.78779947311061,8.17166616745333,11.305566508849619,343.4722790890003,36.784186657948545,8.172738233658219,11.305566508849619,345.72521852402946,36.81246526803835,8.162668998465966,0.008,normal
37.627662732124485,10.191151060075917,1.401236327211829,246.4146286884784,37.62806284717938,10.192067524992236,1.401236327211829,224.0417583003072,37.62878168050792,10.192762707447267,1.401236327211829,234.92254382614965,37.62307132297498,10.188081305762822,0.784,degassing
37.7930124729918,8.694500526728259,0.5905645606301388,170.64621537683672,37.79399917657288,8.694337996598518,0.5905645606301388,146.5790780411599,37.794833823368556,8.693787211044542,0.5905645606301388,178.73832867257607,37.787392704077966,8.695192513801139,0.985,degassing
33.91690949788714,11.99608185289514,14.628917434379096,45.55255724107934,33.91349484178951,11.992600691867297,14.628917434379096,49.355324479761634,33.91031858173582,11.98890072829474,14.628917434379096,46.88744409771897,33.93272244980876,12.020578870615372,0.177,normal
37.23328461540199,10.919107186687082,10.542175791688788,43.055364066939674,37.23071691262071,10.916708122233645,10.542175791688788,46.35574691440871,37.22829158436393,10.914165212350925,10.542175791688788,44.799303444988915,37.24910164282279,10.93304721855165,0.094,normal
37.49768415144619,8.19142636154371,19.795334461613784,79.0311700908094,37.496428632743,8.184948464752651,19.795334461613784,76.71462326254206,37.49491230120863,8.178526610446646,19.795334461613784,80.48592318732507,37.50996757725215,8.228998817840807,0.14,normal
36.64482603401547,10.73381314977088,16.304683002356526,358.7522814985437,36.63939242832225,10.733931495001707,16.304683002356526,355.8185453943006,36.63397200096712,10.734327782410983,16.304683002356526,359.783243540103,36.677421663536556,10.73366950074797,0.109,normal
32.583270696248796,8.37687369539902,2.20872709910333,29.729781062493736,32.58240232238,8.376377785302337,2.20872709910333,18.324163894042393,32.581453029409815,8.376063392464069,2.20872709910333,23.8165633164051,32.582722473170506,8.38164522337735,0.741,degassing
34.60814092898838,9.526247201485477,16.70048319233999,311.430981006855,34.60445726238804,9.530420949364993,16.70048319233999,314.8453705470799,34.60053155844369,9.534367900026647,16.70048319233999,312.38418605447714,34.63138554301671,9.50249565587236,0.093,normal
34.655459596193246,8.913686301189674,8.935520619466592,99.29329873387692,34.655940590497174,8.91074688837875,8.935520619466592,97.6160130229962,34.656335342169726,8.90779465628922,8.935520619466592,96.75380625851072,34.654881409076985,8.931513747418155,0.046,normal
32.69835061605647,11.7904810830333,19.028780699237615,137.94863322304377,32.70306052241732,11.786232612281651,19.028780699237615,136.91189771448512,32.70769278822749,11.781899618499127,19.028780699237615,135.39097778821676,32.670366480076495,11.816200006540335,0.069,normal
32.625171578810324,9.436896787351962,8.315328744121306,62.0987637963921,32.62387452921356,9.434447214753991,8.315328744121306,62.663326773580934,32.62260167901314,9.43198498082187,8.315328744121306,59.335883736503426,32.633759905497215,9.45113283191958,0.104,normal
37.86907573798304,8.572295325268463,1.9874214598790418,89.47895588250148,37.86906664417298,8.571295366618008,1.9874214598790418,50.96713988175731,37.868436878178834,8.570518581710445,1.9874214598790418,86.86054206477684,37.869482366115896,8.577627153458428,0.948,degassing
35.75236242506253,7.503124538744733,15.12057893935534,251.30779134581644,35.75397772718464,7.507898881037425,15.12057893935534,252.8527501698299,35.75546371938948,7.512715038472625,15.12057893935534,255.89744895692206,35.74157647026997,7.474882730001645,0.017,normal
36.02067888892426,8.2554931299957,14.737177424832481,182.30382438582043,36.02558731078196,8.255690600739737,14.737177424832481,178.92857641085746,36.03049884438667,8.255598744996085,14.737177424832481,175.48918028569602,35.99165311331623,8.250755384986762,0.086,normal
33.076930164816986,8.270728754365503,8.053285466642256,14.244732853499329,33.0743282730167,8.27006821263971,8.053285466642256,18.9236411410432,33.0717889335258,8.269197631648707,8.053285466642256,19.187572397439002,33.092797238778864,8.273350808473586,0.178,normal
35.5222881421424,11.21154411089525,16.09582859724624,53.35995314655123,35.519086221181915,11.207239010332518,16.09582859724624,54.77851418162825,35.51599185874262,11.202855962330643,16.09582859724624,58.60784975598185,35.54119107976432,11.23756865920546,0.058,normal
32.67254099345551,11.019733890234624,19.90888416016466,38.8775154008803,32.66737470756222,11.01556856939702,19.90888416016466,40.9205496986428,32.66236019989452,11.011221717609573,19.90888416016466,43.57344944034045,32.7024910396736,11.045902605244946,0.115,normal
35.13022808514903,8.400914804309846,16.383788240132546,284.67425591829124,35.12884462000846,8.40619792980461,16.383788240132546,282.7971299367229,35.127634952220916,8.411523537247184,16.383788240132546,278.48459801209435,35.138845700452855,8.3693217937745,0.138,normal
36.03667096416511,11.652253538040267,3.640774575129739,211.48703306279742,36.03752372255728,11.652775843625706,3.640774575129739,204.96498953542095,36.0384302884151,11.653197908011132,3.640774575129739,238.42729651910665,36.0327899369878,11.648046150540985,0.81,degassing
36.88210810182646,11.555565093940583,9.372859235899067,223.45270276299738,36.88437615366314,11.55771383926056,9.372859235899067,225.79563997834012,36.88655446755863,11.55995350757455,9.372859235899067,229.0002377940627,36.86976278667125,11.5414898867972,0.197,normal
36.00912289058087,9.94170411826799,9.318985587146871,19.231368726065288,36.006189907055145,9.940680944495739,9.318985587146871,15.215850895341054,36.003192474218736,9.939865669498198,9.318985587146871,18.758090199357728,36.02649667071762,9.948374079412714,0.142,normal
35.48824810271848,8.041133170379778,12.726988880710902,67.05844854044268,35.486594476991,8.037226396439975,12.726988880710902,70.85860836146148,35.4852034151384,8.033218615559544,12.726988880710902,72.80389232955868,35.50000156062175,8.06368572656359,0.022,normal
33.48969804358086,8.243271339248905,1.4498227299988988,40.27329080860727,33.488935073824365,8.242624905067666,1.4498227299988988,59.0326112075776,33.488420523709294,8.241767444760084,1.4498227299988988,71.24603519099554,33.48898023306872,8.249033656051894,0.958,degassing
34.6980708159128,8.018059379381697,10.861252045694515,102.8286081292853,34.698874676610934,8.014529332674387,10.861252045694515,107.42059154503008,34.69995857061607,8.01107497375218,10.861252045694515,103.39062258366934,34.693441139772496,8.039276517472112,0.009,normal
32.19867730697221,7.523734929371264,1.9025467719606046,238.78723371716677,32.19919552455557,7.524590178186694,1.9025467719606046,222.665682790037,32.19993084520146,7.525267897559097,1.9025467719606046,214.43543914545165,32.197286674255935,7.518422232746645,0.951,degassing
32.279475333442555,9.07642840371628,17.824067822811777,122.76795912927997,32.2826910214358,9.071432499278943,17.824067822811777,123.4616066720182,32.28596695488435,9.066475890513104,17.824067822811777,121.90679910245667,32.26606106995705,9.109394692628529,0.121,normal
32.15377249112144,9.22401986668345,2.2457649149936563,60.68686809203825,32.1532829088086,9.223147909597948,2.2457649149936563,72.09722383115705,32.15297550608328,9.222196330087623,2.2457649149936563,83.7878924792937,32.157476125934366,9.228484524392643,0.777,degassing
35.06188221218396,11.055905959421185,12.923889027584517,274.7023498838833,35.06152904803077,11.060199421936392,12.923889027584517,279.63009508688947,35.06080838343255,11.064446678442122,12.923889027584517,277.3092948775303,35.06806794049492,11.03094399162702,0.126,normal
34.95575232762878,11.005521907182306,16.86298850987744,41.10253967400562,34.951516714478956,11.001826615693437,16.86298850987744,44.3745184451661,34.94749891761643,10.997895597210377,16.86298850987744,39.72632869795487,34.98202463434222,11.026647106411039,0.073,normal
32.18403381012371,11.979428696302914,11.732697885645662,309.62499783209165,32.18153959459911,11.982441008075321,11.732697885645662,306.7930995973143,32.17919725079786,11.985572869951916,11.732697885645662,307.11013406278107,32.198245972783,11.960793416438289,0.068,normal
34.11518834895554,8.855621073913312,14.81813496332598,358.7610985438063,34.11025012529314,8.855727869321337,14.81813496332598,357.8102405922438,34.10531435389585,8.855916599055808,14.81813496332598,359.2816748212808,34.1447496007717,8.854196715233833,0.004,normal
35.860416639140375,8.895899082998952,10.039547233208914,210.18676879986018,35.86330933703141,8.897581779210014,10.039547233208914,206.90421605768248,35.866293640084784,8.89909607868936,10.039547233208914,208.16276335296425,35.84349849216734,8.885183122966863,0.135,normal
34.40578643357807,10.844131806780227,16.418838901973636,176.71241003326017,34.41125037283937,10.843817945411521,16.418838901973636,179.89505025690443,34.416723309958634,10.843807920519776,16.418838901973636,178.45240794831858,34.37301882929533,10.842471526622484,0.02,normal
34.19827655278294,7.7655405768862025,14.607953718344941,169.5922575011572,34.20306575613219,7.764660924596716,14.607953718344941,167.83618033097667,34.20782575368224,7.763634922552708,14.607953718344941,169.56321462836692,34.170056640490294,7.77257382096684,0.182,normal
34.16226498006327,11.567086043224238,13.533348381285718,4.798597514884868,34.15776967581676,11.566708672791568,13.533348381285718,1.2069925059953306,34.153259560615346,11.566613648678167,13.533348381285718,1.7326258877941623,34.18922258978373,11.56940325555546,0.09,normal
32.034814734288325,10.519822777873404,3.445845532625475,323.90164499061126,32.03400672748864,10.52041195103272,3.445845532625475,301.93034185675435,32.03347783964209,10.521260642758714,3.445845532625475,325.75006340882135,32.03563638703776,10.514243878502977,0.92,degassing
34.72054288523993,9.933899074559378,16.620983910234926,276.2183401002676,34.719942770360284,9.939406805139868,16.620983910234926,273.61659727554047,34.71959328856405,9.94493609953338,16.620983910234926,276.29210515530485,34.72201811259543,9.900704551994368,0.021,normal
35.259277570764446,11.712111864963207,12.544368680210919,78.48324744961258,35.25844272444934,11.70801459662854,12.544368680210919,81.98212631451972,35.25785948651789,11.70387401578868,12.544368680210919,85.87455181105159,35.26216754649443,11.737023608138612,0.041,normal
32.55937740827412,10.908417111314366,17.37752695502312,189.3627894210009,32.56509274959992,10.909359466805165,17.37752695502312,189.2438242008519,32.570810035249906,10.910289953311153,17.37752695502312,194.21258331323588,32.525668653003535,10.900176041164123,0.19,normal
32.60004487134416,7.965809226862484,3.8693086401104178,223.6232553235427,32.60076876324182,7.966499140277705,3.8693086401104178,195.23294512462945,32.601733628817755,7.966761884298322,3.8693086401104178,212.00365665673536,32.594198919271584,7.965338867373132,0.816,degassing
36.27280634230946,8.189993934312827,13.415778204794458,70.9728234378054,36.271348420192204,8.185766336193321,13.415778204794458,68.47483873519319,36.26970762677617,8.181606297764903,13.415778204794458,68.6197564674587,36.28360068696381,8.214537660051253,0.162,normal
33.04567891908219,11.976967028550327,9.565608637176355,9.048673863291189,33.042530063915564,11.976465556400209,9.565608637176355,11.738957745319922,33.039408216891765,11.975816838944205,9.565608637176355,14.95632154028262,33.064175759822355,11.981740125530504,0.017,normal
35.72659001623501,10.3279266542757,8.785266494696867,54.45481575512932,35.724887593243565,10.32554392216023,8.785266494696867,49.5682690529226,35.7229883897972,10.323314867956048,8.785266494696867,53.23341573469538,35.737389014646155,10.341774513229101,0.051,normal
37.71954545410271,10.654875269062197,17.277176090487742,46.494709165040284,37.715580793955645,10.650698161571142,17.277176090487742,44.56079348565339,37.71147742806134,10.646657227841052,17.277176090487742,41.96624264994337,37.74386293846415,10.679333333336867,0.13,normal
35.52341598612276,11.21694468117041,14.418116850623285,316.1312846118823,35.51995117031195,11.220275306004899,14.418116850623285,320.9225955480772,35.51622026599628,11.223304887391532,14.418116850623285,322.4586064177481,35.54390110121306,11.196668490803585,0.148,normal
34.03738431112483,8.47820138273921,14.345656324368399,115.34918630905136,34.039431598040466,8.473879919484675,14.345656324368399,115.43202374368947,34.041485130725185,8.469561420684396,14.345656324368399,111.14477153940385,34.02189491702456,8.502338384054962,0.033,normal
33.55432509624287,8.570545942331329,18.48254173900327,24.754200594217483,33.54873035398539,8.567966233459186,18.48254173900327,27.38962232783753,33.5432601455763,8.565132003624868,18.48254173900327,28.96463306831645,33.587548549502834,8.586662339039883,0.136,normal
32.94145187768922,8.226650094634893,11.198817999275985,227.78442184650956,32.94396012168424,8.22941479138607,11.198817999275985,229.88867492413314,32.94636516046917,8.232269721246421,11.198817999275985,229.1588901226559,32.92785985094121,8.208886693548726,0.194,normal
33.56851573096246,8.038542443357384,9.685317720828042,127.15787059869312,33.57046575109078,8.035969460375062,9.685317720828042,130.83280053198524,33.572576678547755,8.03352675589037,9.685317720828042,134.90229310626543,33.55689199961252,8.054013308493515,0.023,normal
33.26687869001862,10.206416909198893,1.784215618589968,132.8131553266587,33.26755829977211,10.20568333535601,1.784215618589968,161.02968785725136,33.2685039869142,10.205358257166495,1.784215618589968,150.03190853526345,33.266912818439266,10.211737830477045,0.765,degassing
37.778164126028116,9.573896582628418,3.485278257283375,347.5853190570182,37.77718750880364,9.574111568202046,3.485278257283375,355.5586290750166,37.77619051170698,9.57418900714088,3.485278257283375,18.45006037367366,37.78301158465999,9.572093675541021,0.986,degassing
32.94112152467587,11.702862015718136,9.006257847853146,207.8904350072867,32.943774899531874,11.704266338302316,9.006257847853146,203.70887229126788,32.946523610449155,11.705473445729227,9.006257847853146,206.60120005564832,32.92488069451253,11.695076152445065,0.137,normal
32.7902943251027,11.876383840584719,17.234694628144716,117.7719464632267,32.792971180358684,11.87130070165541,17.234694628144716,118.07715562793976,32.79567507490491,11.866231894131051,17.234694628144716,121.46675718106704,32.76879974823631,11.903215794504723,0.054,normal
37.22703862887279,11.947090928930521,18.150554197349784,27.122434212965086,37.221653756532,11.94433268942494,18.150554197349784,28.692898272407227,37.21634650011986,11.941427906356855,18.150554197349784,27.66751498977621,37.26030430594364,11.961508896258405,0.028,normal
35.68293539205799,10.589797009322197,19.521755293260732,177.40446159140072,35.68943596802732,10.589502327133099,19.521755293260732,181.6154385401282,35.695940633518184,10.589685772976539,19.521755293260732,185.6141147653379,35.644257134118185,10.584773877852092,0.184,normal
32.254430294340736,10.721188548702786,18.52366209647873,338.70027376750204,32.248677505797815,10.723431435564962,18.52366209647873,334.5443050580203,32.24310239034249,10.726085339322802,18.52366209647873,335.2770685862828,32.28902775493987,10.70800779507887,0.09,normal
37.56519165623773,10.486948260218368,19.861278265406618,214.331638715388,37.570658717967305,10.490682062253542,19.861278265406618,212.42360359708104,37.57624706672892,10.494231766425932,19.861278265406618,215.2097732208328,37.53180853320614,10.465435979845887,0.038,normal
34.04171769773359,8.634955595739669,13.179818725186,352.6207557754734,34.037360810990535,8.635519851670823,13.179818725186,355.394226470417,34.03298172487424,8.63587262870196,13.179818725186,356.098880435243,34.06719685133905,8.628309611665138,0.145,normal
33.98286581552789,11.796150998502597,1.1318992418485463,255.79015459934917,33.98311128949445,11.79712040168587,1.1318992418485463,270.1687755930301,33.983108343808915,11.79812039734733,1.1318992418485463,282.4084276455644,33.98139787513001,11.791537933851123,0.795,degassing
36.94621903769231,10.17367275901139,8.164923520622398,297.55156951764206,36.944960151311626,10.176085752123283,8.164923520622398,295.27889005522303,36.94379794320805,10.178546768783425,8.164923520622398,292.1149285695575,36.95299958295255,10.15883849135244,0.127,normal
36.256388565009814,9.33946903548725,14.941958772696987,131.51174682170821,36.259689610207666,9.33573942369064,14.941958772696987,130.18745688301942,36.26290357803935,9.331934517078308,14.941958772696987,134.87603517575312,36.23588097229902,9.361171049341978,0.199,normal
33.54188603610202,11.769976667758634,17.947586785618324,35.53039671468402,33.537017410221964,11.766500012121261,17.947586785618324,36.07872204337224,33.53218227866326,11.762976923250566,17.947586785618324,38.74316547273736,33.57064155946238,11.791375151990918,0.037,normal
36.83776769819893,7.5172430081135335,14.841491903105167,345.42738508745373,36.83297968677672,7.518487748224599,14.841491903105167,345.9989482215215,36.828179496692634,7.519684663626786,14.841491903105167,344.977927890309,36.866725484274795,7.510781237132668,0.053,normal
33.77254971941488,10.906665256505708,2.7154406804901265,194.21382942885384,33.77351910552692,10.906910797878558,2.7154406804901265,194.25902884225334,33.77448829763502,10.907157103902868,2.7154406804901265,172.84196280024818,33.76773570503608,10.909698712254958,0.909,degassing
35.516246700533905,8.212759371984573,19.22016942314502,212.08969022220296,35.52167458867155,8.216162918924352,19.22016942314502,211.26649255684904,35.527150815403175,8.219488132028788,19.22016942314502,209.94764041774098,35.48396561618858,8.191894672924787,0.196,normal
34.83297567038373,10.390706199846097,9.22969993088653,39.87135683167525,34.83061444939383,10.38873391747546,9.22969993088653,39.10695295307791,34.828227126382615,10.386793311602844,9.22969993088653,34.165839599528766,34.84588445760143,10.403884614894613,0.156,normal
34.46306766771062,9.184719486489595,14.66973331661817,346.3722290152116,34.4583154226921,9.185871614045054,14.66973331661817,346.9394603349573,34.453552004619134,9.186976638425854,14.66973331661817,349.8797004883393,34.49093993841861,9.175645622577377,0.028,normal
34.95151074420604,9.437942459376387,13.88828067907442,171.00082576680276,34.9560831856089,9.437218323356483,13.88828067907442,173.52062514286726,34.96068304223122,9.43669591316139,13.88828067907442,174.45293129559101,34.92443677800557,9.443884267818769,0.023,normal
36.00980619422226,7.808169493517371,9.018058993495522,21.249153725725012,36.00700454414788,7.807080039028144,9.018058993495522,25.432495687306396,36.00428983221537,7.8057891117076394,9.018058993495522,29.978035915299333,36.02675662157301,7.814276067930493,0.177,normal
35.01378397417403,8.342456430839043,11.090634911249275,25.439223417989066,35.01044553986064,8.340868424060742,11.090634911249275,27.81272724783775,35.00717573472115,8.339143523036766,11.090634911249275,27.422481545413618,35.03333239425096,8.352909493162914,0.039,normal
32.97283166712946,8.72168723771142,16.14733250097736,237.24132652257947,32.97574411726122,8.726213642403977,16.14733250097736,235.99610108723778,32.978754245486705,8.730675686025116,16.14733250097736,239.27373089585956,32.95321370311588,8.696040925004404,0.114,normal
36.69664860588622,10.966415751995175,16.64202799785503,247.1482400084992,36.69880290655315,10.971527698717312,16.64202799785503,251.89359007814323,36.70052692505034,10.976800342349764,16.64202799785503,252.51684545195258,36.687628561115595,10.934396765989947,0.009,normal
37.364419545602665,7.60546555541774,14.163168315824393,79.84378814522508,37.363587069883344,7.600818475159568,14.163168315824393,76.27370039979863,37.36246683844603,7.5962322509744675,14.163168315824393,77.37986867732643,37.36747459471,7.63360541768593,0.194,normal
33.668650738824915,11.548687699159919,18.504530758725473,45.6362139072379,33.66433787786727,11.54427797843507,18.504530758725473,46.05825207499272,33.66005761542451,11.539836609284425,18.504530758725473,42.9819706038213,33.69738671274898,11.571975650789819,0.004,normal
36.79314070261573,8.072210265509543,9.75863871080089,247.60701179251055,36.7943799106018,8.075217854089441,9.75863871080089,245.7876774169141,36.79571397894839,8.078184584131973,9.75863871080089,250.6248750772865,36.78409467197153,8.05492807863691,0.122,normal
37.70636117040289,8.043307361198927,9.241930669431827,187.84356391799042,37.70941299258258,8.043727773027525,9.241930669431827,183.33007443914542,37.71248843436103,8.043906721594029,9.241930669431827,186.28209238756014,37.68879683556751,8.037705413990325,0.014,normal
34.3524834353736,7.763342835866265,2.3376440425919007,75.79601971384301,34.35223806064182,7.762373407559992,2.3376440425919007,55.20060713569019,34.35166735577548,7.7615522523033285,2.3376440425919007,88.68233780286937,34.35093552827829,7.768714956871575,0.79,degassing
37.91612423373015,8.036981457398069,2.056474263100249,211.6283373015973,37.9169757014076,8.037505864486373,2.056474263100249,190.34151801702288,37.917959456622484,8.037685379603259,2.056474263100249,173.76461926707253,37.9103500557418,8.03598905938765,0.724,degassing
35.97121450475244,11.223860894322867,9.574719651430811,98.3057521597186,35.97167554519407,11.220702796586638,9.574719651430811,94.57283252155187,35.9719299974563,11.21752138280553,9.574719651430811,92.42865093838049,35.964009320431046,11.241492932516861,0.137,normal
32.17356485514255,9.70981555571893,17.669947805828528,189.9966834627725,32.17936541486771,9.710838004703493,17.669947805828528,187.16378206108072,32.18520941866942,9.711572521290606,17.669947805828528,186.9171958417086,32.13863084356784,9.70474669674874,0.11,normal
37.721876821832026,9.689658865406647,16.959982663172035,349.7389636191511,37.71631391131632,9.690665910108482,16.959982663172035,345.1959720623464,37.71084824354945,9.692110412894717,16.959982663172035,342.5914345035353,37.755499444120176,9.686639534270952,0.044,normal
36.60552295248969,10.157818792078315,10.959742504432748,21.49427572112168,36.60212377308296,10.156480211984379,10.959742504432748,20.573092498997397,36.5987035126612,10.155196453457847,10.959742504432748,15.652346280720367,36.62517414976944,10.167505485586442,0.188,normal
32.72096194745499,10.842136798530685,2.114959713962699,310.74876660959774,32.72030920401057,10.842894377566672,2.114959713962699,307.47180871862304,32.71970083300942,10.843688030340218,2.114959713962699,335.09223377611545,32.72665594440048,10.84083250139091,0.992,degassing
32.46516319244152,11.312349212999637,19.310692938215553,246.07283790820216,32.46777383694506,11.318232935170352,19.310692938215553,244.6922230962669,32.47052548563852,11.324052048571358,19.310692938215553,245.2301428469887,32.44630437497714,11.278723986171771,0.138,normal
36.74256260837518,10.039061300314843,2.982405455547144,66.35544787980254,36.74216154691731,10.038145249166156,2.982405455547144,67.29938063486438,36.74177563090241,10.037222715248383,2.982405455547144,51.220002865296465,36.741302891910834,10.04459306766785,0.902,degassing
37.87121273451722,7.555209406505425,11.631726752578517,85.70246767521172,37.87092219034904,7.551343065656743,11.631726752578517,80.96645574388116,37.87031341412138,7.547513914448384,11.631726752578517,81.1682949669847,37.87081920737595,7.5784563957362066,0.187,normal
34.22036711583593,8.41646705832573,10.991447368951661,300.4462007626507,34.21851055378718,8.419625653503918,10.991447368951661,296.1292419246045,34.216897018703946,8.422915038047515,10.991447368951661,300.03591875711595,34.23202953058298,8.397841373099011,0.108,normal
35.38158409232956,11.952869275857527,9.65752405174389,167.8424828370484,35.384731068379686,11.95219131760992,9.65752405174389,164.09490056285335,35.387827003150754,11.951309119480898,9.65752405174389,163.2618339255479,35.36284942236391,11.957516246143163,0.019,normal
33.05942631469849,8.750704809224866,13.519803365629379,145.90843025477636,33.06315842404067,8.748178782002185,13.519803365629379,150.50532495348713,33.067080976223394,8.745959989978243,13.519803365629379,153.54011139333824,33.039884490582395,8.769303245138703,0.19,normal
37.07988504890745,11.197982008837837,11.28900127887173,90.04188472230692,37.079887799759526,11.194219009417019,11.28900127887173,94.22332206251595,37.080164922707404,11.190466227105183,11.28900127887173,93.76624083766751,37.08305077242732,11.220312699384161,0.009,normal
34.02972161786362,8.849881296879897,8.198002379944182,310.7451023284559,34.027938019494826,8.851951622531978,8.198002379944182,306.4702017746235,34.026313709280466,8.85414914108124,8.198002379944182,304.15290286494485,34.04119403592638,8.838177005263722,0.187,normal
33.44445166150964,11.383832139186508,10.659275527642858,251.502994639144,33.44557889798402,11.387201679151012,10.659275527642858,246.92146217097041,33.44697168347045,11.390470411356374,10.659275527642858,248.06047263136895,33.436440057825344,11.364091757185381,0.055,normal
33.15035893936293,11.656362247509051,19.022482847938143,343.19352732315485,33.144288948533735,11.658195634044676,19.022482847938143,345.3291475970582,33.13815485269761,11.659801549088744,19.022482847938143,341.2650736290971,33.186294040337344,11.643967895157896,0.085,normal
37.85182052231195,11.038861063179628,14.77894819617514,220.49546742206473,37.855566775523144,11.042060153183634,14.77894819617514,223.56512611949188,37.85913634214179,11.045455264983147,14.77894819617514,223.76225084269686,37.83138581650462,11.017616404055659,0.17,normal
33.43293854293466,11.448318050004866,14.220976367452943,1.2801008782276266,33.42819940052918,11.448212150582355,14.220976367452943,4.246494894627669,33.42347208860888,11.447861141415414,14.220976367452943,1.9220148223215006,33.461360832663985,11.448037962807323,0.046,normal
32.9649376837391,11.889082584524038,11.493184286979568,91.7400130651744,32.96505401119608,11.885253289602584,11.493184286979568,93.23985921616338,32.96527052777515,11.881428351401292,11.493184286979568,91.64174643231597,32.95934208100456,11.911282326579897,0.163,normal
34.7501582814321,11.17189131090113,8.284747815850709,168.34537391163937,34.75286292875311,11.17133343873408,8.284747815850709,168.85181583498564,34.75557240143065,11.170799494640102,8.284747815850709,168.2712704403053,34.73395571650512,11.17521520288292,0.091,normal
35.36139257168362,8.909237581695391,18.281487217344587,255.1297858499933,35.36295643333616,8.915127326129232,18.281487217344587,259.8325500374034,35.36403215007811,8.921125458026356,18.281487217344587,262.78950421025496,35.35147066076896,8.874126175287943,0.043,normal
37.78674887201536,11.045086770741905,2.020144899740043,12.30702252773699,37.7857718525586,11.044873620604438,2.020144899740043,340.0303138123139,37.78483197911475,11.04521514353126,2.020144899740043,6.191587553998033,37.79190902428714,11.047173517182685,0.787,degassing
33.10997418545254,9.9254880234231,14.000553630662681,320.90402937326746,33.10635228535958,9.928431038872414,14.000553630662681,317.2343382004458,33.10292617753075,9.931599837598048,14.000553630662681,313.2884397793884,33.13008824149298,9.906088374398783,0.058,normal
34.386111138279574,9.383129884979578,2.8134371089392376,329.0581164302848,34.385253449004914,9.383644053345131,2.8134371089392376,291.3363233166224,34.384889607191134,9.384575514098222,2.8134371089392376,329.25591248281813,34.39095861844791,9.379848062077336,0.861,degassing
35.181994087562295,8.860921774622213,2.995456021905792,262.7342380642795,35.18212055942491,8.861913744817313,2.995456021905792,253.55813825240546,35.18240360170542,8.862872852250005,2.995456021905792,253.9847873678717,35.18055844798178,8.855812605492371,0.775,degassing
32.565630263983465,10.070106663321397,19.23353136209935,15.518243986577378,32.55945280433116,10.068391383659899,19.23353136209935,17.048392475320586,32.55332335051875,10.066511759220134,19.23353136209935,14.510463008701056,32.60241087554504,10.081285573167548,0.163,normal
34.854986977403286,8.12444655121173,12.076136273675845,350.2113108694229,34.85102020219987,8.125130925838723,12.076136273675845,352.00249108912425,34.847033973797835,8.125690976971455,12.076136273675845,350.4174043778636,34.87855275319178,8.119372553517216,0.176,normal
35.417256668410026,9.153198245994373,8.142637751752726,112.8567473324286,35.41831094575659,9.150697156386379,8.142637751752726,114.68476750679324,35.41944447021363,9.1482309706156,8.142637751752726,115.15543747845521,35.412228974807356,9.168681463278244,0.089,normal
34.439787787331625,9.946364859565936,1.133563748860305,158.256670436782,34.4407166400189,9.945994410263951,1.133563748860305,174.34188504388766,34.44171176792888,9.94589581795807,1.133563748860305,164.62025547074606,34.43420903065594,9.947576473931122,0.86,degassing
32.4143348964203,10.343269863098808,11.644481562152796,275.41843732826715,32.413968372108734,10.347134013001188,11.644481562152796,274.4674923771026,32.41366602909501,10.351003713666755,11.644481562152796,272.28916827506544,32.417894236161395,10.320269373009474,0.036,normal
33.330333801803675,8.985978512737558,16.50894386772205,146.59368102625433,33.334927619856174,8.98294872086842,16.50894386772205,141.83818886380982,33.339254442906814,8.979548514204376,16.50894386772205,140.90448141540924,33.30249408816065,9.003690589066668,0.009,normal
34.36927130053079,7.651189844723627,19.34773189967757,4.610244490077106,34.362842922945084,7.650671472892054,19.34773189967757,2.904573038240015,34.35640196421939,7.6503446725950965,19.34773189967757,5.615975637956052,34.407907229640514,7.649571276696261,0.079,normal
32.45556048924037,11.480947945621319,2.570825646870744,167.69696693959958,32.45653752353627,11.480734863513588,2.570825646870744,173.95014426309208,32.45753195410004,11.480629469709996,2.570825646870744,152.63397227153644,32.45060442265894,11.483545071118407,0.998,degassing
37.03258854604201,9.4181177851246,2.7222982097492423,115.63491694595471,37.033021181301415,9.417216216085471,2.7222982097492423,147.2438879609501,37.03386216260103,9.416675151899172,2.7222982097492423,160.84146095634478,37.02804461877218,9.421789927598152,0.853,degassing
33.89267690314903,8.787531227567491,16.180780630899797,165.05341386851023,33.89788801357041,8.786140120278258,16.180780630899797,162.35444248987645,33.90302783823344,8.784505172649983,16.180780630899797,166.95786220199406,33.86087622985648,8.793480458917077,0.186,normal
36.23905747457519,8.88697256656416,0.7482589188298645,342.7189716563639,36.238102615361896,8.887269625283581,0.7482589188298645,10.692110064557937,36.23711997700738,8.887084093980995,0.7482589188298645,16.629101420050063,36.24332947115171,8.889916739210948,0.862,degassing
32.75194767529046,11.941097827613225,0.5927939985529054,175.7401682214988,32.75294491274409,11.941023547999075,0.5927939985529054,196.68732726360287,32.753902798774185,11.941310696659784,0.5927939985529054,216.2999594201861,32.74726669364542,11.939821584072554,0.959,degassing
33.994520544315556,10.622396290999067,14.182882355515435,191.24589727713735,33.99915739776292,10.623318273336752,14.182882355515435,193.97853952139224,34.00374502253901,10.624460271689301,14.182882355515435,190.9581490089799,33.96638477426576,10.618891321479367,0.035,normal
37.61355768129249,9.276279391909435,10.491694592716314,157.98107407114682,37.61679982497943,9.27496823490358,10.491694592716314,156.00251414731383,37.61999476737315,9.273545922883818,10.491694592716314,156.51792430862164,37.59478466375141,9.285614887034379,0.17,normal
32.08633042890249,10.713187417596043,17.553877436235066,298.3740884669715,32.08354974055377,10.71833575674368,17.553877436235066,296.3325013392004,32.08095422624736,10.72357988957543,17.553877436235066,295.08303838309075,32.107826473449926,10.685611105353457,0.187,normal
32.387268001407826,7.8963100688062235,18.519937626173853,47.33516305931559,32.383084294920614,7.891770642876574,18.519937626173853,48.65090927707584,32.379005926209345,7.887136347202269,18.519937626173853,44.084565462842406,32.40944514773333,7.9258925838226535,0.033,normal
36.50490935183402,8.352406977494272,9.312839909211265,195.06002944543968,36.50790701260284,8.353213565397466,9.312839909211265,195.31594780797454,36.510901040760935,8.354033534615839,9.312839909211265,192.67751924277422,36.486896792213884,8.34769944172423,0.115,normal
33.93923067930664,9.532003526339752,19.026564318138995,262.57788888670416,33.940049952286216,9.538292575692191,19.026564318138995,265.52852434801747,33.94054440688272,9.544615459893603,19.026564318138995,269.20823952242137,33.93051543217438,9.49498246726945,0.193,normal
34.079253827989845,8.851138086126829,14.733545249655243,141.31403182188026,34.083087415462664,8.848068344563009,14.733545249655243,141.03148034810621,34.08690581809413,8.84497973524417,14.733545249655243,139.08420618589557,34.05559003733423,8.868643671322186,0.032,normal
36.1775533494872,11.712260076292552,12.957519163082333,281.2314083728613,36.176712095247275,11.71649653084528,12.957519163082333,282.67341738559605,36.17576449641942,11.720710473457011,12.957519163082333,284.0096955617939,36.1811316907482,11.686620104084358,0.026,normal
37.4056552267123,10.103184622027461,8.090612538216956,84.51509531451684,37.40539745035997,10.100500099032109,8.090612538216956,86.79932720307374,37.40524687535189,10.097807435011601,8.090612538216956,87.9229637643485,37.40717953817249,10.119285309504205,0.154,normal
32.82521367999964,10.393426931040006,14.543343633373684,70.54743817883765,32.82359924144398,10.388855873085777,14.543343633373684,74.81912833538001,32.82232976756553,10.38417726017778,14.543343633373684,73.50331203337551,32.83560949147473,10.42047614577177,0.108,normal
34.133217417170385,7.85495504181296,14.315174515641978,318.6438499581142,34.129635679534395,7.85810789979291,14.315174515641978,321.8908629497921,34.12588111172784,7.861052823989011,14.315174515641978,323.75369903508306,34.154687460908654,7.8360328347742065,0.053,normal
34.76268297363368,7.578567991947031,1.8396327997935693,352.1908970714556,34.76169224736767,7.578703864923879,1.8396327997935693,342.5865692637281,34.760738077163694,7.5790031293919355,1.8396327997935693,324.01697336440515,34.768099977775826,7.580648787589482,0.914,degassing
35.15129825357249,10.982711364019544,16.74486221563018,286.6713476501673,35.14969698985302,10.988058367345673,16.74486221563018,285.9135347428503,35.14816658536112,10.99342608121287,16.74486221563018,284.5864301069128,35.16413599110609,10.951803382770324,0.001,normal
34.345023869216945,9.5826012612744,1.095352238169331,77.44348297295566,34.344806466682066,9.581625179240024,1.095352238169331,80.6397279026317,34.3446438248311,9.580638494068191,1.095352238169331,76.9465703742199,34.34684785287263,9.588114685223019,0.791,degassing
33.41043810108731,10.841031858276049,18.74456014789221,256.3930938209826,33.41190804491581,10.847104674951908,18.74456014789221,258.7923972948293,33.41312247069426,10.8532337048316,18.74456014789221,263.76399686837374,33.405198705208846,10.803968149985588,0.179,normal
36.162707583307714,7.773113289036471,9.261457727382831,211.91149582609054,36.16532816106915,7.774745184628263,9.261457727382831,209.99007945915636,36.16800198084928,7.776288297977823,9.261457727382831,205.97192240013345,36.14607886099372,7.764986919417925,0.051,normal
37.04606810987345,10.641453430181858,14.348260783232556,24.157577814108823,37.04170421369255,10.639496099840011,14.348260783232556,24.119327331152537,37.037339011776595,10.637541683257549,14.348260783232556,19.551081890119875,37.07241893491133,10.652767168396327,0.073,normal
36.623524831484325,8.816107228317883,14.975796685404179,343.02318686361224,36.61875043270298,8.817564796035127,14.975796685404179,347.1588751384873,36.61388334828253,8.818674244825187,14.975796685404179,348.7461075625784,36.65160733966146,8.80572953361494,0.077,normal
37.33855297908212,8.286110923664792,9.22773968954565,177.29073325255806,37.3416254541888,8.285965531380402,9.22773968954565,181.53358627648575,37.34470026565277,8.286047851843199,9.22773968954565,181.05850645319467,37.32012357810651,8.28603236411565,0.058,normal
34.28604392553989,11.854348957020324,17.052869578812036,142.53073211561664,34.29055543130334,11.850890999971087,17.052869578812036,144.1513742382946,34.295162929566786,11.847562019502487,17.052869578812036,139.95262282667937,34.2594746576452,11.87562681534893,0.087,normal
34.13874382241452,8.141524530369212,2.008871290605182,350.446474267822,34.137757691430856,8.141690499291185,2.008871290605182,340.0910405683573,34.13681745654103,8.142031025871578,2.008871290605182,306.1880248292595,34.14286619462254,8.144674980246796,0.914,degassing
37.56374534030434,11.997989553301315,3.719037249231107,32.90248815592631,37.56290574402877,11.997446342390113,3.719037249231107,2.7954223338113025,37.56190693399174,11.997397572420436,3.719037249231107,348.68308945699005,37.56533944409423,12.002992490585727,0.795,degassing
37.57890076747998,9.049788331135158,12.365757119945087,271.90407644888313,37.57876381141644,9.053907974276113,12.365757119945087,273.91394322247373,37.578482457135834,9.058020279753695,12.365757119945087,273.9766505921858,37.58089364102329,9.025156195463037,0.013,normal
35.002230362089634,11.240466401535285,18.84649857948795,222.71806643189964,35.0068458741286,11.244728168856089,18.84649857948795,218.89596489739566,35.01173520474186,11.248672792822044,18.84649857948795,216.60364460226234,34.97450492212928,11.214940175110675,0.156,normal
36.60022790907268,9.658778772729104,12.119560235649061,223.28671330731112,36.60316864674556,9.661548696469719,12.119560235649061,219.7430134463317,36.60627497001701,9.664131557542785,12.119560235649061,217.1047337883589,36.58580629552815,9.639377800163777,0.133,normal
36.2423064277519,7.631884065122523,13.686142723114306,289.05077573192335,36.24081734828598,7.636196247912597,13.686142723114306,289.5341513434185,36.2392919425309,7.64049571478108,13.686142723114306,291.1332445012084,36.2508322078755,7.605898470861926,0.012,normal
33.526109991000546,11.097948631256347,18.503349639323986,355.7990152957945,33.519958779274006,11.098400454295975,18.503349639323986,0.01283936401785013,33.51379099621576,11.098399072162529,18.503349639323986,357.26146907221136,33.56292429806044,11.094457322431433,0.174,normal
35.407545579280054,9.722545054446075,10.510857285542343,335.86381337868073,35.404348260217674,9.723977708478795,10.510857285542343,331.6431739639547,35.40126505187249,9.725641791729212,10.510857285542343,333.4485607083265,35.4255686288706,9.711816378915033,0.039,normal
33.41504497302581,10.428027201108828,3.7634037747761138,263.1119454458017,33.415164902884676,10.429019983476193,3.7634037747761138,231.23863830460587,33.41579098099486,10.42979974382396,3.7634037747761138,270.7345406941453,33.41653788927956,10.422559709669345,0.733,degassing
37.282023641681825,11.56482075342478,17.044258470742097,341.5043357350074,37.276635680780956,11.566623086566823,17.044258470742097,338.71731690925895,37.2713417285718,11.568685269253027,17.044258470742097,337.216708434622,37.315425069093024,11.558128129295845,0.06,normal
32.98554755179393,10.735542903887895,16.2311254744939,344.9768406258412,32.980322097140466,10.73694532430157,16.2311254744939,349.4330688356081,32.975003474615,10.737937500588156,16.2311254744939,348.8929966639552,33.01719016490948,10.72840345914937,0.188,normal
35.51688676809932,9.326487894637545,15.688139093852628,178.46796201134393,35.52211427845809,9.326348082355265,15.688139093852628,174.9606287805061,35.52732344437155,9.325888732258452,15.688139093852628,171.61657321671592,35.485526773578805,9.325939874440701,0.066,normal
37.98327356129662,11.991837527305016,1.30174942024568,107.46048292982674,37.98357360924323,11.990883603183434,1.30174942024568,92.39313191158101,37.98361536513105,11.989884475340848,1.30174942024568,105.38415008125054,37.97873533046176,11.993974963467473,0.758,degassing
33.997197626188935,11.301677525445353,12.039761813843132,282.26584911603504,33.99634501847661,11.305599166333977,12.039761813843132,282.79302925619436,33.995456364231266,11.30951279646503,12.039761813843132,278.0587462275062,34.00143074235367,11.278018612558304,0.106,normal
36.11437831618258,9.717736359391695,9.951858268597071,130.85101831300113,36.116548134442496,9.715227121316357,9.951858268597071,126.96745632731478,36.11854302193677,9.712576685336188,9.951858268597071,123.47462528469735,36.09996187326374,9.731427584430493,0.009,normal
36.966858811572486,9.665094187187783,11.620529446566271,82.10963090678295,36.966327063704796,9.66125734962331,11.620529446566271,83.52050892167247,36.96588994757636,9.657408582576423,11.620529446566271,80.08611207283019,36.97417434279704,9.687122927383752,0.081,normal
34.24824290572628,10.31088289103703,8.850833052911378,114.45158672954364,34.249464097067886,10.308197219776119,8.850833052911378,110.70076401251117,34.25050698281227,10.305437414033197,8.850833052911378,110.2806972464629,34.24119806480599,10.327106204461755,0.099,normal
33.902036813345966,8.892320713372817,14.499491889088485,317.38600070226016,33.89847993486395,8.895593035080369,14.499491889088485,317.13254106559117,33.89493756692373,8.898881059300116,14.499491889088485,315.6593220029331,33.922207464024545,8.871504448787944,0.146,normal
33.02548585807289,10.22662232664463,8.068299569741578,172.27330542634314,33.028150873003014,10.226260738059059,8.068299569741578,170.6046109917399,33.03080422825995,10.225821697328048,8.068299569741578,165.74054748597453,33.0095003174644,10.22867333373896,0.195,normal
34.54726666178207,10.578582586524279,3.016316491792214,355.0317686138303,34.54627041891214,10.578669189896662,3.016316491792214,358.3899054128882,34.54527081373195,10.57869728765004,3.016316491792214,327.0897832605832,34.55294630736229,10.57795606626354,0.827,degassing
34.02016198309375,9.908600795140645,19.431644548639614,51.638699382986005,34.01614210497802,9.903521927930143,19.431644548639614,48.41424203053984,34.011842916374654,9.898677210233535,19.431644548639614,52.88710409583096,34.04641789781374,9.937237739354428,0.183,normal
33.38025230039702,11.657477534804755,11.747109059860499,92.4691790892153,33.380420996584114,11.653565467354298,11.747109059860499,93.62458654914121,33.380668542564436,11.649657596945994,11.747109059860499,92.82449463853142,33.37757368157581,11.680806947556572,0.191,normal
35.83233359009674,10.459188465474236,2.3173653689795763,185.96477045655675,35.83332817607568,10.459292382414587,2.3173653689795763,219.5434370828936,35.83409931821368,10.459929045436134,2.3173653689795763,198.69988787094456,35.82690148115978,10.457398649429665,0.835,degassing
34.75777394339241,9.891644973818567,12.847088451725849,353.7747147240411,34.75351683278727,9.892109344999978,12.847088451725849,352.1430713580789,34.749274670627386,9.892694743588763,12.847088451725849,348.7717763891579,34.783426657515214,9.89218650851816,0.144,normal
34.79081994894307,11.78603901423484,17.018374050128433,2.022500756597708,34.78515069148963,11.785838810269386,17.018374050128433,358.9622951140488,34.77947883051324,11.785941546658169,17.018374050128433,3.3164265159031574,34.82453863873208,11.790530839034096,0.078,normal
32.862888272453624,9.50117505786025,12.294492907691971,18.681476987376,32.85900602453369,9.499862388161123,12.294492907691971,18.44294123450594,32.85511834532259,9.498565892498817,12.294492907691971,15.096214327726667,32.885550829184595,9.510619861771863,0.091,normal
37.460477845433786,10.00382790420488,8.444441857598708,359.2228972617293,37.45766329037684,10.003866080360009,8.444441857598708,354.93427413890043,37.45485947090898,10.004114624076504,8.444441857598708,351.2512807430956,37.477312794934484,10.003296069607005,0.191,normal
33.07628842248585,11.001281449763397,15.828063786174056,73.84455118793748,33.074820399478945,10.9962137768449,15.828063786174056,73.30847718772668,33.0733050269715,10.991160060734813,15.828063786174056,77.59552293418128,33.08485663848559,11.031743615769326,0.056,normal
37.00595178600505,8.704573097457788,14.338882371075318,267.7247920210817,37.006141534514505,8.70934895697531,14.338882371075318,264.2395045558632,37.006621267243816,8.714104448026335,14.338882371075318,265.64041661954457,37.004818657494106,8.675935155964522,0.139,normal
37.946201858800514,7.876847284985912,14.833832476697445,83.4333932095181,37.94563640214503,7.871935112860765,14.833832476697445,82.00161586604816,37.94494838341538,7.867038603242276,14.833832476697445,80.97905430883031,37.95145687669128,7.905980070704637,0.049,normal
35.10673972058294,11.479122529006995,2.9759699785793794,194.49108920619614,35.10770790715138,11.479372758439096,2.9759699785793794,199.89486527863912,35.10864822577868,11.479713053721396,2.9759699785793794,168.2657279745567,35.10172640563388,11.47605835144838,0.735,degassing
35.6767736117828,9.81460697815888,17.499652312326443,358.28163832007397,35.67094301753392,9.814781896360994,17.499652312326443,359.2323672191313,35.665110323616666,9.814860045833836,17.499652312326443,357.93108812487753,35.7115103055848,9.810406697595536,0.027,normal
36.59144706970182,11.0888062441464,8.49439158084588,230.21771614328998,36.59325884446147,11.090982171491786,8.49439158084588,226.47270224975597,36.59520887388181,11.093035113978042,8.49439158084588,222.15119413453712,36.57986453580445,11.076407637960438,0.088,normal
37.98039753996976,11.916930759241536,18.07605048534369,318.6711387904076,37.97587291425213,11.92090978006172,18.07605048534369,318.3205451490297,37.971372720770184,11.92491641246277,18.07605048534369,314.6703463174001,38.00779007084645,11.893342455769691,0.081,normal
32.86984417683004,8.637458533898968,11.629743098608456,144.29213721753666,32.87299197396046,8.635195957109083,11.629743098608456,147.08130448086843,32.876246141155534,8.6330892353973,11.629743098608456,147.74026643335864,32.85025803938131,8.64993392678502,0.177,normal
32.34893957391845,8.769589631550605,9.162067328988268,274.9218490570749,32.34867754837873,8.772632392747095,9.162067328988268,270.20346021894306,32.34866670341294,8.775686395934558,9.162067328988268,269.25877974055186,32.35217744735491,8.751569833829564,0.019,normal
34.00694667699446,9.495821558904812,17.742234372945006,258.72311164906347,34.008103178363335,9.501621457580159,17.742234372945006,257.42509075936766,34.00939076691254,9.50739366996264,17.742234372945006,255.0235102100142,33.99717425204629,9.461836763263621,0.042,normal
33.727584465369986,11.464722579349651,16.561624587211906,318.64489238074316,33.723440586856086,11.468370133274709,16.561624587211906,323.15129820188787,33.71902292858242,11.47168082416202,16.561624587211906,319.26216894156744,33.753209456947,11.44375801950425,0.082,normal
33.88163065170212,8.563054719850355,17.27777040892663,299.43560226236656,33.87880029368054,8.568070506168802,17.27777040892663,298.9474421577724,33.87601277237473,8.57311022480105,17.27777040892663,303.0719145792855,33.898093832795325,8.532757873145629,0.189,normal
33.793348095051094,11.755495452862279,16.078667677704836,94.48722059591566,33.79376740922483,11.750152325034005,16.078667677704836,95.83919275202673,33.794312673367074,11.744820578005053,16.078667677704836,97.95368683098941,33.79147701965568,11.787522806197414,0.132,normal
37.708895516768735,11.08642051462629,19.169004997845434,65.65169436083895,37.706261167634835,11.080599168902015,19.169004997845434,63.2190366939925,37.70338210479774,11.074894884671641,19.169004997845434,62.01477875196929,37.72144900221324,11.122593840356194,0.136,normal
35.11710802594511,7.837963471400558,9.899717828304212,3.5776545905998285,35.1138145510541,7.837757553034712,9.899717828304212,2.038649855331414,35.11051673376178,7.837640163352125,9.899717828304212,359.0640112038956,35.13654563893136,7.841665202435361,0.025,normal
35.22592316433061,8.877139565906655,11.004460527134292,333.1324532259629,35.222650974594444,8.87879731271979,11.004460527134292,336.74583652904516,35.21928081262115,8.880245538682704,11.004460527134292,336.88825480246487,35.245804229911,8.867710136128844,0.128,normal
35.62993885144043,9.174557346038942,15.166044223258744,319.8567860467271,35.62607436457095,9.177816530812647,15.166044223258744,322.456543528917,35.622066022599874,9.180897072777377,15.166044223258744,324.53496310690036,35.654758167436334,9.157219403569863,0.17,normal
32.26869891308905,10.23632545293012,9.276626711129232,146.44920421349596,32.27127594815439,10.234616463118513,9.276626711129232,147.2112344842251,32.273875484086496,10.232941897848999,9.276626711129232,144.58542299994275,32.25379481223221,10.247351427321764,0.138,normal
35.80427848710546,9.472958306831195,3.8498646800193703,50.94900813543866,35.803648475322525,9.472181721257435,3.8498646800193703,66.83805959061348,35.803255144049395,9.471262324439094,3.8498646800193703,37.33619645679975,35.80484550665925,9.478737176919958,0.858,degassing
34.067030634669955,10.16678020332349,0.6656718802017202,14.34955870221058,34.0660618329459,10.166532366240974,0.6656718802017202,21.26395704008751,34.06512991339283,10.166169701179774,0.6656718802017202,51.999571650550614,34.072406251146546,10.16857721212727,0.825,degassing
34.206026448811755,9.388229329245275,18.116764549292284,11.02181890061518,34.200098918524205,9.38707479134129,18.116764549292284,10.15318627553106,34.19415456671698,9.386010246991074,18.116764549292284,8.721047769687484,34.24072953146607,9.398312764887306,0.105,normal
35.26949578425607,9.479911420890167,12.638445546419986,334.8640556152194,35.26568191213868,9.48170088763506,12.638445546419986,334.641946813567,35.26187500558165,9.483505125486598,12.638445546419986,330.92426037289266,35.290217178567374,9.465562901300876,0.095,normal
33.42253009883196,8.461763177103542,10.379685640094205,201.39111482160908,33.42575165012686,8.46302511297426,10.379685640094205,202.02470555159638,33.42895904993964,8.46432259566334,10.379685640094205,198.42284887112248,33.403902943026345,8.452682891371381,0.033,normal
37.11587359284033,8.689935858956588,1.5906154944496438,131.391877366296,37.11653479835824,8.689185654142493,1.5906154944496438,106.70126855891985,37.11682218008472,8.688227838010198,1.5906154944496438,124.32968603900953,37.11075317139434,8.692185692457086,0.895,degassing
36.34248253155037,8.392412289375923,11.266735656557845,77.61324083772347,36.341676923836644,8.388744133644055,11.266735656557845,82.172278845998,36.34116543317059,8.385023549340456,11.266735656557845,78.16811481485986,36.34529273286028,8.414757967860282,0.086,normal
34.155864439454135,11.257419970921827,16.80460400126695,241.94415370712656,34.15849902017793,11.262363266890755,16.80460400126695,240.8216208429873,34.16122993762327,11.26725400104151,16.80460400126695,239.85177323269303,34.14456251769023,11.225801006145087,0.041,normal
36.43755775758511,11.367210946553195,17.308841307587613,124.59705141115279,36.440833752265966,11.362461599029933,17.308841307587613,121.04162495092164,36.44380891513614,11.357518234897922,17.308841307587613,119.46479122152846,36.4183083693789,11.395950009350232,0.031,normal
32.407693600277845,11.356954753525097,16.91637151956438,335.62761221547566,32.402557323894776,11.359281687837266,16.91637151956438,338.73890108461273,32.39730232276089,11.36132641800512,16.91637151956438,342.97874058285333,32.43824391612655,11.342482154067698,0.186,normal
32.03774618770713,11.180467137908959,17.618874372909914,282.5895760159014,32.03646608435792,11.186198889172331,17.618874372909914,286.58961327357366,32.03478926885959,11.191827381591654,17.618874372909914,285.277292217155,32.04612480642934,11.146328298543077,0.035,normal
33.339806441895476,10.911399011193106,17.433831435219744,303.78232269159406,33.336575143956075,10.916229089420598,17.433831435219744,307.76501382354996,33.33301617573609,10.920823073232718,17.433831435219744,309.56043818045447,33.362399172768285,10.884912064318216,0.128,normal
32.79187463197003,10.083077661433423,16.504933893750522,174.52659656301918,32.797351192306415,10.082552894313146,16.504933893750522,177.24691035467734,32.80284648692753,10.08228863936864,16.504933893750522,181.41059501092172,32.76025993054843,10.092365962208559,0.197,normal
33.56791615786329,8.122529448189793,8.972834673071585,86.83368245363417,33.56775095439121,8.119543069253028,8.972834673071585,84.75795384094131,33.56747769155827,8.116564633629203,8.972834673071585,83.02181820630756,33.57030631777167,8.140305447143147,0.178,normal
33.704330106591186,9.601738423538508,10.242921425543928,216.3801208549686,33.707078964040114,9.603763584269009,10.242921425543928,213.51359879319122,33.709925659007645,9.605648742358062,10.242921425543928,214.352837882969,33.689507207455854,9.587625222038897,0.093,normal
36.880263634225386,11.40446360930258,3.0891244248199343,16.2452054784269,36.87930356095822,11.40418386062668,3.0891244248199343,6.365055951562017,36.87830972524024,11.404072997802992,3.0891244248199343,28.83561885654695,36.88407763085644,11.407954176969323,0.972,degassing
37.86325488049326,10.337542628299389,15.311991812684496,356.9985278157359,37.85815788493849,10.337809881841872,15.311991812684496,356.54889085672926,37.853063143623025,10.338117126157941,15.311991812684496,1.3477631747995433,37.89373719262114,10.335873476419133,0.087,normal
34.48106046055474,8.466332823673207,16.87380928422971,179.52609029145813,34.48668487124935,8.466286301509752,16.87380928422971,183.93258290221186,34.49229623087105,8.46667205164827,16.87380928422971,186.58980967786758,34.44743753084322,8.464324149469812,0.029,normal
35.36662088495181,11.668840303421048,19.370465826139338,29.478539157047077,35.36099996267335,11.665662917336421,19.370465826139338,31.20764004868701,35.35547747400911,11.662317372755233,19.370465826139338,30.395458152365695,35.40060066194646,11.687365057857814,0.028,normal
36.891298378595714,11.194422274776446,18.94314220235674,82.62393851375687,36.89048773044535,11.188160146253992,18.94314220235674,82.19399304158307,36.88963011477189,11.181904277056827,18.94314220235674,79.43696389359047,36.90018469990284,11.231194606004722,0.176,normal
36.158209801898884,7.636799621605474,12.11424948718914,130.42124056306162,36.16082810379329,7.633725437028037,12.11424948718914,131.7541758397108,36.16351720889759,7.630712991283385,12.11424948718914,134.94860785525594,36.142717520243465,7.6553398904347585,0.065,normal
32.54105182560217,8.558566323411183,16.52468450449349,188.19346848790272,32.5465038284413,8.559351334617869,16.52468450449349,185.4518531748652,32.55198713952284,8.559874667337631,16.52468450449349,185.57110510887432,32.50819542250612,8.555130377510412,0.174,normal
36.962971011545264,8.136457850314992,12.87725744990591,284.22336355900006,36.961916352668446,8.140618686386333,12.87725744990591,279.5275037535719,36.96120586701004,8.14485189702227,12.87725744990591,277.3048231338386,36.96537417544583,8.110844425547311,0.15,normal
33.75276954390878,9.967456871825737,9.374931352264216,331.5945230506006,33.75002080433777,9.96894344935658,9.374931352264216,326.8139902245336,33.74740551726932,9.970653933362355,9.374931352264216,328.2790034407198,33.76940513882174,9.958876294536914,0.168,normal
32.81350500247908,10.339707034501535,15.66622545650678,246.62473423276182,32.81557686948868,10.344500512986876,15.66622545650678,244.05057235723888,32.817861932871494,10.349196101792492,15.66622545650678,249.0495153051854,32.803527479462765,10.310015553759916,0.199,normal
34.57806250433313,8.37431661753687,17.980527701046448,87.29376505278293,34.577779519895735,8.368329792606874,17.980527701046448,83.82530440545557,34.577134856345225,8.362371054330957,17.980527701046448,84.67054347190204,34.58355671921782,8.409752586706956,0.066,normal
32.124786780879546,8.25825649701002,14.471611016091721,268.8336193165764,32.12488497450956,8.263079367841339,14.471611016091721,271.4363489599928,32.12476405748061,8.267901722465034,14.471611016091721,274.26680067578957,32.123246305671735,8.229386181538473,0.065,normal
34.39651386663813,9.85061227124331,10.003843746628501,114.53891664038953,34.39789876946862,9.847578841078958,10.003843746628501,111.49165456191487,34.39912045788266,9.844476079110828,10.003843746628501,110.57008602991782,34.38630357857169,9.867798493642603,0.158,normal
34.184698202707736,10.291678330056342,1.6758764537980206,325.65693229187207,34.18387252823407,10.292242476902059,1.6758764537980206,306.30750487515405,34.18328040949601,10.293048327632677,1.6758764537980206,282.2826904451583,34.1894313285346,10.288310895143102,0.823,degassing
32.52728889530158,9.434405801831456,12.948594127961442,202.647752423003,32.5312722696323,9.43606781701935,12.948594127961442,206.2235722938071,32.53514423012174,9.437975036857646,12.948594127961442,209.35980100481623,32.50510501569653,9.421235319349247,0.005,normal
33.36971588767258,8.50322247969204,16.776189576317204,346.55389056067605,33.36427710818113,8.504522805954135,16.776189576317204,346.9902003156583,33.35882858444012,8.5057816783814,16.776189576317204,344.1427422699299,33.401355463562645,8.492100128257224,0.008,normal
35.18582598780247,11.77898000321747,10.593719420392537,80.61135245611158,35.185249934951216,11.77549606612193,10.593719420392537,79.79340753639595,35.184624206387426,11.77202070738684,10.593719420392537,77.51966329930386,35.19011767884753,11.799720659381972,0.18,normal
34.31870934962936,9.22056754594135,14.883142667348679,347.68976818216225,34.31386236887952,9.221625265403885,14.883142667348679,345.29145447562985,34.30906389537481,9.222884886329139,14.883142667348679,348.09269096144203,34.3473297477796,9.212507625394418,0.199,normal
33.76272937671657,10.291788040248246,17.09146490685137,98.38338000378701,33.763559999467546,10.28615176128196,17.09146490685137,97.52924036031985,33.764306509930464,10.28050372650259,17.09146490685137,96.60540702261842,33.75368659164276,10.324699115528938,0.008,normal
37.30851765002414,8.109354940358294,19.887644488975248,145.85384636330676,37.314004044252904,8.1056339233435,19.887644488975248,142.03269358482456,37.3192302648393,8.101555552634492,19.887644488975248,140.5586684987628,37.27478153699183,8.13038148261479,0.16,normal
32.0582159364228,7.537648068124176,9.370895508766852,201.0699662276091,32.06113072883386,7.53877103786949,9.370895508766852,198.26168552861625,32.06409703969109,7.539749851307654,9.370895508766852,198.15804003765436,32.04080297949384,7.530793486910453,0.197,normal
35.83142971545702,10.113153453863426,16.712471086117894,179.1176026046849,35.8369998785137,10.11306766244836,16.712471086117894,178.95270850260505,35.84256977160014,10.112965840787801,16.712471086117894,182.71647941692436,35.79802006856412,10.113628871539772,0.181,normal
33.78786402006588,11.29320900494908,19.66913107304724,152.97106822047792,33.793704291010314,11.290229522614675,19.66913107304724,150.98189471669244,33.79943762285121,11.287049116086003,19.66913107304724,155.05703116416876,33.754068341748614,11.313287962488452,0.04,normal
33.05062495835264,11.934290774607012,2.327152400670457,180.20619082867708,33.051624951877294,11.934294373308092,2.327152400670457,210.73364950403624,33.052484504161505,11.934805421124555,2.327152400670457,204.50067097418744,33.045191981831906,11.932752736218553,0.951,degassing
37.723699848731194,11.76558661300633,16.162596901321365,246.64082032921425,37.725835972620466,11.770532568830836,16.162596901321365,243.5157631885935,37.72823855117451,11.77535471778954,16.162596901321365,248.257435486708,37.70880479787609,11.736919499934434,0.092,normal
33.48921027057864,9.622288090836296,18.09123616847321,175.84506429030625,33.49522483333738,9.621851164769085,18.09123616847321,175.4388236896962,33.50123614703338,9.621371605371968,18.09123616847321,176.14467497561657,33.453151757001734,9.624625999463245,0.009,normal
32.08359919998027,10.433934814094588,16.403450646706624,84.49087254393405,32.083074265927344,10.428492253511761,16.403450646706624,84.37461464045107,32.08253828955439,10.423050769267062,16.403450646706624,88.06721512783396,32.09266710104822,10.465318276466808,0.125,normal
37.28223870372172,7.620199449391286,19.998658163521597,124.23253594227332,37.28598880512111,7.614688077473049,19.998658163521597,126.70687896602713,37.28997334713523,7.609343743476704,19.998658163521597,131.44350164399242,37.263637457814006,7.655585688376297,0.123,normal
33.811638624243166,10.225142146031255,17.9423702299095,111.27735620246106,33.81380895122588,10.21956903821524,17.9423702299095,114.80220304599914,33.81631781483231,10.214139908142648,17.9423702299095,118.03465797120764,33.79412173594213,10.256416833176464,0.039,normal
32.61328548429692,8.5759827908812,14.004831100747836,64.00851057290083,32.61123966959938,8.571786667350414,14.004831100747836,62.78942964120479,32.60910504388059,8.567635019062932,14.004831100747836,62.50396499844879,32.624103015649936,8.601782033656498,0.169,normal
33.53130979909185,10.104706780440083,15.882369020987264,173.87708417444517,33.536573721051965,10.10414209998973,15.882369020987264,174.63806482966675,33.541844678386894,10.103647380688937,15.882369020987264,175.41592613768222,33.499611093146946,10.104640623190171,0.129,normal
37.09365273300189,10.283376079258826,10.293198492673191,15.858076455089172,37.09035224803804,10.282438521779694,10.293198492673191,17.52927244822554,37.08708050962247,10.281405108617706,10.293198492673191,15.098308596745998,37.11300561108996,10.290373413115518,0.046,normal
34.76448990292862,10.92742905695069,10.78425821152501,179.04133001333634,34.7680841524875,10.927368912542281,10.78425821152501,181.51346201777875,34.77167765118418,10.927463856517475,10.78425821152501,177.84180062364996,34.742954554882495,10.92796675756511,0.127,normal
32.05547435230368,8.695180495500715,10.462919457023732,43.47660585390514,32.05294352774364,8.692780795820875,10.462919457023732,39.539975741283904,32.05025392758048,8.690560506995194,10.462919457023732,44.399619093795586,32.06908315300857,8.711053655013055,0.013,normal
37.16398367780088,11.5420679101218,11.416704902466492,21.461174263047294,37.16044196587961,11.540675564346149,11.416704902466492,23.31272141051881,37.15694708974797,11.539169512913855,11.416704902466492,24.344928536785208,37.18511224096681,11.5506661537594,0.036,normal
32.6866248383862,10.109935290706149,9.846117191257033,215.99283039316342,32.68928030514301,10.1118640925932,9.846117191257033,213.99006087835636,32.69200155716951,10.113698913517503,9.846117191257033,210.88700613915026,32.67107193760425,10.097885280248244,0.025,normal
34.92279229596619,8.731600096572102,18.037783405648035,135.13322074998294,34.92705371622947,8.727358447177949,18.037783405648035,138.96387140537345,34.931588990645736,8.723410969728684,18.037783405648035,140.666714992272,34.89587538619347,8.755533649038863,0.182,normal
35.85576682088958,10.112912476041995,14.05262844581641,35.0575737342029,35.851932442839534,10.110221869523004,14.05262844581641,39.30225519947593,35.84830772997312,10.107254838160388,14.05262844581641,42.785676693200855,35.87922729579509,10.128358566187272,0.124,normal
34.46567893941115,9.777574506862198,11.292705565838055,67.81564618645045,34.46425760960686,9.774088923963651,11.292705565838055,64.55299133679937,34.4626402075769,9.77068988333008,11.292705565838055,63.81820074571202,34.47211371802492,9.799198756926241,0.008,normal
34.839985209196975,9.41244979561183,3.0088373648804803,340.6678067468552,34.839041594103215,9.412780840253582,3.0088373648804803,347.13148297408395,34.83806671038436,9.41300355472262,3.0088373648804803,351.839556223436,34.842955504550545,9.416865162479517,0.979,degassing
32.95041156635259,8.063143523069057,3.3810721940429587,2.3739918479300783,32.9494124246169,8.06310210094934,3.3810721940429587,10.557102289714237,32.94842935181773,8.06291888558009,3.3810721940429587,33.5933068190689,32.95558592536649,8.060460148811144,0.949,degassing
35.78324604474869,10.580698241745074,8.102991754117038,182.18791689636188,35.785945072945495,10.580801357916302,8.102991754117038,180.88957964017246,35.78864574465277,10.580843292167833,8.102991754117038,183.7653217663574,35.76706316776917,10.581449750636109,0.108,normal
35.60646318755592,11.352129250091958,3.803315592650751,23.774785152533454,35.60554805038361,11.35172610749205,3.803315592650751,32.81573534728844,35.6047076325831,11.35118416845435,3.803315592650751,4.068664293367874,35.612118128818544,11.351261864526839,0.967,degassing
37.0709510176999,9.282500856077817,1.858579434672333,46.7117711399083,37.07026534887883,9.281772942437467,1.858579434672333,35.85290673368697,37.06945482555353,9.281187236078319,1.858579434672333,73.0573919289153,37.07579986249994,9.28557223496659,0.839,degassing
35.207137058039905,11.522869506665558,11.956618359371717,313.524298683134,35.204392367913975,11.52575935109823,11.956618359371717,316.32019840162843,35.201509983308384,11.52851187425306,11.956618359371717,311.62296611202294,35.22302790701864,11.505009239950502,0.156,normal
36.17918682842875,10.147593072392107,1.2852450758371945,32.21710128490197,36.17834079434988,10.147059943573348,1.2852450758371945,61.0249239279732,36.177856365239094,10.14618511305455,1.2852450758371945,27.325702168782733,36.18364477071749,10.151194944311102,0.753,degassing
36.03041471842145,7.98721326364571,17.1539296360632,267.91901882980534,36.03062234951959,7.992927469198568,17.1539296360632,270.20344795454525,36.0306020459615,7.998645409696575,17.1539296360632,272.1926221677034,36.02797476422002,7.953046790680999,0.019,normal
32.598803563034075,11.506000950364005,14.966781215012482,178.61352507358166,32.603791029494154,11.505880237332322,14.966781215012482,174.20963830686227,32.60875450153559,11.505376909784623,14.966781215012482,176.89488931820523,32.56896398001998,11.507971685576033,0.049,normal
36.04802708935793,8.861590733943252,19.09198588316147,94.49827170877613,36.04852621129956,8.855246341663895,19.09198588316147,93.94069839458388,36.04896357019096,8.848897392671574,19.09198588316147,98.18749741319331,36.03665094278444,8.897910435387606,0.007,normal
32.10744858516242,8.567530486391819,14.346708146637662,330.74513622812185,32.10327630167985,8.569867542695851,14.346708146637662,331.4664996938168,32.099074925718895,8.572151885415742,14.346708146637662,327.7490531114366,32.13230638191208,8.553221154270027,0.007,normal
36.47084265638146,9.321032224045457,10.287151284699927,311.49961810749403,36.46857051593924,9.323600446125068,10.287151284699927,309.9020183778584,36.46637086013605,9.326231016631038,10.287151284699927,305.9158385806065,36.48391374108593,9.305174232463255,0.126,normal
36.176371147744035,8.520427533905703,11.19844813339712,220.31194791119523,36.17921754479506,8.522842474784843,11.19844813339712,222.99979984017787,36.18194756252016,8.525388239668425,11.19844813339712,222.61817508339288,36.158824767637284,8.506518547267303,0.04,normal
35.42517143369013,11.312634811578937,19.69384110438419,263.5029729059232,35.425914230628734,11.31915726554638,19.69384110438419,263.59670722893543,35.42664635602238,11.325680925980324,19.69384110438419,261.8184317226309,35.42249822606627,11.273365888934343,0.19,normal
32.42857557858426,9.312765989581628,1.5100513168774135,199.50901643206595,32.429518167533686,9.31309994477685,1.5100513168774135,174.46397206285192,32.43051350326687,9.313003473132092,1.5100513168774135,182.77074859330284,32.422851906253975,9.313716301189814,0.957,degassing
35.51322919128668,8.395621352649417,15.543588914836544,347.3214586465722,35.50817432905902,8.396758525903465,15.543588914836544,350.760023799094,35.50306036150613,8.397590470023237,15.543588914836544,348.2401957872077,35.543633653873826,8.389208826015349,0.059,normal
33.72089385493804,10.62438844010968,12.502473725823133,148.41842011105226,33.72444412133648,10.622205874703615,12.502473725823133,152.87037415870364,33.72815309326341,10.620305477245994,12.502473725823133,149.16177454694935,33.70061675867349,10.63895450204949,0.071,normal
32.42433356140249,8.464139607851019,17.080009001099278,246.8268649744703,32.42657395130745,8.469373605527975,17.080009001099278,248.06439483491948,32.42870077847178,8.474654768735233,17.080009001099278,250.225410667512,32.412129459811304,8.432243661541504,0.102,normal
32.43304561209764,11.306645945128931,2.741516470482804,267.7143869101922,32.43308549299224,11.307645149569597,2.741516470482804,299.2359312870266,32.43259708600282,11.308517765529047,2.741516470482804,261.7906395383984,32.432631863657846,11.301079730945979,0.88,degassing
37.95399525824661,11.29141761612422,11.739575746031813,29.49864527937821,37.950589343813334,11.289490748759942,11.739575746031813,28.984369987683646,37.947166271639496,11.287594529400526,11.739575746031813,29.91383738957375,37.975675473607495,11.300300028578105,0.158,normal
35.022730126143486,8.697967657065426,1.824494831098567,30.785176113794705,35.0218710337967,8.697455836452624,1.824494831098567,355.4094052231515,35.02087424176685,8.697535871752516,1.824494831098567,358.5977768372314,35.024373252521414,8.702902691252259,0.708,degassing
34.14256431845806,8.081975608800954,13.80200554440961,10.846776306549735,34.138045845739136,8.081109840314902,13.80200554440961,11.201068865707356,34.133532812912726,8.080216148258948,13.80200554440961,8.69161495069364,34.16986645524473,8.085715829346919,0.198,normal
36.62577134285408,10.538699975516094,17.749011201163302,23.558908531876305,36.62034813474896,10.536335264510594,17.749011201163302,24.687713685726628,36.61497256412676,10.533864174715227,17.749011201163302,26.37719400942555,36.66008075352748,10.547565122285025,0.162,normal
35.31669205637627,11.271168739033063,9.655365731428962,336.30525300931214,35.31374491870866,11.272462119767631,9.655365731428962,332.8078463150861,35.31088217047984,11.273932876965414,9.655365731428962,337.3275928913698,35.334718797685845,11.264482386904138,0.009,normal
32.92102732244645,8.665641664836922,19.50268113490469,207.18002116194106,32.92681035957044,8.668611193532278,19.50268113490469,206.91467278515992,32.932607087117695,8.671553908060195,19.50268113490469,208.5458417321964,32.886305049946806,8.647973146534,0.009,normal
35.65776680635591,11.73366283887611,3.5752459278899082,50.63909114482127,35.657132603202705,11.732889672425427,3.5752459278899082,42.161825671302864,35.656391351225125,11.732218445559354,3.5752459278899082,32.997351359300666,35.6538789652667,11.736246874140045,0.81,degassing
36.51722213295884,10.63997066009963,17.637976832990862,343.34855090648193,36.511589353030885,10.64165537370239,17.637976832990862,345.935538926595,36.50588627233943,10.64308412849831,17.637976832990862,350.2461052389728,36.551236929628296,10.63072754307216,0.059,normal
37.65523003807183,9.584320055686135,11.218913210535506,268.6688298100819,37.65531691439116,9.588058684165668,11.218913210535506,266.3503255087808,37.65555496390504,9.59179073759934,11.218913210535506,267.39303251733304,37.653936377649266,9.56195579911681,0.012,normal
34.97706211434794,9.42947643243073,17.275920247916357,14.765192166984953,34.97149363379559,9.428008794893916,17.275920247916357,14.316364262702642,34.96591382743747,9.426584822770856,17.275920247916357,14.606281930463963,35.00922158457324,9.441968654157158,0.03,normal
36.40125842785666,10.641405400545667,18.830054893751925,334.15580863913726,36.39560951924373,10.644141566773685,18.830054893751925,333.28166167863486,36.39000301142558,10.646963595162921,18.830054893751925,337.1633872116595,36.436467361788424,10.628201590703558,0.078,normal
37.46342480620055,9.975026537518316,17.63650818642806,91.13434830779642,37.46354118845694,9.969148853568328,17.63650818642806,93.10109320437437,37.463859220936996,9.963278626248439,17.63650818642806,95.1427149470094,37.46238159342821,10.010246849466286,0.147,normal
36.78853659722437,9.543166498896767,0.7296970687667607,233.32754654079753,36.78913383682634,9.543968561773259,0.7296970687667607,227.07832501364229,36.78981483476747,9.544700847103014,0.7296970687667607,209.71175212575173,36.783790958996704,9.540600020622389,0.748,degassing
37.79458193973811,8.463015048361674,12.731502149511783,327.52634114871205,37.79100167847791,8.465293612986896,12.731502149511783,324.7403718762939,37.78753639887634,8.46774350374477,12.731502149511783,323.54546189509813,37.81738227700667,8.451763553941866,0.1,normal
37.02755106059152,10.537315571949831,19.647496243743568,168.19478201025018,37.03396170304331,10.535975709649865,19.647496243743568,172.11761432152957,37.04044898978654,10.535077556913041,19.647496243743568,171.3081506542363,36.988449667899424,10.540369784029131,0.057,normal
34.48372122713805,8.18759273242887,9.215627898548124,11.075575150006095,34.48070656594981,8.18700261390541,9.215627898548124,14.24959673430062,34.47772920349063,8.18624648247615,9.215627898548124,11.370448469607553,34.501645143497626,8.191872011938557,0.035,normal
34.27279784695876,8.436612634545096,0.7279582319834155,155.90564463256362,34.27371072135923,8.436204394016768,0.7279582319834155,171.53910480053136,34.27469983787327,8.436057259650779,0.7279582319834155,170.21054935109274,34.27210897947399,8.440971106638699,0.997,degassing
35.50967689182469,10.36982366743661,2.1403951780510986,273.4521429002395,35.50961667701238,10.370821852878487,2.1403951780510986,263.9598815938292,35.50972190181249,10.371816301339415,2.1403951780510986,298.12754435880714,35.51350528910874,10.365621666639745,0.846,degassing
32.24997795977308,9.429528099577052,12.719888151936832,258.9327830895465,32.2507918649922,9.433689210262731,12.719888151936832,254.8860597535495,32.251897390342016,9.437782509365547,12.719888151936832,254.39956214783606,32.2423035064282,9.405278590173198,0.025,normal
32.3248184694448,10.957254281392732,12.157547687385708,340.946186047187,32.32098798127019,10.958577249808773,12.157547687385708,339.47909680754634,32.317192620360444,10.95999785554241,12.157547687385708,335.4556039140949,32.346617170463716,10.946549388062328,0.076,normal
35.306378656441765,11.332353417164278,19.092842712960234,60.182609398598416,35.303214098428555,11.326831674322554,19.092842712960234,60.89204977760984,35.30011815186231,11.321271171981214,19.092842712960234,57.54605954266597,35.321779961922125,11.36711271820272,0.016,normal
32.64974591620473,8.574624666724871,16.35762178983973,99.32723179009344,32.65062962494421,8.569244215273415,16.35762178983973,100.35479211308223,32.651609681086114,8.56388047693934,16.35762178983973,95.55658401926519,32.646016388649045,8.607106876987324,0.045,normal
36.21773443393264,8.251232564247703,3.857889692729927,327.50226314817763,36.21689102126448,8.251769830542186,3.857889692729927,337.40997795399386,36.215967744137046,8.252153965083668,3.857889692729927,14.327855423549522,36.2165479747304,8.245742480827627,0.778,degassing
37.36798617872184,9.887856376245585,11.193206971573222,25.1726389171155,37.36460944832227,9.88626937668016,11.193206971573222,22.639952582377436,37.361165887964006,9.88483314276082,11.193206971573222,20.918486101863426,37.388319938226154,9.897169811893116,0.134,normal
34.20070990435964,9.44389666051577,17.973585274397017,133.8716974014356,34.20486207701776,9.439577646642071,17.973585274397017,136.64652106927133,34.20921846853978,9.435464707117735,17.973585274397017,139.78825432171044,34.17354925917612,9.467407696182851,0.153,normal
32.62076919027343,9.013475667861794,16.47680911462839,292.93396208117264,32.618629018006985,9.01853379885862,16.47680911462839,294.14909033390865,32.61638206228012,9.023545407030914,16.47680911462839,294.5536843417852,32.63303153570696,8.982918407071827,0.004,normal
35.07767034870985,9.26477283058628,18.05150096296883,323.2817558666936,35.072847076058665,9.268370376901428,18.05150096296883,318.8621669549311,35.06831537216486,9.272328906726534,18.05150096296883,323.0376340287932,35.10398046494938,9.24007307912663,0.11,normal
34.10841095214142,9.3479698181383,1.1501848545755644,335.52117897100067,34.10750083764435,9.348384174992022,1.1501848545755644,301.6120594035181,34.10697667248166,9.349235791620687,1.1501848545755644,300.76198130380584,34.11366985704953,9.34955190474607,0.889,degassing
33.084117444009465,10.123340610043362,11.256168418061883,251.3304729120103,33.085318511582166,10.12689523547492,11.256168418061883,249.1600001900826,33.08665334121387,10.130401822865418,11.256168418061883,251.52342009334774,33.07947125981534,10.101380051662344,0.14,normal
35.250167752897035,7.813964510012849,19.25592317230823,65.81496632625071,35.24753813345381,7.808109251298838,19.25592317230823,67.44037122889877,35.24507565568095,7.802181759734746,19.25592317230823,64.4038731084457,35.269698322712905,7.846967863928515,0.102,normal
35.845247846267426,9.998851759124939,19.464104335178376,40.35420596893192,35.84030359992792,9.994650685045624,19.464104335178376,40.40994831330626,35.83536344309987,9.990444802760072,19.464104335178376,45.38893249591139,35.87564317623673,10.023117500186142,0.198,normal
36.46917483033415,9.43406085240045,12.488527975718284,201.31089275039483,36.47305302676797,9.435573747446607,12.488527975718284,201.38593509295768,36.47692923838298,9.437091720607011,12.488527975718284,201.60416229870089,36.44620755507071,9.424355627326246,0.108,normal
37.44590210644837,11.534278506510976,0.7432679835688143,359.9814304475003,37.44490210650089,11.534278830610802,0.7432679835688143,348.0272462797718,37.443923860141,11.53448627713247,0.7432679835688143,314.89337288509154,37.450283190909055,11.530544856627799,0.743,degassing
32.23163448045491,8.252181919216621,8.198662507638423,59.23373817781666,32.23023650742365,8.24983365485641,8.198662507638423,55.889811644755,32.22870394173951,8.247570931602148,8.198662507638423,55.39382543595105,32.24020577337674,8.266143833026206,0.169,normal
36.80846696796501,8.618195434064736,0.7398309258655525,48.94619988518164,36.80781020056125,8.61744134084944,0.7398309258655525,70.56363924240074,36.807477440913104,8.61649832917583,0.7398309258655525,63.03597424273241,36.81402046343898,8.619738106977389,0.974,degassing
32.244404141379945,8.135895287133243,2.1416096862184304,126.64676451559296,32.245001021311666,8.135092956561031,2.1416096862184304,107.32005584861004,32.245298730372554,8.134138299913296,2.1416096862184304,75.59653388733864,32.24264082690407,8.141530595534023,0.965,degassing
34.21884511020984,9.1644773524104,17.22036498072545,304.1516217988457,34.21562269301769,9.16922761809919,17.22036498072545,299.99800227673086,34.2127528055156,9.174198809344729,17.22036498072545,304.34161214708826,34.23442193572832,9.133829761936067,0.024,normal
33.510911745916985,11.745694946621347,10.462159001248875,238.0793623623129,33.5127556808499,11.748654974898916,10.462159001248875,235.90256157811177,33.514710716509576,11.751542828601965,10.462159001248875,239.15049240487969,33.50235646078519,11.726641960378693,0.178,normal
33.653435084287345,8.971230382127448,15.221823975603145,35.5300141477791,33.64930585396856,8.968281765918777,15.221823975603145,33.041071957119186,33.645052470774566,8.965515249702195,15.221823975603145,30.17965771330814,33.678569580141776,8.9883778113219,0.1,normal
35.078934511018346,11.952600263914706,13.399355750730493,36.092680233947156,35.07532532688234,11.949969107781271,13.399355750730493,39.193919950255015,35.07186377504438,11.947146546604053,13.399355750730493,41.946864749873754,35.100528989953446,11.968435790072188,0.104,normal
34.88052692028488,11.016647920926356,2.532250722414703,113.47386283236807,34.880925250968204,11.015730679046193,2.532250722414703,108.69009018950783,34.881245700125625,11.01478341332977,2.532250722414703,141.48900425306533,34.876586607419306,11.01990544238187,0.89,degassing
34.04509091017306,10.198571532661479,3.411392349867035,106.51025391193491,34.04537509710793,10.197612763770636,3.411392349867035,144.51210333653813,34.046189335277596,10.197032232804144,3.411392349867035,165.4124203202099,34.04077699164432,10.202192782469986,0.749,degassing
33.62409029950842,9.333935223780689,13.568468700588827,328.6143707274904,33.620229249504824,9.336290689733811,13.568468700588827,326.4664669935267,33.61645919325419,9.33878920986652,13.568468700588827,330.8433515148677,33.64906502459502,9.323368006576917,0.113,normal
36.34668226217411,11.849185590267268,15.229607486230243,124.44054839358616,36.34955330105894,11.84499890282463,15.229607486230243,125.82740453857235,36.35252482866201,11.840882929097225,15.229607486230243,122.57431259236147,36.326453749544974,11.871907706721956,0.037,normal
33.30422935729527,9.108790438088104,13.955374975648244,152.0399250956266,33.308338166328895,9.106609416776944,13.955374975648244,147.75243182970115,33.31227242130755,9.104127320203988,13.955374975648244,150.8010839677452,33.2783293903204,9.119103787076101,0.055,normal
32.65815865045543,9.183697267189448,11.79611856486701,223.5485879945334,32.66100855484098,9.186406322337058,11.79611856486701,221.21060293953664,32.66396660065449,9.18899686277581,11.79611856486701,222.658188659407,32.642381432313655,9.1661905268682,0.139,normal
33.834511587497545,9.38028277932497,2.5791389686660597,153.90537625573808,33.83540965635032,9.379842924421999,2.5791389686660597,176.56359549692328,33.83640785829476,9.37978298380037,2.5791389686660597,204.60412597583775,33.829406190576314,9.382751029352521,0.895,degassing
36.36849152892459,10.77505660597783,8.429519357808896,324.3929960074214,36.36620704602234,10.776692557533337,8.429519357808896,325.1124760281886,36.363902200645995,10.778299693935068,8.429519357808896,326.5737944639847,36.382902104746584,10.76633822038969,0.116,normal
33.46572209381684,11.224758532747085,3.46362185958846,340.48271081698823,33.46477955309594,11.225092624036174,3.46362185958846,326.3056582769831,33.46394754418389,11.22564738630082,3.46362185958846,298.51868966956505,33.469484109421494,11.228873604886397,0.893,degassing
33.449601311966916,7.6588492512267425,2.294074507414639,326.4950729009502,33.448767473611255,7.659401259919275,2.294074507414639,299.98019385708614,33.44826777301087,7.660267458112516,2.294074507414639,293.00503632202185,33.44833471998072,7.653335610397333,0.955,degassing
37.725642951915084,11.454660594128509,9.7617024962423,87.15353925025654,37.725481364245546,11.451410707968954,9.7617024962423,87.17534593509033,37.725321013489314,11.448160760544765,9.7617024962423,84.29926304589495,37.72683908516401,11.474134438969427,0.004,normal
35.65716179945851,9.075076995508896,9.05057837950411,234.79898309685257,35.65890085849755,9.077542175960527,9.05057837950411,234.0500001145411,35.66067199341214,9.079984413073246,9.05057837950411,230.37740616143967,35.647221735571115,9.059959516290396,0.081,normal
34.018156706458406,8.712166362735148,15.718154017820716,98.51755232505667,34.018932724218764,8.706984765666371,15.718154017820716,100.26901808478128,34.01986675019681,8.70182930766345,15.718154017820716,96.98420065188492,34.016692923043905,8.743554875993365,0.054,normal
36.01207390871921,11.164438660643835,11.413101047057209,57.19797637686125,36.01001293892959,11.161240909572173,11.413101047057209,54.74922805313126,36.00781722494753,11.158134134958683,11.413101047057209,56.089513872344995,36.02005106442063,11.185718911881354,0.118,normal
34.93998682929379,10.759255467362943,13.940503573457963,33.16689433284871,34.93609705445999,10.756713278770343,13.940503573457963,34.3027028343944,34.93225843591752,10.754094485387247,13.940503573457963,38.325498369768454,34.964991538549256,10.771271726685423,0.091,normal
33.532012875816086,9.193654521299004,11.854036928849563,84.53726538202268,33.531636714337246,9.189721121378847,11.854036928849563,87.88372359907571,33.53149080065266,9.185772470775577,11.854036928849563,88.60357450129935,33.53458540568084,9.217203252896683,0.115,normal
37.49044945224915,7.91792058557108,9.294432336671017,51.989165117929346,37.48854158263446,7.915479575437251,9.294432336671017,53.3012405167001,37.48669010758617,7.912995518858658,9.294432336671017,52.752409880991934,37.50134426671232,7.932945842795631,0.087,normal
34.31205418736119,9.147224438695964,15.17037518548704,240.24560089053708,34.31456378794777,9.151614546608219,15.17037518548704,238.2351010625989,34.3172258602411,9.155913908617917,15.17037518548704,239.45676011613912,34.297606156979505,9.120570245121094,0.14,normal
35.683267900059896,11.471098004906137,9.074118973968758,4.624508023764415,35.68025304071954,11.470854137097076,9.074118973968758,3.6887504375365925,35.677234600771435,11.470659538458651,9.074118973968758,4.384221294784537,35.70136033967377,11.47231789608561,0.104,normal
